customer_id,customer_name,email,country,signup_date,customer_segment,lifetime_value
1,Justin Taylor,darrell74.1@example.com,BO,2022-09-14,Premium,28034.81
2,Kathryn Long,calderoneric.2@example.com,NI,2022-03-08,Basic,5037.91
3,Shannon Stewart,warrensabrina.3@example.com,MR,2022-11-05,Standard,23224.73
4,Timothy Lang,victorsmith.4@example.com,CM,2021-02-21,Standard,4729.59
5,Yvonne Bauer,stewartkelly.5@example.com,AZ,2020-04-07,Standard,23295.88
6,Jose Villegas,williamswilliam.6@example.com,SR,2023-12-28,Premium,9018.89
7,Joseph Hardin,rosescott.7@example.com,VC,2024-08-19,Basic,29839.97
8,Felicia Mosley,michaelroberts.8@example.com,JO,2024-01-27,Basic,30440.06
9,Valerie Lopez,shirley79.9@example.com,PY,2023-09-06,Basic,44373.41
10,Connor Miller,cgriffith.10@example.com,AO,2025-11-20,Standard,14762.84
11,Brent King,boydalan.11@example.com,KW,2024-01-27,Basic,2868.57
12,Anne Cisneros,julie04.12@example.com,LA,2023-07-27,Standard,22487.54
13,Michael Sanchez,huntjorge.13@example.com,AR,2024-05-18,Standard,38641.70
14,Andrew Parks,fwise.14@example.com,TL,2023-05-19,Premium,1336.69
15,Michael Friedman,wangkatelyn.15@example.com,KI,2026-07-13,Basic,36847.23
16,Stacy Chandler,tkrueger.16@example.com,BA,2023-06-01,Basic,41996.96
17,Crystal Holland,greenjessica.17@example.com,ZA,2022-10-09,Standard,2446.56
18,Paula Brady,markcruz.18@example.com,IT,2021-04-02,Basic,2310.35
19,Michael Hubbard,danielsamy.19@example.com,GM,2021-11-08,Standard,42579.23
20,Dana Davis,patricia29.20@example.com,DE,2020-10-18,Standard,47937.13
21,Brian Cochran Jr.,darren81.21@example.com,BO,2020-05-07,Premium,41617.53
22,Diana Pope,shiggins.22@example.com,ST,2020-06-27,Premium,24388.54
23,Vanessa Rodriguez,barbara14.23@example.com,LT,2025-05-13,Premium,25934.55
24,Dustin Cook,connie09.24@example.com,PH,2026-08-23,Standard,2069.60
25,Todd Zamora,jeffreyjacobs.25@example.com,AE,2024-09-05,Premium,8771.70
26,Jennifer Franklin,xbentley.26@example.com,FM,2025-08-29,Standard,36084.30
27,Emily Williams,holly19.27@example.com,UY,2022-12-07,Basic,20194.09
28,Christopher Bird,jermaine43.28@example.com,CL,2025-10-13,Premium,27226.76
29,Cole Coleman DDS,mariahnewton.29@example.com,KP,2023-08-13,Premium,42275.47
30,Joseph Li,carneycheryl.30@example.com,RW,2024-09-29,Standard,24931.68
31,Miss Haley King DDS,edwardmorgan.31@example.com,BO,2020-05-11,Premium,18476.13
32,Whitney Kennedy,sandra41.32@example.com,JM,2021-07-15,Standard,34116.16
33,Zachary Fox,longrichard.33@example.com,MW,2020-02-17,Basic,35641.35
34,Bryan Ruiz,martineztyler.34@example.com,MK,2024-05-19,Basic,15194.75
35,Candace Schmidt,amanda14.35@example.com,KW,2024-01-21,Standard,43856.51
36,Michelle Johnson,lhiggins.36@example.com,GB,2025-03-04,Basic,9034.80
37,Jamie Meyer,vrodriguez.37@example.com,FI,2020-03-13,Premium,34083.98
38,Paul Singleton,wilsonjacob.38@example.com,HT,2023-06-03,Standard,1633.06
39,Mark Roach,kimberlymiller.39@example.com,PA,2023-08-24,Basic,15599.20
40,David Fowler,nicholas95.40@example.com,EG,2022-02-19,Premium,12115.41
41,George Roberts,michael35.41@example.com,NR,2023-04-18,Premium,22266.28
42,Michael Gonzalez,lisagomez.42@example.com,MN,2025-03-29,Basic,7779.03
43,Dennis Walker,dmckee.43@example.com,UG,2025-06-22,Premium,16307.64
44,Bradley Spencer,not-an-email,DE,2021-11-10,Basic,1627.55
45,Sabrina Harding,christian48.45@example.com,FM,2020-09-20,Standard,22471.16
46,Madison Rivera,dennis79.46@example.com,PE,2022-05-20,Basic,14792.13
47,Tabitha Bishop,jfry.47@example.com,KN,2025-08-25,Premium,3892.78
48,David Johnson,bondkelly.48@example.com,VC,2024-05-17,Standard,30472.09
49,Alan Mclaughlin,christophermathews.49@example.com,AG,2022-05-23,Basic,35910.09
50,Robert Glenn Jr.,xoliver.50@example.com,NG,2026-05-06,Standard,48736.47
51,Eric Miller,jermaine01.51@example.com,NP,2024-02-18,Premium,3987.03
52,Maria Flores,usmith.52@example.com,VU,2025-05-18,Premium,31726.70
53,Terrance Christensen,snash.53@example.com,NE,2025-08-11,Standard,2022.33
54,Thomas Moore,bgibson.54@example.com,KI,2020-09-17,Premium,29110.02
55,Paula Brown,elizabethanderson.55@example.com,CM,2020-02-25,Premium,34593.46
56,Jeffrey Jones,oknight.56@example.com,NZ,2021-03-09,Standard,5216.42
57,Andrea Cruz,gabriella80.57@example.com,BT,2021-12-22,Standard,38450.04
58,Tim Jones,thomasshort.58@example.com,NE,2023-01-26,Premium,35719.11
59,Tiffany Gomez,kevin39.59@example.com,SB,2025-01-11,Premium,40073.61
60,Kristy Tran,holly02.60@example.com,EE,2022-07-30,Basic,15932.21
61,Manuel Howell,leecody.61@example.com,MM,2026-06-11,Basic,12546.08
62,Ryan Stanton,carlsonstephanie.62@example.com,BE,2020-05-26,Premium,5862.15
63,Matthew Lewis,ygarcia.63@example.com,SA,2021-01-20,Premium,9170.98
64,Nicole Morris,patricklynn.64@example.com,MA,2021-01-27,Basic,33000.97
65,Jennifer Brown,jeremy78.65@example.com,CG,2021-02-27,Standard,36710.17
66,Melanie Wu,wangrachel.66@example.com,BT,2022-08-16,Basic,41791.54
67,Curtis Jarvis,imurray.67@example.com,KP,2021-04-09,Standard,19293.01
68,Anthony Cox,lucasandrews.68@example.com,ZW,2022-11-28,Premium,8142.89
69,Renee Price,brian35.69@example.com,GW,2025-07-30,Basic,6662.98
70,David George,coxlisa.70@example.com,GH,2022-04-18,Premium,15999.77
71,Rebecca Patel,clarkvincent.71@example.com,BA,2021-07-30,Premium,38648.61
72,Sherri Ward,thompsonbradley.72@example.com,VA,2022-02-04,Basic,12676.61
73,Kristin Jackson,xfrench.73@example.com,SI,2021-04-24,Basic,46154.34
74,Gloria Baker,alejandroedwards.74@example.com,AR,2022-07-05,Premium,22733.77
75,Mrs. Kendra Williams,stephaniepearson.75@example.com,GD,2023-03-30,Basic,49344.11
76,Kimberly Carlson,andrewpruitt.76@example.com,DK,2021-01-04,Standard,4026.36
77,Casey Vaughn,kelleydenise.77@example.com,HN,2024-08-13,Basic,41975.99
78,Wayne Webb,sierrarodriguez.78@example.com,DZ,2021-01-11,Standard,11172.86
79,Lori Smith,sydney36.79@example.com,GT,2025-04-29,Premium,23403.01
80,Clayton Hale,ryan06.80@example.com,ZM,2021-06-22,Basic,36522.24
81,Denise Fowler,fieldsryan.81@example.com,KZ,2022-02-15,Standard,48868.63
82,Mary Simpson,justin32.82@example.com,LK,2022-06-08,Premium,22017.48
83,Jeffery Parker,jacksonmark.83@example.com,TT,2025-12-03,Standard,37746.29
84,Amy Dominguez,gayrichard.84@example.com,SO,2024-01-12,Premium,41203.63
85,Andrew Mahoney,sarahmorton.85@example.com,GT,2024-12-27,Standard,45980.39
86,William Sanders,fdavis.86@example.com,TO,2023-12-15,Basic,1858.26
87,James Sheppard,jramos.87@example.com,CG,2024-06-02,Basic,26961.99
88,Brenda Freeman,davilaemily.88@example.com,CO,2021-04-25,Basic,10450.76
89,Pamela Sanchez,hawkinsmallory.89@example.com,PA,2020-02-27,Standard,9489.02
90,Rhonda Leon,williamsjohn.90@example.com,CF,2022-11-20,Standard,6822.04
91,Jeremy Castillo,xroberts.91@example.com,FR,2025-02-08,Premium,37678.15
92,Bradley Gross,susan08.92@example.com,IE,2021-10-18,Basic,42181.93
93,Pamela Everett,lauren78.93@example.com,TZ,2023-08-24,Premium,27419.30
94,Connor Sutton,xpena.94@example.com,BB,2020-05-02,Basic,6522.36
95,Alejandro Campos,olivia79.95@example.com,VN,2024-02-20,Standard,33739.43
96,Jacob Fowler,user@,SB,2020-07-03,Basic,20330.97
97,Victoria Howe,guerreromark.97@example.com,BY,2025-12-14,Basic,7067.40
98,Steven White,ereed.98@example.com,MU,2025-04-04,Standard,12615.05
99,Christine Gibson,spencer66.99@example.com,NA,2020-06-10,Basic,43440.93
100,Stephanie Thompson,lyoung.100@example.com,ML,2024-07-19,Premium,6729.35
101,Rebecca Poole,bradfordmichael.101@example.com,GE,2022-07-13,Basic,36535.67
102,Patricia Castillo,andrea21.102@example.com,TN,2026-02-17,Premium,14765.57
103,Mrs. Julie Colon,eugene08.103@example.com,IQ,2026-07-05,Standard,27666.74
104,Travis Mcdonald,fwillis.104@example.com,NR,2023-06-18,Premium,9795.72
105,Elizabeth Aguirre,heidi81.105@example.com,CD,2020-04-04,Standard,46883.41
106,Matthew Gomez,christinaarnold.106@example.com,MX,2025-07-04,Standard,29931.72
107,Brooke Howard,johnsonkenneth.107@example.com,PW,2020-05-19,Premium,33564.53
108,Gerald Medina,shane96.108@example.com,LB,2023-03-05,Standard,33075.48
109,Evan Buchanan,carterjoanne.109@example.com,TH,2023-07-29,Standard,10503.32
110,Barbara Dunn,matthewmcbride.110@example.com,SZ,2022-07-10,Basic,48952.67
111,Carol Perry,nrobinson.111@example.com,LS,2021-06-27,Basic,37530.53
112,William Preston,blakegonzales.112@example.com,ZA,2025-07-18,Basic,3508.78
113,Paul Guzman,tharris.113@example.com,AE,2025-05-27,Standard,10111.27
114,Dustin Baker,kimberly32.114@example.com,ZA,2023-02-04,Basic,49464.28
115,Alicia Thompson,lucasstacy.115@example.com,LK,2024-04-16,Standard,986.48
116,Trevor Walker,fowlereric.116@example.com,QA,2020-05-24,Premium,41592.88
117,Megan Nelson,robertsonkelli.117@example.com,MC,2020-07-16,Basic,47012.96
118,Melissa Stewart,parkerrusso.118@example.com,GR,2023-07-09,Basic,4492.66
119,James Davis,oandrews.119@example.com,JP,2022-04-14,Premium,19131.87
120,Monica Peterson,lisa40.120@example.com,HR,2026-05-18,Basic,47176.20
121,Leslie Johnson,travis31.121@example.com,MT,2024-02-29,Basic,42961.46
122,Crystal Moss,xwheeler.122@example.com,AO,2023-06-13,Premium,18083.61
123,Shaun Lee,williamsemily.123@example.com,VA,2024-01-02,Standard,39536.43
124,Deborah Collier,ross30.124@example.com,PH,2020-02-28,Premium,38237.15
125,Jennifer Larson,aliciaramirez.125@example.com,EG,2023-11-29,Basic,10511.33
126,Yvonne Coleman,billy85.126@example.com,HT,2021-04-28,Standard,39820.93
127,Fernando Jones,makaylachapman.127@example.com,VN,2026-02-22,Standard,6317.84
128,Anthony Knox,usilva.128@example.com,CM,2024-10-15,Standard,42457.25
129,Dakota Kelly,dustinbailey.129@example.com,GR,2025-06-16,Premium,11146.09
130,Tonya Myers,bennettchristopher.130@example.com,PL,2023-07-15,Standard,26733.76
131,Daniel Cox,megan47.131@example.com,VA,2021-09-11,Basic,26699.48
132,Angela Chung,carloscamacho.132@example.com,PL,2021-08-07,Basic,6050.45
133,Dean Foster,kathrynhernandez.133@example.com,UA,2024-06-13,Premium,38644.28
134,Alicia Robinson,ashley65.134@example.com,NZ,2020-08-26,Standard,32980.79
135,Michael Doyle,russell21.135@example.com,ES,2020-06-20,Basic,24507.18
136,Brian Robinson,lori71.136@example.com,CD,2020-06-11,Premium,49504.96
137,Ashley Garcia,philip00.137@example.com,KE,2022-06-02,Premium,49749.39
138,Ann Blackburn,katherine93.138@example.com,JP,2025-05-21,Standard,6763.25
139,Mark Gonzalez,barbarawalter.139@example.com,SN,2020-03-01,Basic,12104.53
140,Julie Sandoval,julieharris.140@example.com,DK,2026-04-02,Premium,30835.71
141,Christina Olson,pbrady.141@example.com,MN,2025-06-29,Premium,12055.23
142,Alexander Rivera,rosejonathan.142@example.com,CH,2023-04-13,Basic,36745.90
143,Eric Willis,zjackson.143@example.com,MC,2026-06-06,Premium,8430.55
144,Sophia Ross,tinasmith.144@example.com,KW,2021-11-05,Premium,25031.65
145,David Peterson,corysmith.145@example.com,PA,2021-01-10,Premium,34169.89
146,Blake Perkins,washingtonsamantha.146@example.com,BJ,2020-01-28,Basic,11802.87
147,Rhonda Houston,jasmine62.147@example.com,MK,2020-07-29,Standard,30770.80
148,Dillon Hoffman,lespinoza.148@example.com,PA,2021-07-18,Basic,31869.81
149,Dominique Daniels,goodwindillon.149@example.com,BW,2025-09-13,Standard,14375.35
150,David Curry,fjohnson.150@example.com,MZ,2025-04-27,Premium,42333.77
151,Linda Glenn,larryhoffman.151@example.com,MK,2026-03-27,Standard,24111.78
152,Scott Jimenez,wrussell.152@example.com,IR,2020-07-02,Standard,23481.69
153,Paul Noble,crobinson.153@example.com,HR,2024-10-25,Premium,14104.71
154,Heidi Raymond,wardleslie.154@example.com,SD,2020-09-17,Premium,1862.62
155,Heather Mullen,victor88.155@example.com,AM,2023-02-16,Standard,7401.01
156,Susan Rice,mconway.156@example.com,SA,2021-07-17,Premium,56.74
157,David Arroyo,watkinspaul.157@example.com,KG,2022-10-12,Basic,39126.56
158,Jonathan Patton,dominiquefoster.158@example.com,BA,2025-01-08,Premium,22297.75
159,Jennifer Rasmussen,dfritz.159@example.com,BY,2023-01-12,Standard,24768.64
160,John Dunn,brianna57.160@example.com,SN,2022-04-24,Standard,39375.32
161,Matthew Ortega,millerrobert.161@example.com,GR,2025-08-24,Basic,10679.95
162,Jordan Silva,mmoore.162@example.com,LY,2025-03-06,Standard,8828.26
163,James Ramirez II,ricky61.163@example.com,MY,2023-01-27,Standard,20353.45
164,Carrie Petersen,andersonchristopher.164@example.com,TO,2024-05-04,Basic,2735.19
165,Joseph Giles,michael92.165@example.com,BR,2022-07-06,Premium,35828.98
166,Alejandro Pace,gburgess.166@example.com,OM,2022-01-23,Premium,192.70
167,Gloria Martin,knightlauren.167@example.com,AU,2026-04-09,Standard,27165.15
168,Joshua George,fkirk.168@example.com,MH,2020-06-06,Basic,21356.34
169,Gregory Peterson,herrerachristian.169@example.com,SN,2021-12-30,Standard,30689.08
170,Amanda Jordan,kvasquez.170@example.com,JP,2024-01-09,Premium,14965.49
171,Kathryn Hernandez,bradley17.171@example.com,FR,2025-10-05,Premium,45002.23
172,Sandra Rodriguez,marybrooks.172@example.com,NL,2021-08-21,Premium,25000.27
173,Stephanie Fields,hking.173@example.com,NA,2026-01-14,Premium,27756.83
174,Lori Rodriguez,qbryant.174@example.com,DK,2021-03-21,Basic,42363.64
175,Cody Thomas,christopherobrien.175@example.com,NA,2026-07-23,Basic,17151.02
176,Jose Blair,joyce96.176@example.com,BZ,2026-05-31,Standard,16046.34
177,Peter Vance,xgonzales.177@example.com,YE,2025-07-17,Premium,28521.81
178,Bryan Hernandez,susan14.178@example.com,UZ,2020-08-05,Premium,45790.17
179,Shane Williams,vjohnson.179@example.com,LV,2021-05-21,Standard,35247.01
180,Christina Edwards,vmitchell.180@example.com,VA,2026-05-02,Standard,16639.24
181,Thomas Owens,briansimmons.181@example.com,AL,2021-06-19,Standard,18497.18
182,Tyler Santiago,bradylaura.182@example.com,IT,2021-07-24,Basic,24202.26
183,Ethan Jackson,rebeccamurphy.183@example.com,KM,2021-04-13,Standard,36741.45
184,Geoffrey Black,lauramcgrath.184@example.com,MD,2021-01-20,Basic,49339.91
185,Alexander Ramirez,lisa41.185@example.com,CN,2026-03-24,Premium,22414.64
186,Kevin Terrell,gutierrezdanielle.186@example.com,LS,2022-04-25,Premium,19476.87
187,Tony James,gregory58.187@example.com,IQ,2025-02-26,Basic,44220.21
188,Brittany Aguilar,vgriffin.188@example.com,UA,2021-05-26,Premium,82.33
189,Danielle Ross,storres.189@example.com,CG,2025-02-23,Premium,22872.80
190,Marissa Ashley,johnsfrederick.190@example.com,MR,2023-02-12,Basic,24449.51
191,Karen Farrell,thompsonbradley.191@example.com,UA,2026-04-10,Basic,32165.16
192,Michael Atkins,angel61.192@example.com,IS,2023-04-12,Standard,1684.26
193,Tanya Goodman,igreen.193@example.com,SI,2025-10-01,Premium,44538.76
194,Zachary Case,markwatts.194@example.com,KG,2025-12-26,Basic,27439.16
195,Gina Hancock,moodyjesse.195@example.com,AG,2021-07-14,Standard,32119.72
196,Ronald Murray,lmyers.196@example.com,WS,2026-07-12,Standard,2431.26
197,Devin Smith,smithrichard.197@example.com,UZ,2022-07-17,Standard,40517.35
198,Samuel Mcdonald,jamesthomas.198@example.com,BW,2023-10-19,Standard,41197.28
199,Dr. Alicia Powell MD,mlang.199@example.com,EE,2023-02-28,Basic,15048.23
200,William Lewis,livingstonbrandon.200@example.com,NP,2024-01-03,Basic,22529.98
201,John Gray,bianca51.201@example.com,SC,2025-02-18,Premium,8551.39
202,Travis Glenn,jessica01.202@example.com,BJ,2021-03-29,Standard,15628.50
203,Megan Brown,orodriguez.203@example.com,EE,2023-10-03,Standard,40906.76
204,Steven Hubbard,stephen40.204@example.com,GT,2023-07-06,Premium,32550.89
205,Amanda Jones,courtneycurtis.205@example.com,BY,2022-09-26,Premium,31837.67
206,Jennifer Morris,danieldavis.206@example.com,OM,2024-08-29,Basic,45364.00
207,Crystal Rodriguez,ericawilson.207@example.com,ZA,2024-08-17,Standard,814.16
208,Paige Harris,benjamindebra.208@example.com,ET,2024-06-26,Standard,44190.64
209,Bruce Levine,daniellopez.209@example.com,GR,2022-03-30,Standard,2989.75
210,Jasmine Jenkins,kiararoberts.210@example.com,LC,2024-05-08,Standard,41738.09
211,Alexander Anderson,beardpaul.211@example.com,VU,2020-07-30,Standard,22192.32
212,William Baker,llopez.212@example.com,NZ,2020-01-20,Basic,33152.34
213,Ricardo Henry,swang.213@example.com,NP,2020-12-28,Premium,15961.62
214,Kevin Padilla,,SB,2023-02-14,Basic,16504.08
215,Tyler Young,fullertodd.215@example.com,DK,2020-09-17,Standard,39738.39
216,Jacob Morales,gregory09.216@example.com,BD,2025-07-08,Standard,3002.28
217,John Mckinney,alyssale.217@example.com,BB,2021-11-24,Standard,33092.02
218,Michele Maldonado,fcochran.218@example.com,ST,2025-02-28,Basic,24077.40
219,Erin Valencia,gregoryhenson.219@example.com,HT,2020-06-26,Premium,23953.54
220,Denise Johnson,shieldsjon.220@example.com,MZ,2024-11-13,Premium,6914.62
221,Matthew Martinez,lisa69.221@example.com,GR,2022-09-15,Standard,38616.54
222,Johnny Mahoney,gabriellevaughan.222@example.com,BB,2022-09-12,Premium,49339.99
223,Kevin Murphy,hbell.223@example.com,AZ,2021-12-14,Standard,13061.96
224,Justin Edwards,karencardenas.224@example.com,BF,2022-10-20,Basic,48507.75
225,Keith Atkins,kimwilson.225@example.com,MR,2025-09-27,Basic,38086.08
226,Adrian Martin,isaac55.226@example.com,PH,2024-01-31,Basic,15962.87
227,John Murray,stephanie21.227@example.com,NP,2025-01-23,Premium,38416.85
228,Emily Torres,william70.228@example.com,CZ,2020-11-09,Standard,40755.15
229,Steven Murray,douglas81.229@example.com,MV,2024-07-08,Basic,9913.50
230,Morgan Becker,kwilliams.230@example.com,BG,2025-07-15,Basic,21082.69
231,Haley Smith,melissarubio.231@example.com,SV,2025-01-17,Premium,39335.34
232,Katherine Thomas,jessicagrant.232@example.com,KH,2020-11-28,Premium,17533.20
233,Robert Evans,jskinner.233@example.com,CL,2026-06-14,Premium,47953.13
234,Amber Curry,jsmith.234@example.com,CU,2022-07-30,Premium,27466.93
235,Ronnie Wilson,yromero.235@example.com,TH,2021-07-14,Standard,49125.08
236,Jeffrey Jackson,cbowers.236@example.com,CA,2023-09-24,Premium,39747.03
237,Curtis Wright,ramirezchristopher.237@example.com,PT,2020-01-21,Basic,44139.84
238,Edward Brooks,rwilliams.238@example.com,SC,2023-03-25,Basic,39458.69
239,Scott Howell,stevengarcia.239@example.com,GR,2026-09-17,Premium,47536.11
240,Tina Garrett,maldonadojack.240@example.com,QA,2026-02-02,Premium,15254.11
241,Lucas Howard,benjamin42.241@example.com,BJ,2024-04-02,Basic,13055.60
242,Renee Moon,willieanderson.242@example.com,CY,2022-07-14,Premium,23301.41
243,Scott Gay,kennethryan.243@example.com,AE,2023-11-29,Basic,21472.01
244,Victor Newman DVM,jessicamarshall.244@example.com,BF,2020-05-12,Basic,1884.86
245,Karen Gonzalez,gardnersteve.245@example.com,CO,2023-07-06,Standard,8237.76
246,Henry Rasmussen,jeffrey29.246@example.com,VC,2023-09-14,Basic,46445.43
247,Julia Rose,josephmoore.247@example.com,CM,2021-02-22,Standard,9695.40
248,Roberta Love,aaronlopez.248@example.com,JP,2020-07-26,Standard,760.84
249,Carmen Schmidt,bcarter.249@example.com,KH,2026-01-20,Premium,13512.57
250,Alyssa King,derrick76.250@example.com,YE,2026-01-19,Standard,30657.22
251,Joseph Adams,kenneth48.251@example.com,CU,2022-10-25,Premium,21533.42
252,John Edwards,rodriguezjacob.252@example.com,MW,2020-08-11,Basic,12526.87
253,Joshua Gates,jamesoliver.253@example.com,AG,2021-11-18,Basic,31169.92
254,Mark Haas,hcompton.254@example.com,KG,2020-10-28,Premium,36090.27
255,Paul Garza,qwilliams.255@example.com,MY,2023-08-06,Premium,34848.05
256,Melissa Brown,johnsonjames.256@example.com,NR,2021-05-24,Standard,5960.29
257,Steven Cooper,vvasquez.257@example.com,PK,2020-07-15,Basic,8897.47
258,Jessica Miller,peggy00.258@example.com,MC,2021-11-03,Basic,6282.47
259,Leah Thompson,ronniepaul.259@example.com,DE,2020-12-31,Basic,4323.43
260,Helen Lee,karenlane.260@example.com,GM,2023-08-20,Basic,19982.20
261,Gabriela Tucker,pnorman.261@example.com,SL,2024-03-13,Premium,41977.34
262,Brad Taylor,snyderjohn.262@example.com,KH,2023-04-08,Premium,4700.61
263,Breanna Maldonado,duncanjerry.263@example.com,LT,2026-01-21,Basic,29267.40
264,Kara Smith,swansonlynn.264@example.com,DZ,2021-11-11,Premium,10409.81
265,Lacey Hickman,melissa78.265@example.com,EG,2021-08-16,Premium,38136.07
266,Danielle Ramirez,user@example,MG,2024-05-18,Standard,45300.83
267,Emily Hoover,lorraine00.267@example.com,LS,2022-12-31,Standard,23687.71
268,Melissa Smith,kingelizabeth.268@example.com,GY,2024-01-22,Standard,46622.87
269,Ryan Brown,ambernelson.269@example.com,CZ,2025-10-11,Basic,37912.89
270,Christopher Copeland,suzanneacosta.270@example.com,FR,2020-05-11,Premium,39126.26
271,Micheal Martin,emartinez.271@example.com,BO,2023-01-04,Premium,37411.95
272,Troy Beasley,willisbrett.272@example.com,MR,2024-03-02,Standard,47412.08
273,Mackenzie Byrd,vincentharris.273@example.com,TG,2020-01-08,Premium,40512.74
274,Jesse Valenzuela,gabriel12.274@example.com,PA,2020-10-25,Standard,49333.53
275,Natalie Johnson,michael57.275@example.com,PT,2023-11-13,Basic,49705.68
276,Dr. Sarah Garcia,jeremy55.276@example.com,VC,2022-01-02,Standard,19448.68
277,Jordan Delgado,marshalljeanne.277@example.com,NZ,2020-03-29,Basic,43288.04
278,Stephanie Leblanc,andrewblack.278@example.com,TZ,2023-12-19,Standard,49424.71
279,Allen Fuller,rachelmorales.279@example.com,US,2022-03-30,Standard,48571.79
280,Sharon Johnson,serranolucas.280@example.com,UZ,2022-07-22,Standard,2451.84
281,Kyle Fletcher,xavery.281@example.com,MM,2020-02-01,Basic,6323.44
282,Loretta Gilbert,alyssa84.282@example.com,IQ,2022-09-09,Standard,26203.98
283,Darryl Long,fmedina.283@example.com,LS,2020-06-01,Basic,37802.78
284,Jonathan Williams,uwilliams.284@example.com,KH,2025-08-10,Standard,37932.71
285,Holly Stokes,ijohnson.285@example.com,BN,2020-03-09,Basic,48420.10
286,John Smith,elizabethjohnson.286@example.com,KW,2024-02-06,Standard,44535.20
287,Donna Wagner,abigailross.287@example.com,ZA,2026-02-04,Standard,1964.59
288,Cynthia Jackson,aaronrichards.288@example.com,SO,2024-12-26,Basic,48794.63
289,Patrick Davis,xsmith.289@example.com,ZM,2023-01-02,Basic,31936.34
290,Brandy Rojas,qbaker.290@example.com,HR,2026-01-09,Standard,41293.39
291,Karen Nelson,fordalejandro.291@example.com,MU,2022-06-16,Premium,43700.14
292,Emily Mcgee,dustin13.292@example.com,CY,2024-06-02,Premium,27663.79
293,Amber White,qbailey.293@example.com,NE,2024-12-08,Premium,7652.72
294,Alec Simon,jameshudson.294@example.com,CV,2023-07-24,Standard,28731.37
295,Tony Andrade,jesushatfield.295@example.com,CF,2025-08-01,Premium,49710.85
296,Dana Harrington,kevans.296@example.com,KP,2025-01-12,Premium,19334.59
297,Kayla Bennett,michaelzimmerman.297@example.com,AT,2026-02-04,Standard,6140.17
298,Emma Thompson,hamiltonmaria.298@example.com,BO,2022-06-25,Basic,7428.92
299,Judith Lewis,chaas.299@example.com,BG,2020-04-07,Basic,10587.84
300,Matthew Morris,rebeccagutierrez.300@example.com,GN,2026-01-05,Standard,48126.57
301,Robert George,xparker.301@example.com,GB,2020-01-01,Basic,26526.96
302,Stephanie Burton,zmills.302@example.com,NL,2021-07-17,Basic,33425.67
303,Elizabeth Klein,aliciaowens.303@example.com,KN,2023-06-28,Basic,24033.14
304,Kathryn Silva,richard82.304@example.com,AG,2023-03-18,Premium,42363.33
305,Dana Christensen,craigpamela.305@example.com,VU,2026-03-31,Premium,281.26
306,Katherine Beck,ramosmichael.306@example.com,MT,2026-07-22,Basic,4933.04
307,Daniel Hubbard,zgibbs.307@example.com,DJ,2022-09-01,Standard,14092.19
308,James Vasquez,martinhenry.308@example.com,AL,2026-01-10,Standard,965.86
309,Tonya Scott,gomezalfred.309@example.com,TZ,2022-06-03,Basic,7660.00
310,Cassandra Reid,harveyjordan.310@example.com,ME,2025-09-05,Standard,22246.97
311,Hunter Mack MD,mpeters.311@example.com,TN,2026-06-14,Basic,44975.03
312,Shawn Davis,andre20.312@example.com,DM,2026-01-06,Premium,22529.12
313,William Berry,jessica39.313@example.com,AD,2021-02-02,Standard,6832.79
314,Lindsey King,abennett.314@example.com,PH,2020-02-11,Basic,40536.53
315,Dennis Allen,vbowman.315@example.com,BB,2021-06-06,Standard,9850.14
316,Ronnie Peterson,alexander95.316@example.com,FI,2024-04-15,Standard,12264.35
317,Terry Underwood,goodmanlauren.317@example.com,TZ,2020-09-28,Premium,26584.22
318,Marc Martinez,nrojas.318@example.com,MU,2025-03-16,Basic,12234.51
319,Melissa Winters,wilsonmegan.319@example.com,CH,2025-06-28,Standard,21531.25
320,Michael Harrell,qsingh.320@example.com,KH,2021-03-26,Premium,15297.00
321,Mrs. Kristina Dennis,alyssa00.321@example.com,ER,2023-03-31,Standard,11618.54
322,Alexa Callahan,maria49.322@example.com,LK,2022-03-13,Standard,47795.06
323,Angela Clark,ericlane.323@example.com,LR,2022-10-14,Premium,1614.86
324,Patricia Pena,zcraig.324@example.com,CD,2020-01-08,Premium,11914.92
325,David Adams,jimenezjacob.325@example.com,GQ,2022-08-13,Premium,43602.72
326,Yolanda Francis,gabrielle36.326@example.com,GE,2026-07-15,Basic,40529.91
327,Barry Poole,callahanpatrick.327@example.com,PW,2023-05-11,Premium,14027.78
328,David Edwards,frankadams.328@example.com,DM,2022-09-25,Standard,25854.14
329,Amanda Jackson,wwallace.329@example.com,NZ,2026-05-10,Premium,30178.88
330,Steven Pena,deleonheather.330@example.com,HT,2021-11-09,Basic,42001.32
331,Mrs. Elizabeth Aguilar MD,asmall.331@example.com,BG,2024-03-18,Premium,2582.00
332,Michael Murray,rashley.332@example.com,MV,2021-01-22,Standard,31691.17
333,Cory Garcia,vpotter.333@example.com,FM,2023-08-01,Premium,14804.77
334,Courtney White,sandovalkenneth.334@example.com,BG,2022-07-20,Premium,35220.07
335,Brianna Haney,hillrobert.335@example.com,CG,2025-09-18,Standard,42305.37
336,Anita Blair MD,karencannon.336@example.com,CN,2025-02-19,Standard,18021.18
337,Adam Olson,sarahburke.337@example.com,PE,2021-06-10,Premium,20615.37
338,Tamara Parker,clarksherri.338@example.com,TW,2024-08-20,Standard,31854.97
339,Eddie Sherman,jesseyoung.339@example.com,BO,2023-03-24,Standard,40932.62
340,Jodi Perkins,sherriwalton.340@example.com,BZ,2022-06-27,Standard,25847.41
341,Desiree Carson,cathysantiago.341@example.com,FJ,2023-04-09,Standard,46140.77
342,Nicholas Jenkins,matthewchandler.342@example.com,LC,2024-04-17,Basic,47158.90
343,Jeffrey Gardner,rivassean.343@example.com,TZ,2024-06-27,Basic,8557.68
344,Christopher Anderson,qrobinson.344@example.com,PK,2024-09-23,Premium,44020.41
345,Jennifer Johnson,ashleychang.345@example.com,LU,2022-03-14,Standard,13242.53
346,Mrs. Angelica Leonard,brian57.346@example.com,TG,2023-05-12,Standard,3285.26
347,Mr. Charles Martinez,myersjacob.347@example.com,HU,2023-03-21,Standard,45431.80
348,Craig Nguyen,bwilliams.348@example.com,LV,2021-09-06,Standard,36662.25
349,Andrew Carr,catherinecummings.349@example.com,HT,2026-07-21,Premium,1038.30
350,Mark Le,aflores.350@example.com,CY,2023-08-17,Basic,35264.28
351,David Mejia,vjohnson.351@example.com,CI,2022-09-20,Premium,3523.27
352,Michelle Adkins,theresa19.352@example.com,EE,2024-12-18,Basic,29726.14
353,Michele Bailey,paynechristopher.353@example.com,TN,2026-07-22,Basic,41196.77
354,Adam Romero,jessica48.354@example.com,CM,2020-01-31,Basic,31473.34
355,Michael Conway,rebeccamiller.355@example.com,UZ,2024-10-19,Basic,17738.22
356,Lisa Sandoval,garciamark.356@example.com,PH,2025-07-07,Premium,1959.91
357,Christopher Francis,shane09.357@example.com,IQ,2021-10-05,Premium,13551.54
358,John Cook,tinaburton.358@example.com,GQ,2022-01-10,Premium,29368.74
359,Carla Ramirez,fadams.359@example.com,VC,2022-01-11,Standard,15863.08
360,Toni Skinner,josephmahoney.360@example.com,LB,2025-07-12,Premium,1284.33
361,Todd Dean,ctorres.361@example.com,PT,2020-03-07,Standard,13881.99
362,Mary Smith,monicahenry.362@example.com,BT,2020-03-05,Basic,7376.66
363,Jennifer Garcia,ehammond.363@example.com,ML,2022-11-11,Basic,43442.40
364,Barbara Alvarez,joshuaowen.364@example.com,TV,2026-07-11,Premium,29425.98
365,Krista Solis,debbie27.365@example.com,DJ,2022-11-30,Basic,34291.17
366,Katherine Davis,charles72.366@example.com,MZ,2021-12-30,Basic,17073.10
367,Robert Gregory,laurencrawford.367@example.com,LU,2025-10-22,Basic,41568.04
368,Sarah Bates,lwerner.368@example.com,IN,2026-03-23,Premium,16620.67
369,Aaron Carroll,peggybishop.369@example.com,TZ,2025-07-29,Standard,30034.66
370,Richard Cox,wrightdonna.370@example.com,GA,2021-04-24,Standard,17257.73
371,Melissa Smith,robinkramer.371@example.com,SN,2026-05-16,Standard,1421.68
372,Douglas Alvarez,wcox.372@example.com,BB,2021-11-26,Premium,39224.33
373,Christopher Dunlap,marymiranda.373@example.com,FJ,2021-09-27,Premium,14070.96
374,Ronald Mcdonald,shannon79.374@example.com,NP,2023-09-16,Basic,17995.84
375,Michael Martinez,theresacook.375@example.com,LT,2023-09-20,Premium,48088.93
376,Crystal Short,washingtonchristopher.376@example.com,EG,2024-06-27,Premium,33615.55
377,Carol Hall,jeffrey46.377@example.com,UY,2024-03-18,Basic,35172.24
378,Jill Hanson,angelagordon.378@example.com,KW,2020-01-28,Basic,39326.13
379,Stefanie Morgan,donald84.379@example.com,KE,2022-11-05,Premium,38110.52
380,Marcus Martin,juanlee.380@example.com,AL,2025-02-08,Basic,28732.00
381,Zachary Carney,carla51.381@example.com,CL,2020-11-12,Standard,22039.40
382,Christopher Hull,boydrobert.382@example.com,DZ,2025-07-20,Premium,754.37
383,Stacie Cox,alyssa61.383@example.com,TO,2020-06-09,Standard,1068.63
384,Jessica Wright,hilldavid.384@example.com,KG,2023-02-12,Basic,49093.91
385,John Wu,breynolds.385@example.com,NG,2023-07-11,Standard,9988.60
386,Anthony Gilbert,jeremyosborne.386@example.com,ER,2023-10-25,Basic,16092.07
387,Terry Chaney,wilsonwilliam.387@example.com,NE,2020-01-26,Basic,11558.06
388,Michelle Burke,elizabethjackson.388@example.com,LA,2026-08-10,Standard,27975.86
389,Julie Powell,clintonwalters.389@example.com,DM,2020-10-07,Premium,15346.45
390,Mark Clark,allen54.390@example.com,TR,2024-04-02,Premium,9994.37
391,Isaiah Rhodes,dcallahan.391@example.com,BT,2026-01-24,Standard,26898.10
392,Linda Marquez,alan74.392@example.com,CO,2024-05-14,Basic,29049.81
393,Adam Santiago,lindsaycox.393@example.com,SM,2024-05-08,Basic,42038.15
394,Joseph Castro,thomaswilcox.394@example.com,TW,2023-06-20,Basic,33679.97
395,Matthew Taylor,michaelnavarro.395@example.com,IR,2020-02-26,Basic,5184.76
396,Danny Singleton,hsmith.396@example.com,AU,2022-06-05,Standard,47108.88
397,Donald Nguyen,wmelendez.397@example.com,CI,2020-07-06,Basic,15452.11
398,Wendy Thomas,vwilliams.398@example.com,JO,2023-12-16,Premium,25032.26
399,Julie Jones,heatherochoa.399@example.com,US,2020-02-04,Basic,48132.89
400,Chad Kelly,eugenebarnes.400@example.com,SB,2021-08-01,Premium,48507.58
401,Mr. David Collins,leenavarro.401@example.com,PA,2020-01-21,Premium,17510.43
402,Thomas Garcia,hernandezjennifer.402@example.com,MW,2023-09-01,Standard,35056.70
403,Shawn Jones,perezshannon.403@example.com,GM,2024-07-14,Basic,46168.86
404,Eric Dalton,johnsonnicholas.404@example.com,LK,2022-01-22,Premium,49815.88
405,Kristina Morris,jprice.405@example.com,IE,2020-11-13,Standard,21861.71
406,Joshua Smith,yhernandez.406@example.com,SK,2022-02-11,Standard,5469.33
407,Erik Brown,vnewman.407@example.com,BA,2022-11-02,Basic,22356.21
408,Brian Williams,daniel17.408@example.com,DK,2022-07-30,Basic,25931.37
409,Rebecca Clark,logan21.409@example.com,BJ,2023-10-12,Premium,32674.52
410,Nicole Bell,frankrobert.410@example.com,JP,2023-04-23,Premium,188.13
411,Anthony James,shaffernathan.411@example.com,SB,2020-12-12,Standard,41597.21
412,Ivan Mclaughlin,john59.412@example.com,NI,2022-06-16,Standard,5753.82
413,Stacey Ferguson,josephrice.413@example.com,WS,2021-11-07,Standard,16482.64
414,Sarah Ferguson,ashleythompson.414@example.com,GQ,2021-11-02,Basic,22518.81
415,Jasmine Hawkins,hansenjonathan.415@example.com,OM,2020-10-05,Standard,19452.12
416,Mr. Keith Medina,millercory.416@example.com,UZ,2020-01-31,Standard,14058.30
417,Victoria Mitchell,ryan39.417@example.com,SZ,2024-08-11,Standard,30088.26
418,Janice Brown,mrodriguez.418@example.com,MZ,2023-12-16,Premium,22727.98
419,Wanda Jackson,eric44.419@example.com,MC,2021-11-30,Standard,36375.78
420,Emily Murphy DVM,harrisray.420@example.com,BZ,2021-05-18,Basic,36151.43
421,Maria Webb,xspence.421@example.com,CU,2025-03-03,Basic,47033.78
422,Carolyn Hall,harrisjohn.422@example.com,GN,2022-08-02,Standard,5554.63
423,Zachary Mejia,stephanieboyle.423@example.com,PK,2020-02-25,Standard,9509.57
424,Austin Nelson,sfoster.424@example.com,CH,2021-12-26,Standard,48934.53
425,Willie Williams,vgonzalez.425@example.com,EE,2024-01-01,Premium,37502.93
426,Joshua Fleming,fergusonjohn.426@example.com,PE,2020-08-24,Basic,39362.58
427,Kristina Harris,qayers.427@example.com,RU,2024-08-21,Standard,28688.43
428,Albert Gutierrez,nicole46.428@example.com,EC,2023-02-04,Basic,26260.19
429,Bradley Washington III,hbrewer.429@example.com,JO,2025-03-07,Standard,33799.40
430,Devin Mclean,heatherjohnston.430@example.com,CV,2021-04-10,Standard,13417.22
431,Janet James,csims.431@example.com,AR,2022-08-16,Premium,14369.50
432,Theresa Gonzalez,kennethharvey.432@example.com,GE,2021-02-26,Premium,44071.00
433,Brian Carter,jeffreyfitzgerald.433@example.com,TR,2025-11-10,Basic,8191.72
434,Amanda Gaines,kimlauren.434@example.com,TR,2020-03-07,Standard,20312.98
435,Jonathan Moore,mgriffin.435@example.com,TV,2022-07-12,Premium,4644.43
436,Anna Johns,walkerjulia.436@example.com,CO,2020-07-31,Standard,10446.88
437,Alyssa Simon,ryan31.437@example.com,AE,2024-09-09,Basic,25826.91
438,Troy Valdez,adam19.438@example.com,GY,2021-08-13,Premium,9273.76
439,Kevin Le,hernandezchristine.439@example.com,GN,2021-10-01,Basic,17007.07
440,John Shannon,wardmarcia.440@example.com,GH,2024-04-04,Premium,1413.90
441,Melissa Matthews,evanselizabeth.441@example.com,SD,2025-12-22,Premium,6475.57
442,Melissa Page,obrienmary.442@example.com,HR,2021-06-10,Premium,21798.38
443,Jessica Alexander,teresa94.443@example.com,QA,2020-06-03,Premium,2514.55
444,Nicholas Peterson,feliciamora.444@example.com,KP,2020-02-24,Premium,40440.59
445,Jessica Burton,tbarrett.445@example.com,KH,2024-12-29,Premium,17449.46
446,Pedro Simpson,kennethbutler.446@example.com,AE,2023-03-09,Premium,48399.00
447,Gabriel Roberts,tberry.447@example.com,SO,2025-09-03,Basic,25880.06
448,Brenda Mejia MD,kevinlloyd.448@example.com,GR,2026-05-15,Premium,19544.77
449,Eric Webb,qoliver.449@example.com,ES,2022-09-01,Standard,36610.88
450,Daniel Burns,amandastokes.450@example.com,SL,2023-04-09,Standard,6267.37
451,Duane Clark,melissa58.451@example.com,BJ,2021-09-05,Basic,42090.00
452,Catherine Edwards,nicholas82.452@example.com,BY,2025-04-22,Standard,16797.10
453,David Romero,dayjason.453@example.com,DZ,2026-07-12,Premium,20344.37
454,Dr. Jason Elliott MD,jasminelogan.454@example.com,NP,2024-07-20,Basic,2466.61
455,Jessica Payne,sdavis.455@example.com,MR,2023-02-02,Standard,42603.11
456,Sara Holmes,misty28.456@example.com,VE,2022-03-17,Premium,28404.67
457,Scott Williams,amanda83.457@example.com,PW,2024-11-10,Standard,23564.67
458,Kathryn Nichols,kristen47.458@example.com,GQ,2022-06-28,Standard,48880.03
459,Jamie Jones,john28.459@example.com,KI,2021-05-22,Standard,29023.39
460,William Johnson,moyergail.460@example.com,CO,2021-09-22,Standard,16436.30
461,Amy Alvarado,tadams.461@example.com,KP,2026-02-12,Basic,34256.33
462,Rachel Huffman,chavezdennis.462@example.com,JM,2022-06-04,Standard,15470.83
463,James Watson,johntaylor.463@example.com,MG,2021-12-08,Basic,10976.70
464,Phillip Jones,joneill.464@example.com,MX,2025-02-17,Premium,47769.10
465,Roger Scott,,HN,2021-01-29,Basic,34040.24
466,Stacey Smith,thomaswilliams.466@example.com,KI,2020-05-29,Standard,28200.74
467,Troy Brewer,kylejackson.467@example.com,IN,2025-12-04,Unknown,4557.30
468,Luis Wang,wpeterson.468@example.com,MU,2024-06-11,Standard,38548.72
469,William Cooper,robyn67.469@example.com,NR,2020-04-02,Basic,7189.44
470,Robert Andersen,swansoncurtis.470@example.com,KE,2023-09-03,Basic,30192.11
471,Robert Jones,johnyang.471@example.com,KZ,2026-03-17,Basic,2084.48
472,Jody Davis,anthonyphillips.472@example.com,TW,2024-05-23,Basic,15610.72
473,Kristi Jimenez,nataliefisher.473@example.com,DJ,2025-06-18,Premium,29494.85
474,Cassandra Frost,torresrobert.474@example.com,GD,2021-08-18,Premium,47386.30
475,Benjamin Boyd,prichardson.475@example.com,VN,2022-10-05,Basic,37366.85
476,Victoria Nixon,bradystacey.476@example.com,HU,2020-06-21,Premium,12049.88
477,Jordan Jensen,ikerr.477@example.com,IN,2022-03-24,Standard,27345.89
478,Philip Vaughn,stantonjoseph.478@example.com,LS,2022-04-13,Standard,20603.67
479,Andre Hughes,sstrickland.479@example.com,SG,2026-01-16,Premium,3219.21
480,Daniel Bauer,melissahouse.480@example.com,ML,2023-10-30,Basic,11783.79
3895,Kimberly Henry,otaylor.481@example.com,QA,2022-08-14,Basic,36363.97
482,Jeremy Graves,griffinjared.482@example.com,PL,2023-08-04,Premium,30843.01
483,Mr. Jeffrey Mason,charleschavez.483@example.com,SA,2026-03-18,Basic,4755.91
484,Robert Villegas,marcia72.484@example.com,MN,2025-04-26,Premium,34902.97
485,Nichole Jackson,dennis82.485@example.com,LB,2020-06-04,Basic,18853.26
486,Jason Hawkins,watersjulie.486@example.com,ES,2022-09-29,Premium,49433.47
487,Michelle Anderson,ramirezmckenzie.487@example.com,DO,2021-04-23,Standard,10334.28
488,Todd Carter,davidandrews.488@example.com,ER,2026-06-23,Basic,23515.34
489,Lynn Smith,eduardoholt.489@example.com,PK,2021-12-23,Basic,48149.53
490,Robin Carroll,richard50.490@example.com,ZW,2021-02-19,Basic,7819.43
491,Mandy Lee,barry96.491@example.com,EG,2020-01-11,Basic,36601.01
492,John Gonzalez,emilysalinas.492@example.com,LS,2023-11-30,Basic,47755.27
493,Christina Watkins,coneill.493@example.com,TZ,2026-04-23,Standard,24792.02
494,Joseph Frank DVM,ewingrebecca.494@example.com,GB,2025-12-20,Premium,4233.58
495,Jason Griffith,daniel11.495@example.com,AR,2020-02-12,Standard,42660.25
496,Ms. Lisa Harris PhD,jacquelinebrooks.496@example.com,BI,2025-11-29,Premium,16408.35
497,Sarah Castro,stokesgerald.497@example.com,GY,2025-07-11,Premium,35166.00
498,Eric Ross,olopez.498@example.com,LU,2020-01-01,Premium,10031.52
499,Brooke Rogers,yolsen.499@example.com,KG,2021-02-20,Basic,27361.93
500,Deborah Frey,tmayer.500@example.com,MK,2025-03-20,Basic,22414.73
501,John Hill,tcalderon.501@example.com,MD,2025-02-08,Standard,37594.17
502,Candice Montoya,matthew22.502@example.com,OM,2025-08-20,Premium,11934.88
503,Tracy Henderson,tanya31.503@example.com,LR,2023-10-16,Premium,5848.91
504,Ashley Schultz,denise92.504@example.com,CZ,2024-10-01,Standard,20817.17
505,Theresa Ward,brownstephen.505@example.com,LI,2023-01-04,Basic,31526.40
506,Christopher Patel,alex43.506@example.com,KH,2023-08-05,Standard,27992.70
507,Jacob Jimenez,yvonne42.507@example.com,TO,2025-06-15,Standard,41038.24
508,Maria Vazquez,vanessagonzalez.508@example.com,ER,2021-12-08,Premium,23333.36
509,Sharon Parsons,ryan72.509@example.com,PK,2020-11-07,Basic,18560.66
510,Shelly Ryan,michaelsuarez.510@example.com,GB,2022-12-25,Standard,12571.01
511,Hannah Johnson,joshuaacevedo.511@example.com,ST,2024-09-29,Standard,33591.51
512,Roberto House,kimberly47.512@example.com,MH,2023-06-01,Standard,37633.56
513,Kathryn Edwards,vfarmer.513@example.com,MN,2021-08-02,Standard,46191.95
514,Jennifer Wilson,iwalker.514@example.com,PL,2025-03-19,Premium,38237.46
515,Megan Castillo,henrytimothy.515@example.com,TV,2025-06-30,Standard,19308.83
516,Eric Lopez,edward25.516@example.com,BW,2020-03-23,Premium,34969.50
517,Mary Holmes,hardyjennifer.517@example.com,UA,2020-11-06,Basic,7546.54
518,Kimberly Skinner,ihudson.518@example.com,SR,2024-07-20,Standard,8596.91
519,Nicole Collins,millerbrandi.519@example.com,RU,2020-06-09,Standard,42842.32
520,Michelle Nelson,edwardallen.520@example.com,DZ,2022-07-04,Standard,10255.44
521,Mary Glover,hinesdylan.521@example.com,AG,2021-05-10,Standard,49022.02
522,Rodney Orr,fritter.522@example.com,OM,2023-11-08,Basic,13710.25
523,Susan Wagner,zsanchez.523@example.com,OM,2024-11-27,Basic,49380.03
524,Shawn Thomas,rsimon.524@example.com,PG,2026-03-01,Basic,21437.52
525,Sonya Wilkinson,amber91.525@example.com,SB,2021-10-11,Standard,6131.07
526,Melody Campos,millerlori.526@example.com,TL,2025-04-08,Basic,12097.89
527,Hannah Orr,tchase.527@example.com,PW,2025-07-05,Premium,7466.71
528,Margaret Ward,wboyd.528@example.com,CM,2024-06-30,Premium,41680.64
529,Kevin Murphy,zmorton.529@example.com,LA,2021-06-17,Standard,21389.53
530,Tiffany Brown,bradleymark.530@example.com,SA,2021-05-16,Standard,39072.43
531,Mark Barton,baileyjones.531@example.com,OM,2022-06-10,Premium,11759.67
532,Rachel Saunders,tray.532@example.com,MZ,2022-12-09,Premium,20933.83
533,Eric Roberts,lavery.533@example.com,LU,2023-12-23,Basic,417.94
534,Gabrielle Stewart,rogersrobert.534@example.com,MA,2026-05-17,Basic,6308.92
535,Justin Ross,leroyholloway.535@example.com,BF,2022-10-10,Standard,49207.87
536,Robert Cook,patrickrobertson.536@example.com,US,2022-02-01,Standard,17200.70
537,Cynthia Morgan,peterssherri.537@example.com,CG,2022-06-06,Standard,42251.69
538,Kevin Mcknight,fdavis.538@example.com,PK,2020-03-27,Basic,44819.21
539,Michelle Cunningham,zcook.539@example.com,CY,2025-04-25,Standard,21192.96
540,Megan Davis,ywhite.540@example.com,ZM,2023-12-17,Standard,2376.86
541,Veronica May,yodertiffany.541@example.com,KG,2023-02-28,Premium,39956.20
542,Taylor Rojas,gloria15.542@example.com,IN,2020-06-19,Basic,17925.40
543,Betty Montgomery,wagnercody.543@example.com,AZ,2023-10-05,Premium,10790.37
544,Rachel Stephenson,iansmith.544@example.com,NE,2022-01-24,Premium,16651.65
545,Veronica Robinson,cassandrapatterson.545@example.com,PY,2023-02-01,Standard,48503.82
546,Sheila Walker,dannyperez.546@example.com,TD,2025-05-24,Basic,15562.09
547,Dana Jackson,michaelriley.547@example.com,SY,2025-03-31,Standard,19386.73
548,Joseph Schneider,john76.548@example.com,MC,2025-01-22,Standard,21361.83
549,William Jones,shannon74.549@example.com,CL,2023-07-05,Basic,8434.68
550,Matthew Miller,xhouston.550@example.com,NE,2021-05-18,Premium,28037.35
551,Robert Sosa,andrew79.551@example.com,TV,2020-02-18,Standard,3463.06
552,Sharon Gomez,greenrachel.552@example.com,FI,2020-11-30,Standard,19520.12
553,Timothy Moore,briannasmith.553@example.com,AU,2022-06-07,Premium,24069.50
554,Danielle Frost,obriengary.554@example.com,UA,2022-06-25,Standard,21726.38
555,Michelle Brown,adambrown.555@example.com,GD,2024-04-20,Standard,13893.89
556,Kimberly Sharp,alexanderweeks.556@example.com,AD,2023-07-21,Premium,654.01
557,Matthew Perez,mitchell66.557@example.com,MZ,2021-09-12,Basic,5027.32
558,Dennis Diaz,melissageorge.558@example.com,ET,2025-08-24,Standard,38885.26
559,Suzanne Smith,hcurtis.559@example.com,TV,2022-09-07,Standard,26601.35
560,Nicole Webster,douglas32.560@example.com,PA,2021-07-25,Premium,46823.74
561,Jasmin Mason,rsantos.561@example.com,CL,2023-01-24,Basic,22739.84
562,Jordan Butler,carlawade.562@example.com,JP,2025-06-11,Standard,42446.61
563,Kyle Cook,xrobinson.563@example.com,CZ,2023-04-21,Basic,15703.19
564,Paul Walls,smithdavid.564@example.com,MX,2023-02-22,Basic,16242.99
565,Danielle Perez,mccalljessica.565@example.com,BE,2021-08-30,Standard,21403.34
566,Pamela Houston,xjones.566@example.com,EE,2021-10-31,Premium,24080.79
567,Dorothy Thomas,joannchristensen.567@example.com,CR,2023-09-08,Premium,8195.48
568,Lori Garcia,angelalutz.568@example.com,CO,2024-07-21,Standard,10109.80
569,Cody Woods,jenniferowens.569@example.com,GE,2020-02-06,Basic,35334.61
570,Larry Beck,elizabethgarcia.570@example.com,CD,2025-08-02,Standard,46483.94
571,Jessica Aguilar,colinmccoy.571@example.com,BT,2021-10-28,Standard,19551.24
572,Rachel Guerrero,timothy31.572@example.com,SM,2022-10-23,Basic,6436.84
573,Ronald Ward,matthew51.573@example.com,TJ,2024-09-03,Premium,14965.20
574,Vanessa Aguilar,toddvaughn.574@example.com,SA,2024-01-24,Basic,3341.88
575,Carl Villegas PhD,mooreandrew.575@example.com,AZ,2023-02-04,Basic,10715.91
576,Bonnie Mitchell,rgreen.576@example.com,SD,2023-12-21,Standard,958.08
577,Felicia Robbins,lopezchelsea.577@example.com,DJ,2022-10-11,Standard,31900.81
578,Tracey Bryant,donald76.578@example.com,SO,2024-11-07,Premium,2049.21
579,Jesse Rosario,robertwatson.579@example.com,KZ,2025-03-02,Standard,40481.04
580,Sally Arnold,melanie35.580@example.com,TH,2022-05-26,Standard,16199.19
581,David Wood,dkeller.581@example.com,CA,2022-07-26,Premium,8914.97
582,Lori Harper,shaffertaylor.582@example.com,BR,2020-08-08,Basic,20067.81
583,Jennifer Evans,stephanienorton.583@example.com,ST,2022-01-31,Premium,9503.24
584,Omar Henry,mccormickjohn.584@example.com,GE,2025-09-13,Premium,36538.46
585,Jamie Campbell,justin73.585@example.com,SK,2021-05-02,Standard,12701.48
586,Bobby Rodriguez,ygreene.586@example.com,MU,2023-10-08,Premium,17722.28
587,Casey Ortiz,richard34.587@example.com,TD,2025-12-30,Basic,44718.43
588,David Garcia,ashley55.588@example.com,MV,2022-01-23,Premium,42851.75
589,James Mason,owensjames.589@example.com,KR,2020-02-08,Standard,37583.46
590,Christina Roth,lmurphy.590@example.com,LU,2024-07-10,Premium,21694.02
414,Scott Garrett,oconnorkelly.591@example.com,NE,2020-03-08,Standard,29870.68
592,Henry Burke,reginadixon.592@example.com,PY,2023-04-24,Premium,17705.20
593,Megan Sparks,rebecca52.593@example.com,LU,2024-09-20,Basic,43018.70
594,Vanessa Allen,felicia18.594@example.com,CY,2025-06-30,Standard,38257.36
595,Thomas Parks,usmith.595@example.com,EC,2024-06-21,Standard,7327.96
596,Alexandra Elliott,wvang.596@example.com,GQ,2023-08-13,Premium,18521.66
597,John Leon,jaymarshall.597@example.com,SC,2025-03-09,Standard,49789.29
598,Kara Jones,vargasconnie.598@example.com,BG,2022-09-12,Basic,10965.23
599,Daniel Young,brycegraham.599@example.com,IQ,2021-09-16,Premium,30535.83
600,Nicole Mcintyre,bradleymichelle.600@example.com,BT,2025-04-28,Premium,593.48
601,Donna Allen,ihicks.601@example.com,TO,2020-06-05,Basic,16150.83
602,Kayla Estrada,anthonyhouston.602@example.com,CM,2025-05-05,Premium,10976.01
603,Veronica Snyder,james50.603@example.com,VC,2025-12-08,Premium,47006.46
604,Brittany Miller,josephmitchell.604@example.com,NG,2020-03-23,Premium,30309.34
605,Heather Ellison,theresa50.605@example.com,CY,2022-10-07,Standard,18303.01
606,Michael Day,joshua25.606@example.com,CO,2021-07-15,Premium,22892.26
607,Jessica Lamb,dcardenas.607@example.com,CF,2025-10-15,Standard,1658.38
608,Seth Davis,colemansarah.608@example.com,BW,2021-04-05,Premium,10090.49
609,Matthew Bell,perezchristopher.609@example.com,BG,2022-07-08,Standard,37655.43
610,Jonathan Hernandez,uallen.610@example.com,BO,2020-05-23,Standard,28918.17
611,Sharon Ortiz,ucruz.611@example.com,QA,2023-10-04,Standard,27175.44
612,Tonya Collins,hurstsandra.612@example.com,SG,2021-04-24,Standard,3739.35
613,Willie Ellis,rachel96.613@example.com,KN,2023-06-17,Basic,12163.23
614,Whitney Morales,charles16.614@example.com,ZW,2021-05-27,Standard,17822.15
615,James Briggs,deborahwillis.615@example.com,PH,2026-07-06,Premium,39267.89
616,Richard Brown,danielle07.616@example.com,FJ,2020-09-30,Premium,45296.23
617,Eric Gray,jennifer82.617@example.com,BB,2025-12-03,Basic,12488.51
618,Angela Flores,michelle08.618@example.com,ES,2021-10-21,Standard,20331.02
619,Sue Rodriguez,catherinedonovan.619@example.com,ZM,2021-07-11,Standard,29798.92
620,Michael Jones,mvega.620@example.com,MY,2022-05-14,Standard,14207.98
621,Amanda Velasquez,gomezjason.621@example.com,NE,2023-07-09,Standard,40823.72
622,Julie Fowler,elizabethlloyd.622@example.com,BE,2021-09-04,Standard,20661.65
623,Roy Armstrong,mwilson.623@example.com,TM,2021-09-14,Standard,39579.23
624,Caitlyn Johnson,mary40.624@example.com,EG,2024-12-14,Premium,12701.03
625,Kendra Payne,hartmanvanessa.625@example.com,AL,2021-09-12,Premium,8406.22
626,William Glass,jlopez.626@example.com,ER,2024-05-03,Premium,19197.18
627,Jacqueline Berry,walkerjoseph.627@example.com,NP,2024-04-22,Standard,46378.71
628,Mary Thomas,matthewwilliams.628@example.com,CM,2023-10-23,Basic,5774.43
629,Ellen Chase,nbaxter.629@example.com,CH,2022-09-27,Premium,6341.60
630,Jason Macdonald,wheelerrichard.630@example.com,GA,2020-05-05,Premium,31557.27
631,Christina Quinn,stonemichael.631@example.com,IR,2026-05-16,Standard,25847.98
632,Dr. Laura Porter,petersnoah.632@example.com,VE,2021-10-26,Premium,42001.64
633,Jared Vargas,deannagalloway.633@example.com,TL,2024-11-01,Standard,46726.89
634,Lee Velazquez,cwhite.634@example.com,SC,2026-04-20,Basic,27115.69
635,Isaac Morgan,kellyhayes.635@example.com,UY,2022-11-20,Standard,12560.82
636,Jesse Nunez,diana67.636@example.com,MV,2025-10-14,Premium,23740.18
637,Kenneth Holmes,sharpdarrell.637@example.com,BY,2026-02-16,Standard,510.19
638,Mitchell Johnson,kward.638@example.com,FR,2022-07-29,Basic,37767.60
639,Shane Rogers,lauriecarter.639@example.com,BS,2026-01-01,Basic,15288.90
640,Elizabeth Rodgers,andreajohnson.640@example.com,CN,2026-04-16,Standard,5189.84
641,Aaron Jones,hamptonhannah.641@example.com,PH,2023-01-01,Premium,37774.87
642,Julie Horton,qzhang.642@example.com,CG,2021-01-09,Standard,16365.66
643,James Wilson,roberto91.643@example.com,CV,2021-02-21,Standard,3621.02
644,Kayla Glover,kschultz.644@example.com,IQ,2021-03-29,Premium,25398.76
645,Laurie Wilson,tmathis.645@example.com,NG,2023-07-23,Standard,11178.37
646,Mr. Patrick Hansen Jr.,reedtammy.646@example.com,QA,2020-12-17,Basic,4951.84
647,Michael Reyes,coxchad.647@example.com,KM,2022-05-03,Standard,5593.21
648,Jennifer Gutierrez DDS,vortega.648@example.com,SL,2020-10-01,Basic,35386.99
649,Tyler Townsend,yingram.649@example.com,YE,2025-01-22,Basic,29468.09
650,Patrick Knight,justin24.650@example.com,NZ,2022-11-24,Standard,42425.05
651,Rhonda Taylor,christopherdavis.651@example.com,SR,2026-04-10,Basic,45583.59
652,Leonard Castro,erikaoneill.652@example.com,CZ,2026-05-31,Basic,6948.62
653,Amber Jenkins,joshua02.653@example.com,KG,2026-06-05,Standard,15540.53
654,Tracy Martinez,michaelgreene.654@example.com,JP,2020-04-25,Premium,3969.19
655,Keith Chase,carlos68.655@example.com,YE,2024-04-11,Basic,41747.94
656,Roberta Sanchez,wbennett.656@example.com,MM,2023-09-11,Premium,35480.78
657,Carlos Lewis,matthewhart.657@example.com,SL,2024-01-11,Basic,35029.19
658,Anna Wallace,michellewarren.658@example.com,KE,2023-10-01,Standard,20198.18
659,Jane Mahoney,jhamilton.659@example.com,ML,2024-09-07,Premium,22358.12
660,Daniel Grimes,baileyamanda.660@example.com,TV,2026-09-05,Premium,48222.32
661,Ronald Bell,dharrison.661@example.com,PW,2022-09-11,Basic,44748.85
662,Robert Young,adamjennings.662@example.com,CZ,2023-01-16,Basic,19619.15
663,Bruce White,valeriekelly.663@example.com,VN,2026-05-24,Premium,37831.15
664,Mrs. Cindy Martin,whitechristian.664@example.com,IR,2023-12-27,Basic,38692.70
665,Destiny Joyce,henrynorton.665@example.com,IS,2020-06-17,Basic,21501.34
666,Andrew Bell,coreypruitt.666@example.com,LB,2022-07-24,Basic,10348.62
667,Susan Zuniga,brookslauren.667@example.com,ZW,2024-05-03,Basic,46689.36
668,Adam Wright,julian14.668@example.com,LI,2022-05-27,Standard,5323.62
669,Victor Carter,murphymichael.669@example.com,VA,2020-11-26,Standard,8360.11
670,Rachel Soto,christine88.670@example.com,BY,2024-10-15,Standard,7551.66
671,James Lawson,qjennings.671@example.com,RU,2021-12-29,Basic,45101.36
672,Joseph Brewer,stricklandpeter.672@example.com,PG,2023-09-27,Basic,22485.97
673,Zachary Edwards,zgonzalez.673@example.com,AG,2024-11-10,Premium,17073.86
674,David Rubio,meredithrodriguez.674@example.com,MG,2021-04-24,Standard,41604.32
675,Rebecca Guerra,raymond61.675@example.com,GT,2021-03-16,Basic,32350.40
676,Amber Perez,harcher.676@example.com,LB,2020-09-14,Standard,27483.62
677,Christopher May,christopher92.677@example.com,ZA,2021-09-20,Premium,21372.32
678,Joseph Nelson,nmorgan.678@example.com,HU,2022-12-16,Basic,38979.24
679,Teresa Moreno,tammymurray.679@example.com,AE,2021-11-28,Premium,514.87
680,Brittany Mack,christy66.680@example.com,KZ,2022-04-24,Standard,33329.22
681,Erik Schultz,kimberlysilva.681@example.com,CD,2023-10-11,Standard,39312.93
682,Adrian Evans,stewartjennifer.682@example.com,AU,2023-09-06,Premium,8251.68
683,Jamie Boyle,garciakimberly.683@example.com,NL,2024-07-30,Standard,30911.86
684,Leslie Small,zraymond.684@example.com,PS,2025-08-27,Basic,40502.28
685,Shane Durham,murphysamantha.685@example.com,CY,2020-03-31,Premium,7918.74
686,Michael Gibson,hannah34.686@example.com,DJ,2022-04-22,Basic,20864.71
687,Jerry Bush,ucannon.687@example.com,GB,2024-05-23,Basic,45787.96
688,Nathan Johnson,amberholder.688@example.com,ZM,2021-11-29,Premium,2343.08
689,Justin Washington,user@example,BD,2022-06-22,Premium,5663.76
690,Denise Phillips,hannah32.690@example.com,LB,2026-08-05,Standard,19681.42
691,Seth Nolan,vasquezrichard.691@example.com,NO,2021-11-21,Standard,38748.61
692,Jose Zimmerman,daniel83.692@example.com,MC,2024-06-10,Premium,24008.19
693,Robert Boyd,crystal58.693@example.com,MR,2022-08-14,Premium,5394.72
694,Brandon Martinez,anna39.694@example.com,UZ,2023-01-16,Basic,34457.44
695,Kristi Chavez,npaul.695@example.com,IE,2022-03-15,Standard,27738.49
696,Dustin Harmon,hendersonnatalie.696@example.com,SR,2021-05-26,Standard,3470.99
697,Christopher Martinez,johncastro.697@example.com,DJ,2021-12-31,Premium,44764.99
698,Douglas Contreras,cynthiajohnson.698@example.com,ST,2022-09-23,Premium,46029.26
699,Kyle Baker,hayleymiddleton.699@example.com,PA,2023-04-03,Standard,39719.06
700,Philip Richardson,lsmall.700@example.com,TO,2023-07-08,Basic,46529.44
701,Robert Blair,guerreromark.701@example.com,TR,2026-04-22,Premium,40665.56
702,Gary Lee,colearthur.702@example.com,VE,2025-10-18,Standard,26960.35
703,Bethany Woods,joshua71.703@example.com,CZ,2023-05-22,Standard,30300.70
704,Holly Hansen,xwong.704@example.com,AF,2020-10-24,Premium,35894.39
705,Lisa Berry,cheryl26.705@example.com,PE,2024-08-21,Premium,33758.31
706,Matthew Hoffman,nharper.706@example.com,GE,2026-02-25,Premium,41171.46
707,Michelle Gutierrez,sharonclark.707@example.com,GA,2022-07-10,Premium,19123.26
708,Anna Ballard,pjohnson.708@example.com,WS,2025-06-06,Basic,23201.82
709,Jason Skinner,jenniferpowell.709@example.com,DJ,2021-08-14,Standard,20027.57
710,Sabrina Bryant,fredburns.710@example.com,DZ,2023-02-25,Basic,28953.74
711,Miguel Munoz,rhorton.711@example.com,DZ,2024-01-07,Standard,12084.10
712,William Holt,robert06.712@example.com,BI,2025-04-09,Basic,37421.62
713,Daniel Rodriguez,zfowler.713@example.com,MG,2026-03-28,Standard,32550.23
714,Anthony Wright,hudsonsteven.714@example.com,PL,2024-04-07,Premium,44364.13
715,Dr. Christopher Silva,kevinlynch.715@example.com,AZ,2022-08-06,Standard,49148.42
716,Cesar Garcia,hernandezheather.716@example.com,KH,2025-10-26,Basic,14990.05
717,Joshua Patterson,keithwilson.717@example.com,SN,2022-03-14,Basic,17637.14
718,Julie Robinson,bchavez.718@example.com,SY,2022-06-30,Premium,5527.31
719,Katrina Martin,stephaniehall.719@example.com,SR,2026-06-03,Premium,5493.85
720,Michael Hill,emily97.720@example.com,AE,2023-04-11,Premium,48225.16
721,Joseph Morris,ana58.721@example.com,TG,2021-05-09,Standard,47319.18
722,Andrea Robinson,danielchapman.722@example.com,DO,2025-11-06,Premium,3335.20
723,Mrs. Crystal Stewart,pamela26.723@example.com,DO,2025-02-01,Basic,40675.80
724,James Mitchell,christopher10.724@example.com,SZ,2025-01-01,Standard,16744.08
725,Lauren Marks,larrypowell.725@example.com,AR,2023-03-18,Standard,42376.34
726,Paul Dyer,sarah22.726@example.com,TV,2020-11-14,Premium,48833.89
727,Erica Patel MD,mmarshall.727@example.com,SC,2020-04-08,Premium,15671.96
728,Brian Chapman,kevin50.728@example.com,MU,2022-07-13,Standard,7822.58
729,Donna Johnson,barrerakrista.729@example.com,BS,2024-01-16,Standard,10902.09
730,Christopher Parker,kyoung.730@example.com,BN,2023-09-20,Standard,8757.32
731,Melissa Powell,paynejohn.731@example.com,PT,2022-08-19,Premium,46352.78
732,Gwendolyn Sanders,ashley10.732@example.com,CH,2020-04-20,Basic,46570.56
733,Samantha Smith,tortiz.733@example.com,RS,2023-09-01,Premium,30267.07
734,Hayley Lynch,pgarrison.734@example.com,AF,2020-09-24,Basic,16452.73
735,Kara Bryant,reidjeremy.735@example.com,EG,2023-01-21,Basic,20181.88
736,Douglas Hampton Jr.,tracy76.736@example.com,BF,2020-08-11,Premium,15260.70
737,Emma Zimmerman,pattyadams.737@example.com,AG,2020-12-02,Standard,49437.24
738,Kelly Hahn,davisleslie.738@example.com,KM,2026-04-29,Basic,18634.87
739,Denise Mcdowell,georgedean.739@example.com,JM,2020-03-27,Standard,38200.17
740,Shannon Robinson,hernandezcarrie.740@example.com,SA,2024-04-15,Standard,12338.01
741,Christopher Gonzalez,kellyholland.741@example.com,SL,2022-05-21,Premium,25072.96
742,Kristina Randolph,hnelson.742@example.com,ET,2022-04-29,Basic,49251.68
743,Dillon Hart,justinpeterson.743@example.com,TV,2025-11-13,Basic,10180.56
744,Madeline Jones,calvinthomas.744@example.com,NL,2022-12-17,Basic,9115.62
745,Ashley Johnson,juliepalmer.745@example.com,BW,2022-11-14,Premium,21693.28
746,Clayton Nash,kevin65.746@example.com,MC,2026-08-11,Standard,31307.09
747,Morgan Smith,anna43.747@example.com,TG,2024-12-08,Basic,40218.53
748,Susan Washington,brookepatterson.748@example.com,US,2021-07-19,Basic,5902.26
749,Ashley Duran,pwhite.749@example.com,BF,2022-08-27,Unknown,28595.10
750,Roger Lee,lanecynthia.750@example.com,CM,2025-08-17,Standard,33879.92
751,Jennifer Townsend,debbiedelacruz.751@example.com,CG,2023-05-08,Standard,20232.00
752,Patricia Torres,earl33.752@example.com,VU,2021-08-07,Standard,24486.42
753,Patricia Smith,brianaustin.753@example.com,BE,2024-09-06,Basic,2507.55
754,Helen Harrison,mcdonaldwilliam.754@example.com,AL,2025-03-27,Premium,41505.57
755,Scott Christian,gregorybishop.755@example.com,SE,2025-03-13,Basic,7212.66
756,Karen Burton,michellegreene.756@example.com,VC,2021-05-22,Basic,27428.10
757,Amanda Figueroa,fmiller.757@example.com,BB,2023-07-16,Standard,45218.61
758,Margaret Allen,matthew66.758@example.com,QA,2026-03-17,Basic,16247.99
759,Kathleen Rice,curtissims.759@example.com,CZ,2023-05-14,Premium,38273.08
760,Timothy Medina,derrick82.760@example.com,PL,2021-07-22,Standard,11378.44
761,David Kennedy,xjohnston.761@example.com,EG,2026-02-06,Premium,33542.80
762,Melissa Jones,redwards.762@example.com,KN,2020-12-04,Basic,26264.35
763,Amy Kelley,donald17.763@example.com,CM,2021-08-23,Standard,40528.61
764,Crystal Holloway,uhernandez.764@example.com,PE,2024-09-30,Basic,42361.36
765,Rebecca Ramsey,dmartin.765@example.com,SG,2022-09-20,Basic,28325.08
766,Melanie Watson,matthew28.766@example.com,UA,2022-09-20,Premium,41008.68
767,James Kemp,markgraham.767@example.com,UA,2025-11-22,Basic,42298.35
768,Ashley Hubbard,reedashley.768@example.com,DO,2023-10-04,Basic,31441.48
769,Michelle Smith,yhanna.769@example.com,NI,2025-11-06,Premium,38384.40
770,Kevin Patterson,robert57.770@example.com,AD,2023-03-10,Basic,17407.01
771,Amy Mercado,lopezdebbie.771@example.com,SI,2023-05-28,Premium,23002.83
772,Michael Gray,jacksonjohn.772@example.com,MG,2024-03-25,Basic,13330.73
773,Alexandra Bonilla,yramos.773@example.com,SN,2022-09-19,Premium,43070.33
774,Joshua Kennedy,danielle20.774@example.com,ST,2023-07-09,Premium,7811.21
775,Michelle Ritter,terriharris.775@example.com,TO,2026-01-19,Premium,6411.53
776,Lauren Hancock,uburns.776@example.com,TG,2024-02-19,Premium,9755.87
777,James Kelley,hubersheila.777@example.com,SO,2025-09-12,Basic,20840.97
778,David Chapman,davidrich.778@example.com,GD,2020-08-25,Premium,41849.01
779,Aaron Thomas,uhall.779@example.com,AZ,2024-01-02,Standard,34392.97
780,Christopher Ball,glenncontreras.780@example.com,HN,2021-05-28,Basic,47472.74
781,Matthew Brown,rossdiane.781@example.com,YE,2024-01-11,Standard,38325.92
782,Alicia Baird,theresamurphy.782@example.com,KP,2021-01-30,Premium,36193.36
783,David Green,jennifer86.783@example.com,MW,2024-02-11,Basic,31366.83
784,Wendy Johnson,mary87.784@example.com,LC,2023-09-22,Premium,12275.59
785,Erica Olson,hurstsamuel.785@example.com,FM,2026-03-06,Premium,43415.78
786,Patrick Garcia,moonkevin.786@example.com,CN,2021-05-02,Basic,29362.47
787,Alexis Bailey,denise72.787@example.com,ID,2026-01-01,Basic,43538.16
788,Jason Khan,brooksmichael.788@example.com,MM,2022-06-18,Premium,45975.31
789,Amber Perkins,christopher56.789@example.com,SM,2020-07-05,Basic,39506.46
790,Edward Wagner,brandiingram.790@example.com,LU,2023-09-21,Basic,22677.84
791,Sandra Rios DDS,cohenashley.791@example.com,UA,2025-04-01,Standard,41947.44
792,Amy Rogers,whitejonathan.792@example.com,MR,2026-01-03,Premium,43251.54
793,Jeffery Miller,gregorycharles.793@example.com,MV,2026-08-22,Standard,20070.96
794,Amy Tyler,egomez.794@example.com,VU,2026-08-04,Premium,44370.21
795,Carolyn Pennington,jhaas.795@example.com,CO,2021-02-15,Standard,3549.90
796,Leah Ray,sphillips.796@example.com,LK,2020-11-05,Premium,25373.09
797,Brittany Johnson,gregory31.797@example.com,DE,2020-07-16,Premium,29703.43
798,Catherine Johnson,jeffreyfitzpatrick.798@example.com,PA,2021-09-09,Standard,3206.35
799,Veronica Norris,charlesmckee.799@example.com,BO,2022-06-14,Premium,44921.92
800,Eric Keller,ambermelton.800@example.com,RS,2025-12-29,Standard,22352.13
801,Mark Smith,youngraymond.801@example.com,BI,2023-06-13,Premium,4950.14
802,Mr. Jonathan Hoffman,kknapp.802@example.com,CL,2024-11-01,Basic,30444.22
803,Adam Hernandez,tsnow.803@example.com,MN,2023-06-05,Premium,37999.96
804,Mr. Luke Ellis DDS,noah17.804@example.com,IR,2021-07-06,Standard,24311.34
805,Tyler Rivers,travisbrooks.805@example.com,GW,2026-08-27,Standard,16181.72
806,Larry Moreno,grace79.806@example.com,PY,2022-10-24,Premium,11724.55
807,Amy Rogers,james72.807@example.com,ST,2023-08-05,Premium,33006.36
808,Joseph Holmes DVM,lindsay96.808@example.com,SZ,2024-03-01,Basic,29246.03
809,Ronald Brown,iscott.809@example.com,MG,2024-09-15,Basic,29434.44
810,Jacqueline Rodgers,melissahoward.810@example.com,BH,2024-06-18,Premium,23349.24
811,Adam Herrera,tramirez.811@example.com,AF,2024-05-25,Standard,37654.80
812,Shawna Davis,wmorris.812@example.com,SL,2022-03-11,Premium,21508.92
813,Mary Wilson,marvin00.813@example.com,TM,2026-09-16,Premium,15401.36
814,Gregory Ford,ybentley.814@example.com,NZ,2025-05-01,Standard,3501.35
815,Christopher Brown,valerie43.815@example.com,GA,2022-02-13,Premium,890.02
816,Amber King,matthewcraig.816@example.com,FJ,2023-06-01,Premium,25874.75
817,Justin Church,evanday.817@example.com,CF,2021-07-14,Premium,23596.39
818,Jill Huang,kirsten39.818@example.com,MZ,2025-09-01,Premium,20481.36
819,Joseph Lutz,ashley72.819@example.com,BO,2022-12-22,Standard,28709.04
820,Miss Ashley Smith,pallen.820@example.com,JP,2021-04-02,Premium,2395.81
821,Stephanie Reyes,nhorne.821@example.com,CL,2020-08-30,Standard,27196.12
822,Michael Brown,brianhull.822@example.com,SB,2024-07-30,Standard,1866.75
823,Michael Miles,lisabuck.823@example.com,RO,2024-03-26,Standard,36110.06
824,Joshua Chambers,davidgreen.824@example.com,ES,2021-03-13,Basic,8557.25
825,Susan Webb,jennifermorgan.825@example.com,NA,2020-01-18,Standard,31093.95
826,Gregory Roberts,paulbarber.826@example.com,KN,2024-12-04,Standard,16480.26
827,Jessica Parks,smiththomas.827@example.com,LT,2022-09-03,Premium,17086.42
828,Laura Chapman,elizabethlynn.828@example.com,LV,2020-11-06,Standard,20402.84
829,Alison Dunn,melaniepeterson.829@example.com,BJ,2020-09-26,Standard,14011.88
830,Cody Carr,timothy82.830@example.com,TM,2020-04-13,Basic,24730.80
831,Ashley Bates DVM,johnsonjerry.831@example.com,VA,2022-04-19,Premium,38028.98
832,Crystal Shepherd,campbellrachel.832@example.com,KE,2020-09-30,Premium,17335.67
833,Justin Harrell,michaelwhite.833@example.com,ML,2024-09-17,Standard,1273.45
834,Nicholas Morrison,dpoole.834@example.com,PW,2026-03-24,Premium,41801.99
835,Hannah Burgess,suzannecarter.835@example.com,TM,2026-09-19,Premium,25538.12
836,John Turner,edward79.836@example.com,CR,2025-01-11,Standard,47428.81
837,Linda Kim,rachael29.837@example.com,KW,2025-10-06,Premium,14940.60
838,Jason Chase,anthonymendoza.838@example.com,RO,2020-12-25,Premium,34617.75
839,Derek Mendoza,sullivantiffany.839@example.com,MU,2024-02-18,Unknown,18389.75
840,Victoria Sandoval,chelsea68.840@example.com,VA,2020-10-12,Premium,43730.13
841,Ryan Armstrong,thomas71.841@example.com,GT,2021-05-22,Basic,1895.56
842,Shelly Smith,parrishvictoria.842@example.com,PS,2023-10-15,Basic,42758.11
843,Thomas Santos,david56.843@example.com,WS,2022-10-18,Standard,42659.21
844,Crystal Ward,veronicabarnett.844@example.com,PE,2026-01-14,Basic,48141.05
845,Lori Brown,frank55.845@example.com,SA,2025-02-03,Basic,22161.76
846,Jared Bailey,mckaynatalie.846@example.com,YE,2021-03-28,Standard,33333.49
847,Jason Martin,brentmills.847@example.com,BZ,2025-04-26,Standard,30719.72
848,Bradley Thomas,jonesbrandon.848@example.com,DO,2023-09-11,Standard,38511.98
849,Jon Smith,xwhite.849@example.com,SM,2023-04-04,Premium,29299.81
850,Jason Wilson,ginamendez.850@example.com,LS,2020-05-03,Standard,32425.31
851,Brianna York,robinsonjustin.851@example.com,CD,2026-07-31,Basic,42168.74
852,Lee Lara,allen70.852@example.com,LV,2021-12-13,Premium,28759.08
853,Aaron Douglas,daniellecabrera.853@example.com,GE,2023-03-24,Standard,17173.99
854,Marc Robertson,masseyronald.854@example.com,QA,2023-11-14,Standard,30241.11
855,Terri Curry,aaron77.855@example.com,TO,2024-06-28,Premium,45712.56
856,Emily Alexander,wigginsaaron.856@example.com,MC,2026-01-21,Standard,41185.41
857,Melissa Caldwell,krausechristina.857@example.com,MX,2025-05-19,Premium,37428.26
858,Willie Prince DDS,richardhuang.858@example.com,PE,2022-04-30,Basic,19669.54
859,David Calderon,michaelvalencia.859@example.com,AE,2024-12-30,Standard,37694.77
860,Kimberly Castillo,lgonzalez.860@example.com,CN,2025-03-14,Premium,6328.55
861,Nathaniel Harris,mary88.861@example.com,VE,2025-01-27,Standard,40310.99
862,Nicholas Bennett,jaclynsummers.862@example.com,BD,2023-05-26,Basic,35859.39
863,Melissa Yates,parkrobert.863@example.com,EE,2022-03-16,Basic,4542.05
864,Frank Snyder,wjohnson.864@example.com,KZ,2025-07-16,Standard,38410.58
865,Robin Olson,holly29.865@example.com,TD,2021-08-09,Standard,39604.18
866,Jessica Knight,adrienneriley.866@example.com,ZW,2024-02-18,Basic,30152.79
867,Dana Wilson,davidsimpson.867@example.com,KW,2021-07-03,Basic,46800.77
868,Nicole Walker,adrian67.868@example.com,TG,2021-10-12,Standard,789.99
869,Christopher Marquez,nicholskathy.869@example.com,IQ,2021-12-05,Basic,26753.13
870,William Johnson DDS,vcollier.870@example.com,GQ,2026-01-22,Premium,7521.85
871,Anthony Cox,vnelson.871@example.com,AG,2021-12-06,Standard,39221.21
872,Eric Shaw,rochagrace.872@example.com,DO,2026-03-30,Basic,5518.89
873,Sarah Fisher,crystal38.873@example.com,BA,2023-02-18,Basic,42946.94
874,Curtis May,calderonjames.874@example.com,KM,2021-06-27,Standard,14332.14
875,Anthony Castaneda,qdavis.875@example.com,KP,2022-10-19,Premium,28458.56
876,Anna Powell,mitchellstout.876@example.com,ZM,2026-06-11,Standard,17705.67
877,Michael Lewis,shane46.877@example.com,ID,2023-04-16,Basic,15708.06
878,Paige Sloan,eric58.878@example.com,ET,2022-04-01,Premium,43040.86
879,Alvin Kane,matthew07.879@example.com,SB,2020-03-18,Standard,38383.14
880,Nancy Williamson,yhanna.880@example.com,AT,2024-01-09,Standard,27307.67
881,Aaron Gilbert,qallen.881@example.com,BO,2020-06-29,Basic,11662.32
882,Billy Mcconnell,william23.882@example.com,LB,2026-05-20,Basic,20994.37
883,David Cruz,jenna79.883@example.com,US,2020-05-28,Basic,49628.57
884,Joseph Carroll,gbryant.884@example.com,UA,2024-11-20,Basic,44746.62
885,April Scott,qmullins.885@example.com,SE,2022-03-10,Standard,15082.45
886,Melissa Morgan,browncheryl.886@example.com,MD,2022-10-13,Basic,46103.76
887,Alyssa Beasley,dwalters.887@example.com,GB,2022-10-17,Standard,40680.07
888,Meghan Mcclain,kayla21.888@example.com,VU,2022-03-25,Premium,35799.52
889,Susan Leonard,jeremiahmarshall.889@example.com,RO,2023-09-19,Standard,2937.65
890,Rachel Strickland,ajohnson.890@example.com,TN,2025-11-13,Premium,20934.00
891,Jennifer Andrews,sean29.891@example.com,CN,2026-08-27,Basic,1916.46
892,Nathan Lynch,kimberlycurry.892@example.com,AT,2025-07-19,Standard,44050.34
893,Amy Brown,tconner.893@example.com,NP,2026-07-29,Premium,24844.20
894,David Walton,michaelkathryn.894@example.com,IQ,2023-12-28,Premium,10477.48
895,Morgan Morris,wsmith.895@example.com,KN,2020-09-15,Standard,19225.55
896,Antonio Castillo,cnguyen.896@example.com,SZ,2024-08-08,Basic,2016.04
897,James Jones,christinestewart.897@example.com,BW,2021-11-18,Basic,30600.84
898,Ruben Davidson,tturner.898@example.com,MY,2024-03-11,Standard,45603.11
899,Monica Dean,christopher22.899@example.com,VN,2026-01-04,Basic,16917.32
900,Daniel Garrett,alawrence.900@example.com,MN,2023-09-20,Premium,3898.48
901,Jacqueline Lopez,markanderson.901@example.com,VC,2021-12-07,Basic,33898.79
902,Raymond Pittman,leedennis.902@example.com,BI,2026-04-14,Standard,20155.44
903,Cindy Becker,csavage.903@example.com,SD,2025-06-17,Premium,5180.82
904,Martha Cook,ulong.904@example.com,TD,2023-07-25,Premium,25230.46
905,Scott Coleman,wardtiffany.905@example.com,SV,2024-12-12,Standard,34733.16
906,Dawn Reed,stephaniemoore.906@example.com,JP,2023-10-16,Standard,33450.56
907,Edward Crosby,dreed.907@example.com,CO,2021-10-11,Standard,17284.54
908,Katrina Smith,usimpson.908@example.com,CY,2023-05-05,Standard,523.77
909,Lisa Smith,nicholsbrent.909@example.com,PA,2023-06-29,Standard,22281.61
910,Kathryn Dawson,vmejia.910@example.com,WS,2020-03-27,Premium,29820.29
911,Erica Thompson,dickersongregory.911@example.com,CN,2024-04-16,Standard,25335.64
912,Alexandra Dixon,ruthgilmore.912@example.com,GD,2022-03-18,Standard,39734.22
913,Mandy Newman,kristengarcia.913@example.com,TH,2021-08-28,Standard,29817.11
914,Michael Baker,krandall.914@example.com,CG,2023-10-26,Premium,12956.19
915,Patricia Welch,taylorderrick.915@example.com,BW,2021-08-13,Basic,13571.57
916,Carla Ross,amanda30.916@example.com,QA,2024-03-07,Standard,36773.27
917,Adam Wong,jill17.917@example.com,DZ,2024-01-29,Premium,17917.58
918,Theresa Ramirez,benjaminbishop.918@example.com,ME,2021-04-01,Standard,10244.23
919,James Smith,annedavid.919@example.com,CG,2020-12-06,Standard,36403.13
920,Jim Bowen,johnsonleslie.920@example.com,SA,2023-08-28,Standard,39425.63
921,John Pena,james69.921@example.com,MG,2021-10-21,Basic,8916.01
922,Timothy Camacho,wheelerjacob.922@example.com,UA,2020-07-05,Premium,5308.62
923,Joseph Buck,djackson.923@example.com,KW,2020-08-09,Premium,38344.95
924,David Lang,davidmoore.924@example.com,ID,2022-08-19,Premium,22035.58
925,Matthew Watson,wsmith.925@example.com,FJ,2024-01-14,Standard,29257.48
926,Joshua Torres,vpierce.926@example.com,PG,2020-02-13,Standard,21887.67
927,Tammy Swanson,ericalvarez.927@example.com,VN,2022-05-24,Premium,4337.42
928,Andrew Martin,christopher85.928@example.com,CU,2021-11-22,Basic,44665.43
929,Christopher Diaz,florespamela.929@example.com,KN,2025-09-05,Standard,19522.34
930,James Young,vmason.930@example.com,CL,2022-12-08,Premium,34029.33
931,Charles Hahn,trevorglass.931@example.com,SE,2024-04-29,Standard,41761.64
932,William Mendez,krystalbryan.932@example.com,KI,2021-12-08,Basic,16844.04
933,Andrew Hernandez,mfisher.933@example.com,LC,2022-03-25,Standard,28552.24
934,Jeremiah Williams,michaeldaniels.934@example.com,SD,2026-08-21,Basic,15634.25
935,Joseph Eaton,tmitchell.935@example.com,PK,2023-10-22,Standard,19407.27
936,Yesenia Smith,emma72.936@example.com,TV,2025-06-10,Premium,34913.76
937,Alexander Smith,reidmelinda.937@example.com,GH,2024-05-17,Standard,12034.60
938,Ricky Becker,dhill.938@example.com,AU,2024-01-04,Premium,13315.53
939,Ms. Kristen Davis DVM,jacqueline18.939@example.com,NZ,2024-08-21,Basic,14729.51
940,Jose Williams,cannonryan.940@example.com,LI,2023-02-15,Basic,7375.73
941,Stephen Mejia,maria14.941@example.com,VE,2022-03-07,Standard,21882.42
942,Ashley Glover,bethany91.942@example.com,LB,2020-04-27,Basic,45646.39
943,Tracy Huerta,bartonmichelle.943@example.com,BF,2023-11-05,Basic,24446.83
944,Kelly Costa,jbaker.944@example.com,KR,2025-05-29,Standard,10208.55
945,Phillip Allen,johnsonjohn.945@example.com,MG,2023-06-01,Standard,39989.23
946,Kelly Torres,haydenmichael.946@example.com,CO,2023-09-25,Standard,42012.08
947,Brian Anderson,rachel97.947@example.com,DK,2023-07-07,Standard,39044.45
948,Sarah Kelly,robertsonamanda.948@example.com,GH,2022-07-03,Standard,10739.10
949,Tony Cruz,walkerkyle.949@example.com,RO,2024-09-13,Standard,9671.25
950,Sierra Martinez,waltersrichard.950@example.com,LA,2020-02-06,Standard,1635.64
951,Tony Taylor,npeterson.951@example.com,AO,2025-07-03,Premium,40273.03
952,Cindy Simpson,woodwardbrandon.952@example.com,MX,2023-03-08,Basic,40234.10
953,Jessica Johnson,alexander47.953@example.com,CY,2021-07-26,Basic,49908.88
954,John Buck,jjackson.954@example.com,TW,2023-06-27,Premium,184.46
955,Carolyn Jones,chenderson.955@example.com,PK,2021-12-10,Standard,28971.24
956,Brian Collier,vdiaz.956@example.com,BF,2021-07-27,Standard,33684.92
957,Christina Gentry,gregory52.957@example.com,LT,2022-02-08,Premium,7669.73
958,Nicholas Morales,jrivera.958@example.com,GB,2020-12-01,Basic,47486.75
959,Jacqueline Miller,stephanieyoung.959@example.com,SV,2025-04-08,Basic,20052.91
960,Brooke Green,patricia32.960@example.com,DE,2026-08-26,Basic,38440.75
961,Christopher Zimmerman,william77.961@example.com,CO,2026-05-23,Premium,45084.92
962,Elizabeth Fernandez,sherrymartinez.962@example.com,MH,2021-02-23,Basic,48941.64
963,James Williams,steven72.963@example.com,LK,2025-08-23,Basic,48651.35
964,Tyler Nguyen,brian27.964@example.com,SL,2021-03-01,Premium,10261.64
965,Erik Miller,omorris.965@example.com,SV,2026-07-11,Basic,12007.85
966,Jacob Savage,scott99.966@example.com,UG,2025-01-27,Standard,40805.64
967,Brian Watson,andersonchristina.967@example.com,KN,2021-10-13,Premium,47177.16
968,Michelle Gilbert,matthew95.968@example.com,ER,2022-09-03,Basic,45607.09
969,Joel Raymond,hensoncourtney.969@example.com,BW,2023-01-20,Premium,6626.54
970,Mrs. Belinda Perez DDS,kshaw.970@example.com,VA,2025-04-09,Premium,13874.85
971,Andrea Cannon,jamesmorales.971@example.com,LC,2025-08-28,Standard,709.18
972,Sean Lopez,ijohnson.972@example.com,CG,2024-06-10,Premium,10595.59
973,Robert Pennington,leslie00.973@example.com,GA,2026-04-25,Standard,36801.91
974,Angel Harvey,kimberly00.974@example.com,ER,2024-08-02,Premium,21972.70
975,Michael Nichols,rhenderson.975@example.com,SI,2025-08-29,Basic,36980.36
976,Patricia Peterson,brianmckay.976@example.com,PW,2024-11-07,Basic,47216.95
977,Michael Hays,kristina60.977@example.com,KE,2023-01-07,Premium,14928.00
978,Angelica Barr,loricampbell.978@example.com,CZ,2021-06-21,Premium,37699.80
979,William Banks,collinsbrian.979@example.com,KH,2023-02-24,Basic,28616.75
980,Brian Watson,grobertson.980@example.com,TZ,2021-03-01,Basic,27786.04
981,Alison Clark,scottsydney.981@example.com,SA,2025-08-20,Standard,5988.88
982,Antonio Reed,dkoch.982@example.com,KE,2020-11-14,Standard,41780.95
983,Taylor Richardson,moraleslauren.983@example.com,SN,2025-07-31,Standard,24909.03
984,Zachary Molina,aholland.984@example.com,IE,2021-01-14,Standard,3210.67
985,Denise James,myerssandra.985@example.com,TN,2025-04-09,Standard,43726.40
986,Sharon Lewis,cranekathy.986@example.com,IN,2020-10-06,Basic,8250.73
987,Andre Bishop,ahatfield.987@example.com,FJ,2022-06-14,Standard,10212.98
988,Brad Green,zelliott.988@example.com,MG,2024-08-13,Premium,33471.27
989,Joanna Miller,catherine16.989@example.com,LS,2020-05-30,Basic,27571.57
990,Mary Gross,gbates.990@example.com,NI,2025-11-01,Basic,1282.37
991,Stephen Peterson,christianjoshua.991@example.com,BW,2026-05-12,Basic,27781.46
992,Jay Hoover,zreese.992@example.com,MU,2025-11-28,Basic,19278.27
993,Samuel Fernandez,barnesrebecca.993@example.com,MC,2026-06-25,Premium,11901.06
994,Jennifer Gardner,diane81.994@example.com,CY,2025-07-20,Premium,48237.91
995,Stephanie Franco MD,ayersjoseph.995@example.com,SC,2021-02-14,Premium,4262.82
996,Kerry Tucker,shannonruth.996@example.com,KZ,2022-03-18,Basic,22776.84
997,Scott Wolfe DVM,vcarlson.997@example.com,KI,2023-06-22,Standard,44470.51
998,Elizabeth Delacruz,phenderson.998@example.com,AT,2025-11-21,Basic,35907.06
999,Tina Coleman,millerkathryn.999@example.com,VA,2026-06-23,Premium,26453.92
1000,Christopher Miller,lee28.1000@example.com,IS,2024-07-04,Standard,15004.15
1001,Anne Holt,haleyrobert.1001@example.com,DO,2021-07-01,Premium,25606.11
1002,Valerie Harrington,keithstone.1002@example.com,TJ,2025-08-20,Standard,28419.24
1003,Paul Lane,jessica74.1003@example.com,GA,2026-06-29,Basic,9445.84
1004,James Scott,everettjustin.1004@example.com,IQ,2023-10-03,Standard,2746.96
1005,Brian Morgan,nicholas50.1005@example.com,VN,2023-10-11,Standard,26497.85
1006,Jessica Walton,vperry.1006@example.com,GD,2021-02-24,Basic,20950.12
1007,Caleb Park,donald13.1007@example.com,MY,2023-07-13,Basic,26439.21
1008,Cory Monroe,eric97.1008@example.com,MU,2026-09-01,Basic,33513.11
1009,Kimberly Leach,lindapham.1009@example.com,US,2020-10-13,Premium,16268.77
1010,Elizabeth Mccoy,georgekeith.1010@example.com,TJ,2024-04-23,Basic,39788.64
1011,Nathan Guerrero,nicole02.1011@example.com,LU,2023-10-15,Standard,49813.34
1012,Douglas Nielsen,brownmatthew.1012@example.com,AR,2020-12-02,Basic,5612.81
1013,Rebecca Archer,annegallegos.1013@example.com,UA,2025-02-12,Premium,28343.14
1014,Arthur Lowe,holmesgregory.1014@example.com,SK,2023-06-12,Premium,37878.33
1015,Joe Watkins,jacksonbrian.1015@example.com,ZW,2021-01-08,Premium,41795.47
1016,Stephanie Mccann,woodsaaron.1016@example.com,AD,2021-04-21,Standard,49431.81
1017,Thomas Martinez,jperkins.1017@example.com,PA,2021-12-09,Standard,48684.21
1018,Sergio Alvarado,veronicaramirez.1018@example.com,JO,2025-01-11,Standard,33048.21
1019,William Davis,rhondaholmes.1019@example.com,GQ,2025-12-02,Premium,47427.86
1020,James Porter,robertsdestiny.1020@example.com,MC,2021-08-23,Standard,15397.38
1021,Nicholas Crawford,robert74.1021@example.com,MT,2023-04-27,Basic,8085.67
1022,Connie Diaz,xmartin.1022@example.com,PY,2026-03-19,Basic,1191.58
1023,Natasha Gray,nortonshannon.1023@example.com,BS,2022-06-03,Basic,24915.28
1024,Nathan Neal,robertweiss.1024@example.com,MD,2023-12-11,Basic,16646.49
1025,Billy Garcia,tthompson.1025@example.com,TD,2021-02-16,Standard,46784.95
1026,Heather Conley,dianamurray.1026@example.com,BS,2020-09-20,Basic,31774.81
1027,Alexis Graves,wolfedana.1027@example.com,AL,2022-12-21,Premium,42357.50
1028,Eric Arias,anthony93.1028@example.com,MZ,2026-08-30,Premium,10826.26
1029,Elizabeth Estrada,tracey36.1029@example.com,SG,2022-08-05,Premium,16811.61
1030,Christopher Walsh,ellismargaret.1030@example.com,CD,2022-01-16,Premium,40311.89
1031,Kelly Powers,antonio36.1031@example.com,TM,2024-08-21,Standard,14380.98
1032,Gabrielle Weber,sonya81.1032@example.com,NZ,2024-10-21,Basic,18572.44
1033,Tara Lane,justin32.1033@example.com,FR,2022-06-06,Standard,49844.57
1034,Chelsea Duncan,jameschristine.1034@example.com,KZ,2025-12-07,Premium,9641.27
1035,Madeline Clark,allensamantha.1035@example.com,GB,2022-07-15,Premium,5110.72
1036,Tracey Hardy,tarahebert.1036@example.com,MN,2022-07-03,Basic,14151.17
1037,Melissa Morton,jeffreycraig.1037@example.com,PK,2024-01-03,Premium,48559.26
1038,Crystal Padilla,robertbanks.1038@example.com,JP,2023-05-22,Basic,23949.42
1039,Elizabeth Carlson,nunezmichelle.1039@example.com,CA,2022-09-24,Premium,14127.22
1040,Brian Hernandez,ericmcdaniel.1040@example.com,IN,2022-05-25,Basic,30871.16
1041,Brandon Mcconnell,user@,DO,2022-09-04,Standard,35321.89
1042,Derek Torres,conwayjohn.1042@example.com,JP,2025-02-09,Basic,36711.67
1043,Michelle Baker,hernandezkaren.1043@example.com,MH,2022-12-17,Standard,300.32
1044,Brooke Murray,timothy53.1044@example.com,KE,2025-08-03,Unknown,31633.11
1045,Amanda Gonzales,ucarey.1045@example.com,MG,2022-01-17,Basic,6144.39
1046,Matthew Hoover,matthewmendoza.1046@example.com,MM,2021-04-27,Basic,33079.26
1047,Traci Camacho,georgegarcia.1047@example.com,MN,2023-03-17,Standard,46851.81
1048,Christopher Kane,kimlee.1048@example.com,ST,2020-11-24,Basic,34152.98
1049,Phillip Baker,deniseesparza.1049@example.com,KG,2023-04-15,Premium,11654.18
1050,Jared Fisher,nnolan.1050@example.com,JO,2025-04-15,Basic,6790.90
1051,Brandon Juarez,mackenzie19.1051@example.com,CU,2020-10-19,Premium,49080.93
1052,Stephanie Peters,theresa16.1052@example.com,IR,2020-10-03,Standard,22685.53
1053,Sarah Greene,janicereid.1053@example.com,CY,2020-03-15,Standard,30380.42
1054,Joshua Weeks,william70.1054@example.com,UA,2022-03-06,Basic,11768.89
1055,Robert Joseph,warrenchristian.1055@example.com,SB,2026-08-06,Premium,1717.17
1056,Garrett Stephens,pjohnson.1056@example.com,AO,2026-04-22,Standard,12983.81
1057,Lisa Dixon,wflores.1057@example.com,SA,2025-03-05,Premium,43120.16
1058,Rachel Welch,catherine04.1058@example.com,LR,2020-12-30,Basic,40987.90
1059,Joseph Robinson,istewart.1059@example.com,TL,2021-11-16,Basic,20973.14
1060,Tracey Lyons,grantsusan.1060@example.com,NO,2025-03-06,Basic,20065.47
1061,Luis Houston,rosariojames.1061@example.com,NE,2020-01-17,Premium,5078.87
1062,Billy Franklin,rodriguezsophia.1062@example.com,IR,2024-01-18,Basic,44805.97
1063,Benjamin Winters,kathleen18.1063@example.com,VA,2020-08-14,Premium,11201.08
1064,Matthew Montgomery,kathy68.1064@example.com,BD,2020-02-17,Standard,34892.64
1065,Dennis Johnson,frenchnicole.1065@example.com,GQ,2025-11-21,Premium,44834.91
1066,Benjamin Miranda,davidbowen.1066@example.com,GM,2024-02-23,Premium,29737.14
1067,Kimberly Johnson,zcook.1067@example.com,RS,2024-02-26,Premium,32473.54
1068,Christina Morales,reeddavid.1068@example.com,CD,2024-11-25,Premium,38362.77
1069,Ivan Martin,rachael78.1069@example.com,LU,2022-07-15,Premium,33730.05
1070,Alex Copeland,johnsonjessica.1070@example.com,SL,2022-08-24,Basic,32136.57
1071,Julie Lawrence,,TN,2022-04-18,Standard,23502.72
1072,Joe Coleman DDS,uhicks.1072@example.com,CM,2024-02-04,Premium,40227.59
1073,Nathan Mcintyre,hallgina.1073@example.com,MK,2020-05-02,Basic,1697.84
1074,Lori Riggs,michelle64.1074@example.com,MW,2022-06-14,Basic,29999.65
1075,James Miller,timhawkins.1075@example.com,GE,2021-08-05,Premium,19366.62
1076,James Reid,samanthasmith.1076@example.com,QA,2021-09-19,Basic,45788.89
1077,Pam Baker,michellewalter.1077@example.com,CO,2025-08-22,Standard,35461.71
1078,Brian Carter,travis06.1078@example.com,LB,2023-01-08,Basic,27535.75
1079,Johnny Martin,william63.1079@example.com,IT,2024-04-30,Premium,42044.80
1080,Bryan Brown,carrie58.1080@example.com,PL,2021-05-06,Basic,13637.84
1081,Antonio Rodriguez,mallory60.1081@example.com,AG,2020-12-13,Basic,38629.65
1082,Jerry Washington,lauriebailey.1082@example.com,RW,2024-06-17,Standard,34991.28
1083,Jennifer Rogers,kelleyjames.1083@example.com,GM,2023-04-07,Basic,40252.75
1084,Michelle Byrd,justin96.1084@example.com,PT,2022-06-14,Basic,9245.48
1085,James Martinez,carterfranklin.1085@example.com,SI,2023-09-29,Basic,12549.35
1086,Stephanie Roberson,handrews.1086@example.com,NA,2026-01-25,Basic,2875.67
1087,Jessica Thomas,qwilliams.1087@example.com,OM,2020-01-16,Premium,2053.43
1088,Kyle Valdez,christiesmith.1088@example.com,US,2024-05-20,Premium,21351.87
1089,Rachel Miller,wilsonjoanna.1089@example.com,BH,2022-10-14,Basic,19166.74
1090,Joann Watkins,jessicabuchanan.1090@example.com,MG,2020-05-03,Premium,33730.29
1091,Samantha Juarez,hansenmelissa.1091@example.com,MY,2020-10-15,Standard,43240.22
1092,Victoria Fields,christinasantos.1092@example.com,LR,2024-04-07,Standard,14830.45
1093,Dr. Larry Roberts,sgrimes.1093@example.com,KP,2021-08-27,Basic,17056.40
1094,Shelley Norman,joshua22.1094@example.com,BE,2026-05-10,Basic,23765.39
1095,Troy Blackwell,hmontgomery.1095@example.com,VC,2023-04-11,Premium,12318.92
1096,Kenneth Rich,michelleharrell.1096@example.com,ES,2021-06-28,Premium,46721.84
1097,Candice Wallace,jdawson.1097@example.com,IL,2020-11-16,Premium,9359.52
1098,Christopher Flores,eandrews.1098@example.com,NA,2021-02-19,Basic,11075.23
1099,Jasmine Sullivan,melissamclaughlin.1099@example.com,SV,2021-11-12,Basic,9089.02
1100,James Thomas,pwarren.1100@example.com,SV,2025-03-23,Premium,32602.12
1101,Joshua Thomas,dfarmer.1101@example.com,KN,2020-07-12,Premium,13251.25
1102,Paige Morrison,kyleritter.1102@example.com,CU,2025-05-08,Premium,14582.57
1103,Jeffrey Yates,ruthlee.1103@example.com,MC,2025-09-25,Premium,13093.63
1104,Amber Mclaughlin,,MV,2021-09-21,Standard,36367.92
1105,Keith Phillips,nyu.1105@example.com,HR,2021-03-21,Premium,8120.61
1106,Hannah Beasley,jasminerichardson.1106@example.com,EG,2023-07-08,Basic,36388.99
1107,Beth Jones,charleswilliam.1107@example.com,ML,2026-07-16,Basic,36888.70
1108,Brittany Morrison,carrstacy.1108@example.com,BR,2025-01-28,Basic,6689.81
1109,Kimberly Turner,nixongregory.1109@example.com,GW,2020-12-27,Standard,40389.29
1110,Lauren Sanchez,iharding.1110@example.com,HN,2022-10-05,Basic,6179.15
1111,Brandon Reyes,jason50.1111@example.com,DZ,2026-04-08,Premium,31114.32
1112,Steve Anderson,juan03.1112@example.com,EG,2025-12-12,Basic,28476.43
1113,Katherine Foster,kristin99.1113@example.com,BN,2023-10-07,Premium,28205.42
1114,Kathryn Jacobson,courtney31.1114@example.com,GN,2020-10-24,Premium,9649.97
1115,Tara Buck,victorlittle.1115@example.com,NE,2024-01-17,Premium,47050.90
1116,Spencer Acosta,vincentball.1116@example.com,TL,2026-04-02,Premium,40634.97
1117,Rebecca Lynch,glenn45.1117@example.com,JO,2024-02-26,Premium,4175.55
1118,Jessica Pierce,susan00.1118@example.com,GT,2026-07-16,Standard,9967.44
1119,David Gomez,merrittjohn.1119@example.com,NE,2021-09-27,Standard,1893.00
1120,Anthony Jackson,ashleyphillips.1120@example.com,HN,2025-06-24,Basic,10849.17
1121,Eduardo Glass,evansanthony.1121@example.com,LV,2026-06-18,Premium,3179.07
1122,Daniel Garcia,rstrickland.1122@example.com,UA,2024-12-20,Standard,47061.46
1123,Richard Williams,bergerrobert.1123@example.com,ST,2023-01-25,Basic,11029.54
1124,Shelby Taylor,kara77.1124@example.com,JM,2025-02-08,Standard,5670.66
1125,Robin Mccoy,michaelrice.1125@example.com,TZ,2025-08-27,Premium,15912.82
1126,Mr. Michael Davis,kramersara.1126@example.com,RW,2024-08-20,Basic,4320.98
1127,Mr. Benjamin Bright,ysmith.1127@example.com,QA,2023-09-30,Standard,24231.86
1128,Lacey Simmons,austin26.1128@example.com,ES,2021-10-02,Standard,11890.82
1129,Stacey Martin,gparks.1129@example.com,LT,2025-06-29,Standard,40061.22
1130,Darrell Quinn,joshua47.1130@example.com,TL,2025-02-14,Standard,45106.32
1131,Thomas Obrien,traceyballard.1131@example.com,MD,2022-05-16,Standard,24019.78
1132,Andrew George,awhite.1132@example.com,NR,2024-02-29,Premium,30900.93
1133,Lisa Smith,brett32.1133@example.com,SE,2025-01-30,Basic,22312.68
1134,Danielle Jones,stevenhill.1134@example.com,BN,2022-09-15,Basic,30844.32
1135,Cristian Johnson,sarah52.1135@example.com,EC,2021-01-07,Basic,1686.69
1136,Robert Bullock,craigsherman.1136@example.com,RU,2026-04-03,Standard,4389.14
1137,Maria Mccormick,vhernandez.1137@example.com,KW,2020-08-18,Standard,21457.97
1138,Gabrielle Taylor,harrisonjavier.1138@example.com,IT,2022-11-13,Standard,2571.57
1139,Douglas Durham,susanrussell.1139@example.com,AM,2021-03-07,Basic,6506.93
1140,Adam Miller,garciastephen.1140@example.com,PE,2023-07-13,Standard,4743.63
1141,Phillip Thompson,sextonmalik.1141@example.com,PA,2022-01-13,Basic,6644.38
1142,Michele Carter,ichen.1142@example.com,AF,2021-09-09,Standard,34037.86
1143,Katelyn Wells,bernardmatthew.1143@example.com,NP,2024-07-02,Standard,45805.14
1144,Bryce Berry,brownnathan.1144@example.com,PY,2021-02-21,Basic,21030.28
1145,Jason Mason,john92.1145@example.com,AD,2022-07-20,Premium,34705.58
1146,Daniel Williamson,silvacolin.1146@example.com,QA,2025-07-01,Premium,17398.24
1147,Diane Hall,lindsayday.1147@example.com,GN,2023-09-23,Standard,9741.69
1148,Anna Boyd,lori77.1148@example.com,CG,2024-12-18,Premium,48604.59
1149,Ashley Parks,bradydustin.1149@example.com,HR,2024-03-19,Premium,23724.05
1150,Robert Parker,slopez.1150@example.com,BZ,2025-10-29,Standard,32654.47
1151,Becky Davis,angeladavis.1151@example.com,ME,2022-07-21,Basic,6661.18
1152,Gerald Schwartz,jeremy00.1152@example.com,SC,2023-01-26,Premium,31807.00
1153,Kimberly Ward,william22.1153@example.com,SB,2023-04-28,Standard,9125.02
1154,Nicole Gaines DDS,adamsmartha.1154@example.com,MT,2022-03-06,Basic,22902.05
1155,Ricky Brown,mcculloughangela.1155@example.com,PL,2024-11-25,Premium,11198.61
1156,Matthew Gutierrez,steven39.1156@example.com,KR,2025-12-07,Standard,32623.82
1157,Anna Howell,qharper.1157@example.com,SK,2023-05-09,Basic,38166.97
1158,Robert Pierce,markray.1158@example.com,UA,2024-02-02,Standard,27260.76
1159,Pamela Reid,tiffanyolsen.1159@example.com,BS,2022-10-10,Premium,32439.38
1160,Heather Ross,uhenry.1160@example.com,MR,2020-02-08,Standard,23505.40
1161,Ralph Williams,kimberlycompton.1161@example.com,GA,2022-04-12,Basic,9308.86
1162,Vincent Jarvis,ericbell.1162@example.com,MW,2024-04-18,Basic,41970.43
1163,Kayla Kennedy,tdean.1163@example.com,CN,2021-08-13,Standard,38182.22
1164,Frank Hicks,bondjennifer.1164@example.com,TO,2023-09-10,Basic,18246.57
1165,Tonya Mendoza,ellen36.1165@example.com,NZ,2022-03-14,Standard,28261.78
1166,Kathryn Lawrence,efrancis.1166@example.com,KM,2020-06-18,Basic,24643.60
1167,Carrie Bryant,charles36.1167@example.com,BD,2024-07-13,Premium,34287.28
1168,Victor Mcintosh,donna15.1168@example.com,KN,2022-09-12,Standard,42888.79
1169,Jeffery Skinner,katieperez.1169@example.com,TH,2020-05-26,Basic,29827.66
1170,Tiffany Baker,scotthill.1170@example.com,FM,2024-09-03,Basic,43037.50
1171,Karla Anderson,dunnjason.1171@example.com,DE,2025-05-03,Standard,9422.68
1172,Melvin Robbins,wbrown.1172@example.com,MV,2023-11-07,Basic,11207.81
1173,Kelly Campos,yjames.1173@example.com,BH,2024-04-18,Standard,29806.74
1174,Chris Walker,dbutler.1174@example.com,MU,2020-12-08,Basic,20122.52
1175,Dominique Ortiz,qwagner.1175@example.com,UZ,2021-08-25,Standard,193.76
1176,Wendy Santiago,usmith.1176@example.com,LB,2022-01-11,Premium,17715.97
1177,Carrie Weaver,mcphersonronnie.1177@example.com,MD,2021-12-09,Basic,35228.13
1178,Hannah Dean,thompsonann.1178@example.com,AZ,2023-12-17,Basic,3826.12
1179,Alexander Kidd,jessicaharris.1179@example.com,HU,2020-02-11,Premium,47262.72
1180,Christopher George,paul49.1180@example.com,TN,2022-06-18,Premium,2640.77
1181,Brian Ponce MD,ronaldking.1181@example.com,CV,2025-03-15,Standard,46702.13
1182,Frank Bell,mitchellelizabeth.1182@example.com,FR,2025-07-08,Basic,42056.34
1183,Kathleen Martinez,brandi53.1183@example.com,BJ,2020-12-20,Basic,46662.75
1184,Heather Ali,chambersalexandra.1184@example.com,BN,2022-02-10,Standard,28664.95
1185,Jeffrey Moore,yjackson.1185@example.com,BG,2020-11-03,Standard,4817.52
1186,Mary Rosario,hdickerson.1186@example.com,SB,2025-08-18,Basic,12239.09
1187,Elizabeth Wilson,fbenson.1187@example.com,MY,2020-09-17,Basic,36506.52
1188,David Brown,ymartin.1188@example.com,BG,2021-12-17,Standard,17361.94
1189,Maxwell Dixon,tannerashley.1189@example.com,CG,2022-01-22,Premium,25032.49
1190,Chad Hopkins,alopez.1190@example.com,VA,2022-12-25,Basic,46250.98
1191,Isaac Todd MD,perezcharles.1191@example.com,MV,2020-03-17,Basic,10150.71
1192,Michael Jacobs,phillip94.1192@example.com,CV,2020-12-28,Standard,42754.68
1193,Carlos Burns,chris26.1193@example.com,AE,2022-08-19,Premium,3200.05
1194,Madeline Morales,matthew21.1194@example.com,LA,2023-03-22,Standard,20308.28
1195,Rebecca Moore,phamamber.1195@example.com,IT,2026-05-26,Basic,13276.17
1196,Ashley Turner,jessica26.1196@example.com,BO,2020-04-30,Standard,14794.20
1197,Richard Williams,robertwilliams.1197@example.com,NE,2025-09-23,Basic,33460.90
1198,Ronald Harrell,victoriahill.1198@example.com,SD,2021-05-26,Basic,25293.65
1199,Sandra Castro,marc04.1199@example.com,IS,2022-04-01,Basic,26653.56
1200,Gabriel Anderson,swolf.1200@example.com,KP,2020-09-06,Standard,10498.65
1201,Amber Palmer,amandacopeland.1201@example.com,RW,2025-07-16,Basic,13071.30
1202,Reginald Bright,matthewburns.1202@example.com,AF,2023-01-06,Premium,24064.05
1203,Christina Henry,taylortina.1203@example.com,BA,2023-07-08,Basic,12837.87
1204,Joshua Barnett,kellymiller.1204@example.com,TG,2020-06-26,Premium,34711.25
1205,Robin Murphy,yhines.1205@example.com,BI,2023-06-30,Standard,29131.18
1206,Shannon Anderson,jefferycampbell.1206@example.com,PG,2020-08-15,Basic,6964.86
1207,Sharon Bryant,kathy62.1207@example.com,AO,2024-01-01,Standard,12236.06
1208,Cassandra Acevedo,ethan35.1208@example.com,PG,2023-08-04,Standard,11006.64
1209,Chris Ross,leslieferguson.1209@example.com,AF,2023-09-06,Premium,25606.77
1210,Joseph Guzman,jasmine77.1210@example.com,BA,2021-01-05,Basic,11107.32
1211,Susan Jones,john46.1211@example.com,ZW,2024-08-04,Premium,38170.45
1212,Sandra Howell,kimberlyjohnson.1212@example.com,SZ,2026-02-16,Standard,43036.86
1213,Maria Osborne,dale76.1213@example.com,FI,2020-07-15,Standard,36391.06
1214,David Velasquez,buchananrebecca.1214@example.com,TL,2024-04-25,Standard,7665.21
1215,Patrick Williams,darren07.1215@example.com,ME,2020-05-04,Premium,4620.91
1216,Cory Russell,mariacarrillo.1216@example.com,BT,2022-07-17,Premium,7311.84
1217,Timothy King,emily32.1217@example.com,IE,2020-01-29,Premium,31494.59
1218,Pamela Ruiz,christypugh.1218@example.com,AZ,2023-10-27,Standard,38152.25
1219,Laura Short,kayleeross.1219@example.com,PY,2020-08-17,Basic,40185.99
1220,Nicole Ferguson,tspencer.1220@example.com,CA,2022-09-16,Premium,22380.40
1221,Barbara Schultz,shannon48.1221@example.com,CG,2025-08-14,Basic,12891.91
1222,Barbara Knight,cindy96.1222@example.com,CH,2023-10-26,Premium,39915.04
1223,Paul Contreras,hernandezmark.1223@example.com,CZ,2024-04-26,Basic,7211.74
1224,Stacy Sexton,sharvey.1224@example.com,MD,2024-07-31,Basic,40184.95
1225,Charles Scott,dave80.1225@example.com,TM,2021-04-17,Basic,26078.08
1226,Christopher Chan,slee.1226@example.com,FR,2026-04-28,Basic,28878.15
1227,Sharon Wade,ajames.1227@example.com,HR,2025-12-19,Basic,35263.75
1228,Stacy Thomas,hendersonrachel.1228@example.com,VC,2024-02-03,Basic,33005.60
1230,Karen Moreno,paulgibson.1229@example.com,PK,2025-02-18,Standard,21133.14
1230,Scott Johnson,megan01.1230@example.com,EG,2020-11-01,Premium,10368.07
1231,Tina Simmons,andrewwalter.1231@example.com,LS,2024-10-23,Basic,14444.83
1232,Adam Arnold,phelpswilliam.1232@example.com,ES,2024-06-29,Standard,15957.22
1233,Thomas James,shannonrobert.1233@example.com,TN,2022-08-29,Basic,32264.49
1234,Christopher Diaz,vwalsh.1234@example.com,NP,2022-08-30,Standard,33643.93
1235,Jared Mack,smithjohn.1235@example.com,SL,2021-01-08,Basic,38047.52
1236,Bryan Smith,floreskimberly.1236@example.com,KE,2023-09-01,Basic,12418.77
1237,William Stephens,scott18.1237@example.com,BJ,2020-07-22,Standard,27605.61
1238,Chad Pope,batesandrew.1238@example.com,MK,2021-01-02,Premium,33061.91
1239,Christine Cervantes,philipzavala.1239@example.com,CH,2022-03-11,Standard,20257.76
1240,Kimberly Clarke,brooke17.1240@example.com,CV,2026-01-24,Premium,5156.77
1241,Laura Rogers,jbuckley.1241@example.com,JM,2023-08-19,Standard,45299.22
1242,Kathy Blanchard,robert12.1242@example.com,AF,2024-03-29,Premium,43406.92
1243,Justin Walker,mistygood.1243@example.com,AR,2022-11-04,Standard,4839.61
1244,Brittany Silva,saranelson.1244@example.com,MU,2025-12-25,Standard,6958.89
1245,Pamela Gallegos,kennethvaughan.1245@example.com,SG,2024-10-30,Standard,11692.20
1246,David Roach,juanwebb.1246@example.com,BR,2022-02-23,Premium,3966.10
1247,John Ortiz,sierra14.1247@example.com,MU,2024-11-29,Basic,34923.93
1248,Heather Pace,johnsonchristopher.1248@example.com,TD,2022-04-10,Standard,5508.21
1249,James Smith,connie19.1249@example.com,EC,2024-06-16,Premium,29606.80
1250,Elizabeth Thomas,nowen.1250@example.com,LT,2022-05-10,Basic,29268.41
1251,Gerald Cook,brandystanley.1251@example.com,DM,2020-05-09,Basic,2719.76
1252,Anita Lopez,likathryn.1252@example.com,PH,2024-07-28,Premium,14480.05
1253,Robert Sanchez,meredithhayes.1253@example.com,TL,2020-11-01,Basic,45158.92
1254,Mark Liu,joshuastewart.1254@example.com,TG,2025-03-14,Standard,18992.67
1255,Kevin Sandoval,leebrian.1255@example.com,LT,2020-07-25,Standard,9996.79
1256,Kristin Vincent,phillipskimberly.1256@example.com,FJ,2020-09-10,Premium,33778.78
1257,Edwin Brown,greenediana.1257@example.com,AT,2024-04-25,Premium,47999.09
1258,Alex David,josephbrown.1258@example.com,GQ,2026-04-29,Standard,36473.07
1259,James Wilson,sandrasanchez.1259@example.com,PW,2022-12-23,Premium,48599.73
1260,John Douglas,shawnacoleman.1260@example.com,DZ,2023-07-20,Premium,2658.38
1261,Jeffery Sparks,michael95.1261@example.com,PW,2022-11-15,Premium,2328.47
1262,Mark Lopez,matthewbridges.1262@example.com,CU,2025-12-09,Premium,45872.96
1263,Christy Jones DDS,michelleblake.1263@example.com,ES,2020-02-19,Standard,15577.83
1264,Mrs. Michelle Madden MD,brownnancy.1264@example.com,LV,2022-05-04,Premium,13393.76
1265,Richard Fuentes,joeyang.1265@example.com,LU,2021-03-01,Premium,9776.57
1266,Anthony Phillips,robert39.1266@example.com,SY,2022-06-29,Premium,22516.20
1267,Edward Black,eric69.1267@example.com,TJ,2024-03-11,Basic,48121.34
1268,Jeremiah Meyers,rebeccacook.1268@example.com,CH,2024-10-11,Premium,28131.85
1269,Matthew Grimes,lindarice.1269@example.com,ET,2020-12-10,Premium,6062.73
1270,Nicole Martinez,matthew80.1270@example.com,WS,2026-06-12,Premium,2961.90
1271,Ryan Hammond,christiananderson.1271@example.com,LS,2021-08-10,Basic,10417.41
1272,Hector Reed,kevin94.1272@example.com,VA,2025-05-30,Premium,17768.18
1273,Joseph Barr,greenmarc.1273@example.com,JM,2023-02-13,Standard,9773.15
1274,Thomas Thompson,eward.1274@example.com,VN,2020-10-30,Basic,34136.55
1275,Dr. Andrew Cole,ritarose.1275@example.com,PG,2024-07-18,Premium,26590.40
1276,Taylor Guerra,jrogers.1276@example.com,JM,2026-04-30,Standard,13212.47
1277,Darren Jones,joseph35.1277@example.com,QA,2025-03-02,Premium,3505.69
1278,Terry Rush,yvonne31.1278@example.com,PA,2025-10-29,Premium,30774.23
1279,Lindsay Douglas,holdencurtis.1279@example.com,AR,2026-02-28,Basic,16814.80
1280,Michael Meadows,user@example,AZ,2025-03-21,Basic,22658.48
1281,Heather Thomas,victor53.1281@example.com,HR,2021-04-03,Basic,45762.92
1282,Joan Patel,darrylholmes.1282@example.com,BW,2024-04-04,Basic,24428.84
1283,Philip Daniel,dwu.1283@example.com,GT,2026-06-16,Premium,41879.44
1284,Anthony Phillips,vlane.1284@example.com,GA,2022-03-14,Basic,41502.39
1285,Wayne Lee,karen29.1285@example.com,AF,2025-01-21,Standard,33983.31
1286,Misty Davis,nmartin.1286@example.com,SY,2026-08-20,Basic,40474.72
1287,Carlos Davis,joshua90.1287@example.com,MV,2022-01-13,Standard,37350.25
1288,Dominique Brown,joshua34.1288@example.com,BW,2024-07-05,Standard,8777.68
1289,Paul Hoffman,rodneymcintosh.1289@example.com,AZ,2025-08-13,Basic,13948.37
1290,Gavin Chen,melindamontoya.1290@example.com,CD,2023-04-10,Standard,13459.51
1291,Lisa Stein,xhart.1291@example.com,CU,2024-01-15,Standard,28405.45
1292,Jonathan Williams,xashley.1292@example.com,SE,2024-06-24,Standard,38650.03
1293,Megan Harrison,ibrooks.1293@example.com,VN,2025-01-20,Standard,37915.26
1294,Dana Smith,williamsshawn.1294@example.com,KM,2020-07-21,Basic,32420.55
1295,William Clark,lauragray.1295@example.com,DE,2020-04-12,Basic,9720.73
1296,Carl Perkins,sandraanderson.1296@example.com,GB,2026-05-09,Standard,48126.53
1297,Jonathan Carter,tbrown.1297@example.com,NP,2025-08-30,Basic,18530.42
1298,Hayden Cooper,danielford.1298@example.com,CA,2021-02-01,Basic,45260.23
1299,Jeffrey Fox,christopherolson.1299@example.com,HR,2025-05-07,Standard,47550.01
1300,Holly Frederick,snyderjennifer.1300@example.com,MX,2020-05-06,Premium,19250.93
1301,Destiny Smith,angelaturner.1301@example.com,MA,2020-04-22,Premium,17015.65
1302,Mr. John Shaw,tjohnson.1302@example.com,LK,2022-02-02,Premium,24515.19
1303,Matthew Reeves,zrichardson.1303@example.com,CN,2020-09-24,Standard,28094.55
1304,Jennifer Palmer,kpotts.1304@example.com,DO,2020-12-11,Basic,16049.16
1305,Elizabeth Campbell,amy44.1305@example.com,TV,2026-03-09,Premium,981.59
1306,Noah Carroll,wheelerpedro.1306@example.com,RU,2023-11-29,Standard,29279.54
1307,Lauren Ramos,kimberlymccoy.1307@example.com,MU,2021-06-03,Premium,7645.71
1308,Robert Campbell,andersonsamantha.1308@example.com,ID,2022-12-01,Premium,6293.85
1309,Cory Clark,umoore.1309@example.com,BA,2023-08-24,Standard,42599.72
1310,Jesse Thomas,xcraig.1310@example.com,CM,2025-04-25,Standard,46039.17
1311,Melissa Neal,michael77.1311@example.com,TD,2025-04-02,Basic,9453.12
1312,Catherine Stanley,vickiejohnson.1312@example.com,QA,2023-05-17,Standard,10339.24
1313,Julie Sims,travis89.1313@example.com,SE,2024-01-21,Standard,33420.08
1314,Matthew Jackson,twashington.1314@example.com,EG,2024-03-05,Premium,34339.13
1315,William Davis,ldaniel.1315@example.com,CI,2021-08-12,Basic,39333.80
1316,Brent Pittman,ysmith.1316@example.com,TD,2023-09-10,Premium,43102.25
1317,Kerri Perez,mitchelljacob.1317@example.com,MZ,2025-11-10,Standard,22366.96
1318,Lynn Gardner,ronaldwilliams.1318@example.com,DK,2024-11-13,Premium,44508.42
1319,Kristy Banks,bill60.1319@example.com,AT,2026-07-28,Basic,9676.31
1320,Cynthia Knapp,davidgilmore.1320@example.com,KE,2025-03-31,Standard,8016.21
1321,Amanda Smith,michael19.1321@example.com,KI,2023-11-18,Standard,37432.55
1322,Regina Freeman,mary76.1322@example.com,MT,2025-08-04,Basic,45700.50
1323,Amanda Neal,rebeccathompson.1323@example.com,DK,2024-08-26,Basic,44734.50
1324,Mario Tapia,msanchez.1324@example.com,PT,2026-04-06,Standard,12820.34
1325,Sean Galloway,bpearson.1325@example.com,IR,2025-05-18,Premium,30455.32
1326,Russell Porter,nicholaswilliams.1326@example.com,ZM,2020-10-12,Premium,23578.78
1327,Chad Roberts,buckleygarrett.1327@example.com,IT,2023-08-05,Standard,15452.33
1328,Benjamin Thompson,gonzalezjohn.1328@example.com,BT,2024-09-05,Basic,7069.88
1329,Jeremy Hester,travis30.1329@example.com,NP,2024-07-14,Basic,34616.65
1330,Spencer Lambert,aprilstephenson.1330@example.com,IE,2026-05-10,Basic,44199.26
1331,Jonathan Olson,rcrawford.1331@example.com,LT,2025-06-13,Standard,26724.64
1332,Taylor Vance,jonesjessica.1332@example.com,AZ,2023-04-18,Standard,36871.82
1333,Nancy Harris,nbartlett.1333@example.com,AO,2023-05-28,Standard,4488.64
1334,Monique Campbell,michellepark.1334@example.com,SR,2021-11-28,Standard,5911.52
1335,Dana Sanchez,slopez.1335@example.com,NG,2023-12-05,Basic,21685.46
1336,Terri Carpenter,ihopkins.1336@example.com,BS,2026-05-06,Standard,17696.68
1337,Nina Santiago,drodriguez.1337@example.com,SZ,2020-12-21,Premium,7679.67
1338,Heather Moore,cindy83.1338@example.com,AD,2025-12-01,Basic,39159.51
1339,Sandra Bradley,cynthia54.1339@example.com,SB,2021-04-17,Premium,3087.74
1340,Rebecca Zimmerman,martinjohn.1340@example.com,EG,2026-01-30,Basic,15576.60
1341,James Bennett,hunter29.1341@example.com,CM,2023-12-03,Basic,21547.04
1342,Michael Foster,mendezwendy.1342@example.com,ZA,2026-04-15,Premium,22625.97
1343,Zachary Buchanan,luke88.1343@example.com,CY,2023-01-30,Premium,13219.37
1344,Rebecca Jacobs,marystephens.1344@example.com,ST,2022-09-17,Premium,34462.16
1345,Jonathan Garcia Jr.,justin80.1345@example.com,LC,2023-05-08,Premium,30007.85
1346,Andrew Rodriguez,williamsonrebecca.1346@example.com,CV,2022-07-12,Standard,10764.91
1347,Valerie Henderson,crystalpatterson.1347@example.com,CY,2021-05-08,Basic,24321.64
1348,Darlene Long,deannamcguire.1348@example.com,CU,2023-09-13,Premium,11657.28
1349,Catherine Thomas,boyernancy.1349@example.com,UA,2024-11-26,Basic,11056.92
1350,Jamie Mahoney,gbrewer.1350@example.com,SY,2026-05-14,Premium,40414.52
1351,Amy Garcia,lindsayflowers.1351@example.com,KG,2024-03-21,Premium,10681.15
1352,Megan Jones,charlesbailey.1352@example.com,AT,2022-10-02,Standard,49740.57
1353,Terry Dixon,gregoryfletcher.1353@example.com,TL,2022-09-15,Standard,34765.39
1354,Denise Hicks,lopezcharles.1354@example.com,ME,2026-04-25,Premium,13533.27
1355,Edward Diaz,gli.1355@example.com,CD,2021-06-17,Premium,17953.09
1356,Jerry Gillespie,melinda73.1356@example.com,BA,2025-11-26,Basic,20890.56
1357,Richard Howard,yatkins.1357@example.com,PL,2025-11-18,Basic,25762.20
1358,Lisa Warner,mcdanielamy.1358@example.com,LY,2021-01-10,Standard,37260.12
1359,Thomas Avery,jessicadavis.1359@example.com,NZ,2023-04-30,Standard,36338.65
1360,Michael Clark,mcampbell.1360@example.com,HR,2021-02-20,Premium,33363.86
1361,Roger Dunn,johnwoods.1361@example.com,TT,2024-04-08,Premium,30457.29
1362,Sara Guzman,brownzachary.1362@example.com,TV,2025-11-03,Basic,1470.00
1363,Terry Roach,angelica80.1363@example.com,SB,2023-12-01,Basic,25743.87
1364,Jennifer Collins,kevinryan.1364@example.com,BG,2022-03-19,Premium,18223.25
1365,Matthew Price,bcopeland.1365@example.com,CN,2024-06-21,Basic,48043.50
1366,Susan Bowers,margaret67.1366@example.com,TL,2025-04-15,Standard,8586.12
1367,Jacob Huerta,christine88.1367@example.com,MA,2025-02-11,Standard,4138.89
1368,Amanda Shields,npowell.1368@example.com,SG,2023-12-09,Basic,39645.72
1369,Andrew Cunningham,dawnrobertson.1369@example.com,JP,2021-12-18,Premium,28226.03
1370,Savannah Moore,anthonygregory.1370@example.com,OM,2021-10-14,Premium,34945.37
1371,Timothy Greer,brownkatie.1371@example.com,AE,2021-09-09,Basic,16848.11
1372,Anthony Woods,sarah19.1372@example.com,MY,2026-04-17,Standard,45465.21
1373,Alice Avila,harveyomar.1373@example.com,SB,2024-04-11,Basic,9869.24
1374,William Franklin,chad71.1374@example.com,BE,2022-01-04,Basic,49965.34
1375,Timothy Lane,melissabass.1375@example.com,ET,2020-09-11,Premium,6561.24
1376,Casey Hudson,joan30.1376@example.com,ST,2026-06-02,Standard,13868.52
1377,Darius Mccann,wilsontina.1377@example.com,NL,2023-06-05,Premium,13773.15
1378,Lisa Preston,justin01.1378@example.com,TW,2023-01-10,Basic,12578.56
1379,Beth Mejia,larrypena.1379@example.com,TJ,2022-01-08,Basic,14026.81
1380,Dr. Eric Nelson MD,harriskaitlin.1380@example.com,PY,2023-02-08,Basic,22978.72
1381,Alexandra Ruiz,amartinez.1381@example.com,RS,2022-06-27,Premium,11887.65
1382,Carrie Rogers,maldonadotimothy.1382@example.com,AZ,2023-02-19,Premium,3561.38
1383,Steven Tyler,brownnicholas.1383@example.com,SG,2023-12-04,Standard,49228.04
1384,Joseph Wallace,grimesjasmine.1384@example.com,EE,2020-01-08,Standard,20896.67
1385,Donald Myers,johnathanfaulkner.1385@example.com,FI,2025-02-10,Premium,35189.56
1386,Breanna Williams,craig64.1386@example.com,KI,2023-09-03,Standard,5638.51
1387,John Smith,jeffersondonald.1387@example.com,ML,2023-02-05,Standard,19713.21
1388,Briana Ball,glenncarol.1388@example.com,SR,2020-02-26,Basic,20886.09
1389,Peter Reyes,payneray.1389@example.com,PE,2023-08-11,Premium,27561.63
1390,Brenda Robinson,william31.1390@example.com,TH,2023-12-29,Standard,19496.25
1391,Tracy Clarke,wellsrebecca.1391@example.com,IR,2023-03-17,Standard,2787.82
1392,Tyler Riley,jenna41.1392@example.com,LA,2023-06-30,Basic,17077.02
1393,Walter Maynard,sharon26.1393@example.com,BJ,2026-03-24,Basic,22869.00
1394,Cynthia Nash,leblancrichard.1394@example.com,SN,2023-09-25,Basic,46698.98
1395,Johnathan Lopez,pattersonallison.1395@example.com,PG,2021-01-23,Basic,40731.16
1396,Victoria Wilson,jjohnson.1396@example.com,MV,2022-02-01,Standard,11130.55
1397,Matthew Rodriguez,drakekimberly.1397@example.com,TH,2022-06-23,Standard,32906.85
1398,Jason Hahn,tracey78.1398@example.com,DZ,2024-01-12,Standard,1924.24
1399,Rhonda Wright,cweber.1399@example.com,FR,2024-05-21,Standard,2783.96
1400,Brooke Richardson,martha14.1400@example.com,GT,2025-11-19,Basic,37969.57
1401,Jennifer Scott,qbaker.1401@example.com,SK,2024-04-13,Premium,33012.07
1402,Paul Reese,patelpeter.1402@example.com,MR,2020-12-17,Basic,26215.27
1403,Paul Rodriguez,johnyoung.1403@example.com,BA,2021-07-23,Premium,19722.50
1404,Victor Owen,kristasweeney.1404@example.com,RU,2021-03-19,Premium,20534.53
1405,Denise Johnson,wyoung.1405@example.com,IE,2020-10-12,Premium,29272.80
1406,Danielle Brown,delacruzeric.1406@example.com,NA,2023-12-25,Standard,31592.13
1407,Donna Dennis,aaronharper.1407@example.com,GB,2024-09-02,Premium,22344.53
1408,Jesse Horton,silvajohn.1408@example.com,SM,2022-07-24,Standard,12262.97
1409,Keith Roberts,wattscindy.1409@example.com,BR,2021-05-03,Premium,12266.84
1410,Heidi Meyers,sierra42.1410@example.com,KW,2022-07-23,Premium,26797.67
1411,Alexander Garcia,wdrake.1411@example.com,ET,2026-06-25,Standard,6872.90
1412,Edward Gonzalez,daniel07.1412@example.com,CZ,2021-10-03,Premium,29219.87
1413,Jose Morris,clarkronald.1413@example.com,AR,2021-12-18,Basic,38041.18
1414,Dana Flowers,michaeldavis.1414@example.com,IE,2023-10-16,Basic,29343.76
1415,Christopher Cox,melissa22.1415@example.com,CD,2026-07-21,Basic,16306.83
1416,Emily Johnson,davidjohnson.1416@example.com,ML,2023-01-24,Standard,20752.17
1417,Hector Byrd,markpayne.1417@example.com,NE,2021-09-10,Basic,38684.04
1418,Olivia Mcconnell,kayla60.1418@example.com,SV,2025-04-26,Premium,44449.90
1419,Curtis Dudley,karen34.1419@example.com,MH,2025-05-22,Basic,30295.56
1420,Kathleen Anderson DDS,pfranklin.1420@example.com,SB,2020-03-22,Standard,31489.82
1421,Nicole Castillo,ashleyle.1421@example.com,FM,2026-02-23,Premium,12466.73
1422,Melissa Jordan,elizabethbrown.1422@example.com,VU,2021-07-10,Premium,42172.87
1423,Todd Castro,stevenlarsen.1423@example.com,TN,2022-06-30,Basic,25684.91
1424,Sarah Roberson,jameslawson.1424@example.com,PW,2023-07-07,Basic,25846.81
1425,Jonathan Ball,egould.1425@example.com,AZ,2021-03-21,Premium,26581.96
1426,Luis Jones,owenskeith.1426@example.com,EC,2025-11-17,Standard,1238.56
1427,David Jarvis,phillipsdustin.1427@example.com,IT,2020-02-27,Standard,2754.03
1428,Chase Hansen,conwaykyle.1428@example.com,SD,2020-05-09,Premium,31448.10
1429,Jeffrey Brown,zguzman.1429@example.com,IR,2024-03-30,Basic,35266.57
1430,Amy Taylor,cwatts.1430@example.com,LV,2026-04-17,Standard,32526.69
1431,Ana Lawson,braymond.1431@example.com,KM,2025-11-10,Basic,4029.05
1432,Luis Wheeler,gcampbell.1432@example.com,KN,2023-08-31,Premium,17991.46
1433,Jennifer Simpson,kirk56.1433@example.com,HR,2021-08-26,Standard,45092.96
1434,Juan Lopez,virginiaharris.1434@example.com,MM,2022-07-26,Standard,587.55
1435,Gregory Kelly,burkeamanda.1435@example.com,TD,2024-12-05,Basic,40783.37
1436,Cindy Rodriguez,matthewmartin.1436@example.com,OM,2025-02-07,Standard,13390.64
1437,Kenneth Lang,zcollins.1437@example.com,BZ,2025-01-07,Basic,6601.07
1438,Bobby Bennett,robertmcdaniel.1438@example.com,TO,2023-12-07,Standard,10264.65
1439,John Preston,willisjudy.1439@example.com,RO,2026-06-10,Premium,45285.24
1440,Thomas Arnold,charles77.1440@example.com,GM,2026-02-08,Premium,4304.93
1441,William Fowler,copelandjerome.1441@example.com,BF,2020-05-23,Premium,32654.18
1442,Joshua Ward,wellsanthony.1442@example.com,RS,2024-02-29,Standard,35597.04
1443,Richard Patel,deanshannon.1443@example.com,WS,2020-07-22,Premium,29987.85
1444,Gavin Ochoa,courtney25.1444@example.com,HN,2026-04-02,Standard,29658.91
1445,Yolanda Daniel,gberg.1445@example.com,DJ,2020-07-10,Basic,29954.93
1446,Tyler Pham,janet30.1446@example.com,VE,2024-10-30,Premium,12704.49
1447,Karina Hess,briannajones.1447@example.com,UZ,2023-02-01,Premium,24909.08
1448,Janice Hale DVM,lopezpaul.1448@example.com,GY,2023-08-02,Basic,8528.35
1449,Mathew Butler,ramireztyler.1449@example.com,MT,2025-07-08,Standard,39300.34
1450,Karen Rodriguez,baileytammie.1450@example.com,UZ,2020-08-02,Premium,2442.05
1451,Edward Franklin,jamessellers.1451@example.com,BO,2024-10-04,Standard,9126.94
1452,Eric Christensen,jennifer96.1452@example.com,ES,2025-05-30,Basic,42481.18
1453,Mary Gonzalez,cherylsmith.1453@example.com,ZA,2022-05-08,Standard,43181.53
1454,Mary Hampton,boonealexis.1454@example.com,MV,2025-01-14,Basic,30227.25
1455,Cory Price,bernard14.1455@example.com,IE,2023-02-14,Basic,28333.85
1456,Leslie Stevens,aliashley.1456@example.com,RO,2025-11-05,Standard,43819.66
1457,Alexander Hayden,marcduncan.1457@example.com,PT,2024-03-06,Standard,47120.08
1458,Tricia Foster,robin63.1458@example.com,MK,2022-03-12,Basic,27478.04
1459,David Vincent,hardycarl.1459@example.com,KH,2025-03-20,Premium,10668.95
1460,Amy Gibson,uadams.1460@example.com,MG,2025-06-03,Basic,38262.37
1461,Michael Flores,jessicawilliams.1461@example.com,UG,2022-06-01,Basic,35507.43
1462,Brian Simpson,adrienneperez.1462@example.com,JO,2026-03-26,Standard,37968.48
1463,Steve Patterson,ricardo46.1463@example.com,NG,2020-03-26,Standard,10251.74
1464,Danielle Kidd,wdalton.1464@example.com,DZ,2024-09-26,Premium,9451.82
1465,Rodney Davidson,castrofrederick.1465@example.com,MU,2021-08-06,Standard,23911.51
1466,Melissa Herring,mariowilliams.1466@example.com,KR,2025-05-12,Basic,14587.55
1467,John Wright,iharris.1467@example.com,AT,2022-09-18,Basic,46988.50
1468,Joshua White,glovertroy.1468@example.com,AD,2023-08-04,Standard,13407.79
1469,Mrs. Tammy Ellison MD,brownkent.1469@example.com,SI,2021-05-09,Premium,13603.05
1470,Tabitha Bean,rdean.1470@example.com,UA,2023-04-06,Premium,17411.98
1471,Dennis Henderson,,TO,2020-12-24,Standard,23405.05
1472,Christopher Tran,lisa91.1472@example.com,HT,2026-02-10,Basic,15702.17
1473,Daniel Boyd,jameseric.1473@example.com,KI,2024-09-13,Standard,31736.70
1474,Christopher Elliott,idelacruz.1474@example.com,BB,2025-07-20,Basic,27512.90
1475,Katherine Ewing,kendracraig.1475@example.com,LC,2022-12-23,Standard,34075.21
1476,Matthew Grant,kathryn94.1476@example.com,DZ,2026-07-19,Premium,30063.59
1477,Lori Smith,randall63.1477@example.com,SB,2024-02-16,Standard,47979.92
1478,Amanda Baker,jacksonnicole.1478@example.com,PH,2020-07-21,Basic,20038.54
1479,Jordan Herrera,adrian58.1479@example.com,MG,2023-08-28,Basic,6762.60
1480,David Thompson,juliepearson.1480@example.com,MH,2024-10-11,Basic,48310.13
1481,Adam Griffin,lmoody.1481@example.com,KG,2026-02-24,Basic,4064.52
1482,Melissa Owens DDS,derekbrown.1482@example.com,MD,2025-01-12,Basic,2840.05
1483,Michelle Gonzalez,vmartinez.1483@example.com,PA,2021-08-11,Premium,27954.45
1484,Susan Fields,alvaradonancy.1484@example.com,ER,2023-09-23,Basic,16130.36
1485,Bradley Huffman,robertedwards.1485@example.com,ML,2023-05-30,Basic,21359.35
1486,Danielle Holt,christopher94.1486@example.com,TG,2023-02-19,Standard,7502.33
1487,Alexander Golden,tyler97.1487@example.com,SV,2023-05-20,Premium,16033.03
1488,Jennifer Ward,ricardophillips.1488@example.com,AT,2025-05-09,Premium,12491.03
1489,Julie Cabrera,moorealyssa.1489@example.com,DJ,2025-06-27,Basic,45364.50
1490,Craig Porter,rosskendra.1490@example.com,YE,2020-09-24,Standard,46860.30
1491,David Thompson,carlsonjohn.1491@example.com,NE,2020-02-11,Premium,28655.79
1492,Joe Stephens,bradleywilson.1492@example.com,NG,2023-03-17,Basic,14253.57
1493,Lauren Kelly,peterskenneth.1493@example.com,IE,2024-07-06,Basic,48121.98
1494,Tammy Nelson,gloria16.1494@example.com,LV,2024-12-30,Basic,32305.92
1495,Sharon Thomas,herringkimberly.1495@example.com,BE,2024-02-25,Basic,37977.67
1496,Tyler Ferguson,pmills.1496@example.com,AD,2026-04-20,Premium,14540.34
1497,Donna Mclean,kevin80.1497@example.com,NL,2024-09-23,Premium,37963.20
1498,Tracey Cannon,kennedyjohn.1498@example.com,BF,2026-06-16,Standard,17266.29
1499,Katherine Jordan,rwarren.1499@example.com,NE,2025-04-28,Premium,20214.01
1500,Julie Martin,jerryroberts.1500@example.com,SZ,2022-07-05,Premium,27074.68
1501,Ronald Cole,hornjacqueline.1501@example.com,LS,2021-09-30,Basic,33848.83
1502,Kevin Sharp,uyoung.1502@example.com,LC,2023-07-19,Standard,17772.34
1503,Benjamin Garrett,ccrawford.1503@example.com,LU,2024-08-27,Premium,13399.09
1504,Matthew Simmons,cwebb.1504@example.com,NA,2025-10-19,Premium,13821.02
1505,Heather Gonzalez,dmay.1505@example.com,PS,2025-06-29,Basic,47237.62
1506,Matthew Kline PhD,brandonlucas.1506@example.com,BW,2024-11-01,Standard,21471.88
1507,Christina Buckley,russellellison.1507@example.com,CO,2024-10-20,Basic,34134.01
1508,Paul Carney,kharris.1508@example.com,MU,2020-03-12,Basic,42969.34
1509,Christina Clements,perezchristina.1509@example.com,FJ,2020-09-30,Basic,24839.80
1510,Alison Doyle,justin60.1510@example.com,VA,2024-08-18,Standard,4807.92
1511,Amy Bryant,robert56.1511@example.com,TH,2024-11-04,Standard,46339.68
1512,Melanie Smith,leslie50.1512@example.com,BB,2021-12-15,Premium,34090.56
1513,Edwin Ramos,ianderson.1513@example.com,CA,2022-07-22,Standard,2250.12
1514,Catherine Wallace,nancyjones.1514@example.com,BJ,2022-05-04,Basic,9456.67
1515,Joseph Carter,christinapace.1515@example.com,MM,2021-09-18,Standard,7767.39
1516,Yolanda Edwards,johnsonjoe.1516@example.com,ES,2026-05-22,Premium,38711.66
1517,Brian Bruce,villanuevalauren.1517@example.com,ME,2022-07-03,Basic,4007.71
1518,Andrew Medina,ryan85.1518@example.com,VA,2022-10-10,Premium,38745.78
1519,Jerry Harris Jr.,aphillips.1519@example.com,BW,2021-08-03,Standard,7438.63
1520,Leah Higgins MD,arichmond.1520@example.com,EC,2025-06-08,Basic,3116.77
1521,Monique Cobb,donaldbaxter.1521@example.com,LV,2021-10-18,Standard,48962.54
1522,Tonya Jacobson,jasonmathews.1522@example.com,GY,2021-01-18,Premium,6720.96
1523,Christine Rodriguez,joshua40.1523@example.com,TH,2021-08-31,Premium,34908.96
1524,Joyce George,staceycampbell.1524@example.com,PY,2022-10-17,Premium,8602.69
1525,Sandra Chen,haynesjohn.1525@example.com,KR,2026-02-12,Basic,20191.23
1526,Jason Chan,angela08.1526@example.com,CV,2023-03-28,Premium,20728.16
1527,Ruben Johnson,joseph74.1527@example.com,TO,2026-01-17,Standard,12548.03
1528,Gerald Guzman MD,pmclean.1528@example.com,AO,2025-12-19,Standard,37979.89
1529,Susan Sutton,samantha89.1529@example.com,BB,2020-10-01,Standard,44953.70
1530,Gregory Murillo,jonathan46.1530@example.com,IS,2025-03-13,Basic,18481.53
1531,Casey Hensley,lynnmitchell.1531@example.com,CZ,2021-02-20,Basic,17968.93
1532,Cindy Stokes,michael13.1532@example.com,GE,2020-07-23,Premium,45188.04
1533,Margaret Curry,mmiller.1533@example.com,LR,2025-09-16,Standard,13526.30
1534,Stacey Davis,kevingross.1534@example.com,UG,2026-01-23,Standard,20501.71
1535,Carlos Robles,brenda41.1535@example.com,GN,2025-01-12,Premium,47596.84
1536,Debra Young,leonard06.1536@example.com,TO,2023-01-31,Standard,28945.95
1537,Jessica Gutierrez,lauraburke.1537@example.com,NE,2026-02-25,Standard,44391.27
1538,Robert Banks,ycarr.1538@example.com,CH,2024-09-25,Standard,43523.94
1539,Darryl Johnson,rosesharon.1539@example.com,FJ,2023-09-05,Standard,6578.75
1540,Andrew Dean MD,amanda08.1540@example.com,NL,2026-03-21,Premium,9266.01
1541,Olivia Holmes,ggriffin.1541@example.com,MW,2026-08-07,Premium,5928.73
1542,Juan Paul,derek00.1542@example.com,CZ,2022-05-22,Premium,42566.13
1543,Vanessa Moore,richardsonkevin.1543@example.com,RU,2021-12-01,Standard,14349.81
1544,Corey Jones,christophermatthews.1544@example.com,HU,2024-05-14,Standard,1212.35
1545,Katherine Graham,rzimmerman.1545@example.com,US,2022-08-06,Premium,26635.28
1546,Robert Rogers,aaronmercer.1546@example.com,KG,2021-12-02,Standard,7216.55
1547,Kyle Shaw,christina15.1547@example.com,NL,2021-10-16,Premium,864.81
1548,Elizabeth Fernandez,cbrewer.1548@example.com,TW,2021-05-15,Standard,32366.42
1549,Miss Mary Gardner,dgill.1549@example.com,QA,2023-03-13,Basic,20475.32
1550,Charles Figueroa,hollyerickson.1550@example.com,IR,2023-07-01,Basic,33768.07
1551,Lisa Luna,anthonybarrera.1551@example.com,AE,2024-12-12,Premium,48669.62
1552,John Baxter,walterwebb.1552@example.com,FR,2020-04-13,Standard,21903.29
1553,Tammy Shaw,evancox.1553@example.com,BT,2021-06-12,Premium,16200.51
1554,Bradley Hernandez,gregorycasey.1554@example.com,MA,2026-01-14,Standard,7421.13
1555,Patricia Hoffman,susan35.1555@example.com,FM,2026-07-25,Standard,38927.48
1556,Jennifer Mcdonald,dennis41.1556@example.com,BD,2022-09-08,Premium,27168.52
1557,Amy Hart,scottpayne.1557@example.com,MX,2020-01-24,Basic,35533.82
1558,Brent Cooper,benjaminrussell.1558@example.com,GN,2024-05-07,Premium,42221.16
1559,Melissa Scott,patricia07.1559@example.com,MV,2023-08-08,Standard,24242.10
1560,Brian Carroll,joseph14.1560@example.com,PA,2023-08-03,Premium,21494.95
1561,Cheryl Summers,hinesdaniel.1561@example.com,MM,2023-09-17,Premium,29614.64
1562,Maria Morrow,crawfordheather.1562@example.com,LS,2026-08-06,Standard,32007.08
1563,Stacey Nguyen,amandabrown.1563@example.com,TN,2020-01-01,Standard,15260.23
1564,Patrick Hernandez,grantjeffrey.1564@example.com,RS,2023-03-28,Premium,3172.19
1565,Mr. Joshua Lopez,brownstephanie.1565@example.com,KE,2020-12-05,Standard,19830.09
1566,Frank Lin,cynthia23.1566@example.com,SM,2026-05-21,Premium,7027.95
1567,Grace Garrett,piercediane.1567@example.com,GT,2021-10-21,Premium,25756.65
1568,Vanessa Hayes,lisa45.1568@example.com,LU,2020-10-23,Premium,45890.92
1569,Cathy Schwartz,normanmary.1569@example.com,SG,2022-09-15,Basic,3868.41
1570,Jose Gutierrez,christinafinley.1570@example.com,VN,2024-07-12,Premium,39197.15
1571,Jessica Boone,rebeccablair.1571@example.com,ZW,2023-11-11,Basic,7145.85
1572,John Stanley,sarah82.1572@example.com,EG,2020-08-21,Basic,17024.34
1573,Daniel Walters,,DO,2023-11-07,Basic,33373.47
1574,Tracy Morgan,eric91.1574@example.com,KP,2025-11-24,Basic,37883.00
1575,Mark Norman,greg71.1575@example.com,NE,2024-07-31,Basic,1596.68
1576,Michelle Martinez,lisasanchez.1576@example.com,UG,2023-06-08,Basic,32681.80
1577,Sean Alvarez,john22.1577@example.com,FR,2022-09-03,Standard,29383.11
1578,Melissa Lewis,michaelsmith.1578@example.com,MU,2020-10-06,Basic,636.49
1579,Cassandra Hebert,nicolegibson.1579@example.com,TH,2020-02-01,Basic,19033.38
1580,Melissa Marshall,ptaylor.1580@example.com,ET,2026-02-24,Basic,39693.75
1581,James Lang,brandonreed.1581@example.com,SR,2025-02-13,Premium,15338.24
1582,Michael Johnson,kyleharrison.1582@example.com,AF,2023-06-19,Standard,39395.33
1583,Mr. Clifford Wallace,ronald16.1583@example.com,LC,2025-05-23,Standard,41613.05
1584,Michael Hayden,carla98.1584@example.com,WS,2025-10-20,Standard,20402.11
1585,Eric Mcconnell,christine22.1585@example.com,PH,2021-10-22,Standard,4456.80
1586,Heather Bailey,alexander32.1586@example.com,CU,2021-05-31,Standard,43529.25
1587,Gregory Golden,kimberly87.1587@example.com,SE,2020-05-14,Standard,705.86
1588,Brandon Lynch,paul69.1588@example.com,GE,2020-11-13,Premium,646.14
1589,Rachel Scott,vfuentes.1589@example.com,CG,2023-07-17,Basic,43966.36
1590,Angela Walters,angelahorne.1590@example.com,BR,2024-10-25,Basic,17925.21
1591,April Frost,nicholselizabeth.1591@example.com,RS,2021-12-05,Premium,10356.20
1592,Susan Davis,deborahjohnson.1592@example.com,TN,2023-01-27,Premium,23848.43
1593,Karen Hernandez,darrencampbell.1593@example.com,BS,2020-12-04,Premium,39858.44
1594,Alicia Kelly,payala.1594@example.com,TD,2020-10-29,Basic,18457.43
1595,Joel Gallegos,keithshaw.1595@example.com,ES,2025-07-11,Premium,24698.45
1596,Dr. Alan Guerra,torresronnie.1596@example.com,LS,2021-08-07,Standard,15116.41
1597,Zachary Mason,lclark.1597@example.com,BI,2026-05-22,Premium,44186.39
1598,Jon Reese,myork.1598@example.com,BD,2024-06-15,Standard,9472.66
1599,Mason Anderson,petersenerin.1599@example.com,TR,2026-04-21,Basic,27875.66
1600,Marcus Garcia,ericbrown.1600@example.com,AG,2022-02-16,Premium,23852.20
1601,Timothy Parker II,zyoung.1601@example.com,DO,2022-11-16,Standard,1275.13
1602,Lacey Lambert,brendabaxter.1602@example.com,SV,2023-09-02,Basic,22819.61
1603,Jordan Nunez,michelesoto.1603@example.com,ES,2026-04-24,Basic,15636.93
1604,Jessica Andersen,johnwarner.1604@example.com,BF,2020-09-21,Premium,11895.34
1605,Nancy Mills,cwilliamson.1605@example.com,HR,2020-10-16,Standard,35273.26
1606,Gary Gomez,nblackburn.1606@example.com,GW,2022-08-27,Basic,4204.06
1607,Kristen Ingram,christina87.1607@example.com,QA,2025-10-07,Premium,1894.16
1608,Janet Reyes,josephthomas.1608@example.com,AE,2020-03-14,Premium,23953.41
1609,Katie Holmes,xlowe.1609@example.com,VA,2023-05-19,Basic,34100.76
1610,Steven Lyons,sarah15.1610@example.com,NL,2023-08-01,Standard,15327.22
1611,Mary Chambers,jefferysmith.1611@example.com,CY,2025-03-19,Standard,29080.43
1612,Jacob Fisher,kthompson.1612@example.com,IT,2026-04-26,Basic,21697.06
1613,James Larson,marktaylor.1613@example.com,MZ,2022-09-15,Basic,20256.50
1614,Mark Torres,dguerrero.1614@example.com,MH,2020-02-24,Premium,46272.13
1615,Lauren Morales,ppowell.1615@example.com,EC,2022-04-15,Basic,35983.04
1616,Victor Wagner,steven13.1616@example.com,ZA,2022-05-13,Basic,30571.17
1617,Robert Jordan,robert75.1617@example.com,NE,2021-03-28,Standard,34193.12
1618,Andrew Khan,maysarah.1618@example.com,JP,2022-01-03,Premium,20198.17
1619,Mark Lindsey,matthew68.1619@example.com,ZA,2026-06-16,Basic,9388.65
1620,Cathy Nelson,bailey39.1620@example.com,VN,2020-07-30,Premium,48538.65
1621,Christopher Briggs,heathjanet.1621@example.com,EC,2025-12-24,Standard,15939.60
1622,Ruth Hall,dustinthomas.1622@example.com,GB,2022-02-02,Premium,18720.37
1623,Logan Kelly,anna80.1623@example.com,SL,2025-09-29,Standard,33262.78
1624,Mrs. Stephanie Bowers DVM,parkkendra.1624@example.com,LY,2022-01-14,Standard,9454.87
1625,Candace Terry,bellscott.1625@example.com,BA,2022-12-30,Premium,20326.49
1626,Jeffrey Page,christopher69.1626@example.com,AU,2022-05-21,Premium,25581.81
1627,Dana Cox,edwardskelly.1627@example.com,GT,2024-08-03,Basic,16497.49
1628,Chad Wilson,tyler68.1628@example.com,TD,2020-08-15,Basic,17653.31
1629,Kathleen Perez,anna09.1629@example.com,KP,2025-09-03,Basic,654.16
1630,Ann Murphy,tammy03.1630@example.com,UZ,2020-07-25,Premium,39206.05
1631,Joshua Park,rjones.1631@example.com,LU,2026-04-06,Basic,32949.65
1632,Seth Rosales,kturner.1632@example.com,NL,2024-02-01,Standard,1003.31
1633,Michelle Santiago,nathanrichardson.1633@example.com,JP,2022-07-11,Premium,26430.29
1634,Alexis Hodges,rleon.1634@example.com,CH,2020-01-11,Premium,40188.57
1635,Taylor Grant,jamesbaldwin.1635@example.com,PE,2023-04-03,Basic,42902.38
1636,Carolyn Holland,christopher16.1636@example.com,NI,2021-12-07,Premium,49096.15
1637,Olivia Benitez,joshuavargas.1637@example.com,MC,2020-05-06,Standard,24662.78
1638,Jason Frye,braunjason.1638@example.com,BO,2023-04-29,Basic,47951.75
1639,Dana Davis,omorales.1639@example.com,VA,2025-05-27,Premium,7209.95
1640,Barbara Castillo,hollycooper.1640@example.com,MA,2020-11-07,Premium,42933.97
1641,Kristen Richardson,airwin.1641@example.com,GY,2020-06-09,Basic,27768.10
1642,Mr. Edward Kim,rvargas.1642@example.com,HR,2023-10-31,Basic,32668.52
1643,Carl Jones,brandon09.1643@example.com,CV,2024-11-02,Basic,17490.98
1644,Timothy Gay,steelekent.1644@example.com,MZ,2022-09-10,Standard,40121.18
1645,David Coleman,anna65.1645@example.com,ML,2026-03-24,Basic,20613.91
1646,John Weaver,sheilabennett.1646@example.com,MT,2021-02-24,Basic,37553.11
1647,Justin Johnson,singhkatherine.1647@example.com,GE,2023-03-22,Standard,44390.35
1648,Juan King,brandymontoya.1648@example.com,SD,2021-09-07,Standard,11531.26
1649,Teresa Garcia,sarahcole.1649@example.com,DO,2026-07-29,Basic,14275.88
1650,Audrey Rose,sherry08.1650@example.com,CA,2021-04-06,Basic,45143.87
1651,Shelly Rivas,shawn85.1651@example.com,AU,2022-04-21,Standard,35580.18
1652,Rose Patterson,aprilwhitehead.1652@example.com,BW,2026-06-14,Basic,11849.33
1653,Daniel Ellis,nmays.1653@example.com,PT,2022-10-30,Premium,39696.74
1654,Robert Elliott,kwright.1654@example.com,GR,2025-08-04,Premium,40188.87
1655,Kristin Bennett,desiree40.1655@example.com,MV,2023-07-12,Standard,22903.56
1656,Michael Blanchard,robinwalker.1656@example.com,BB,2021-03-09,Basic,6306.83
1657,Thomas Ellis,iroberson.1657@example.com,UZ,2023-11-08,Premium,13100.51
1658,Christina Garrett,amanda96.1658@example.com,CA,2021-03-17,Standard,47755.81
1659,Christina Jacobson,peter50.1659@example.com,CN,2020-09-07,Premium,45979.67
1660,Christine Riley,janetmitchell.1660@example.com,FR,2024-01-10,Premium,39502.98
1661,Jessica Thompson,kelly83.1661@example.com,KZ,2021-08-29,Premium,27139.63
1662,Marcus Sanchez,bortiz.1662@example.com,RO,2023-02-11,Premium,26563.36
1663,Shannon Norton,sydney74.1663@example.com,JO,2025-01-10,Basic,38951.55
1664,David Hanna,wareandrew.1664@example.com,FJ,2021-10-30,Premium,45043.20
1665,Samantha Perry,sanchezcaroline.1665@example.com,SZ,2025-12-18,Basic,6023.62
1666,Matthew Morgan,schneiderleslie.1666@example.com,IN,2025-09-29,Standard,28755.55
1667,Gabrielle Newton,wstrickland.1667@example.com,AR,2021-12-12,Basic,43156.54
1668,Paula Wright,jacksonbarrett.1668@example.com,RW,2024-10-22,Basic,31202.95
1669,Arthur Sanders,hamiltonthomas.1669@example.com,KP,2023-08-28,Basic,42015.42
1670,Nathan Raymond,christina08.1670@example.com,DJ,2021-12-06,Standard,13257.97
1671,Aaron Young,stefaniekeller.1671@example.com,NE,2024-11-17,Standard,31312.12
1672,Anthony Flores,twebb.1672@example.com,CU,2023-05-07,Basic,4733.84
1673,Sarah Gutierrez,james33.1673@example.com,TG,2023-11-19,Standard,47698.37
1674,Eric Robinson,christopher73.1674@example.com,KG,2022-04-14,Premium,16973.52
1675,Wayne Mcmillan,raymond08.1675@example.com,TL,2026-02-06,Premium,41954.11
1676,Paul Faulkner,andrea86.1676@example.com,CZ,2024-10-01,Premium,32064.67
1677,James Mitchell,pattersonsherri.1677@example.com,DE,2021-09-23,Premium,34876.65
1678,Ashley Jones,stevenmoore.1678@example.com,AO,2024-02-10,Standard,39742.51
1679,Michael Chavez,pamelanelson.1679@example.com,MK,2024-01-14,Standard,18357.27
1680,Maria Barton,dianewalker.1680@example.com,BE,2026-07-13,Standard,35924.29
1681,Breanna Hall,andersonpamela.1681@example.com,CH,2026-07-21,Premium,46588.80
1682,Angela Williamson,lrosales.1682@example.com,PK,2020-03-13,Premium,11940.46
1683,Brittany Norris,zlewis.1683@example.com,PE,2024-06-26,Premium,33543.99
1684,Lindsey Martinez,delgadokaren.1684@example.com,MG,2021-12-16,Basic,4138.65
1685,James Martin,heather69.1685@example.com,SE,2021-11-21,Premium,20002.07
1686,Patricia Riley,alexisnorman.1686@example.com,BD,2024-09-09,Basic,1209.42
1687,Thomas Porter,lreynolds.1687@example.com,BW,2024-03-26,Basic,29166.98
1688,Michael Fitzgerald,carlmeyers.1688@example.com,NO,2024-10-14,Standard,31094.37
1689,Ebony Larsen,fsmith.1689@example.com,EC,2024-04-22,Basic,21144.37
1690,Michelle Gardner,terrilynch.1690@example.com,AD,2020-02-09,Standard,2960.65
1691,Dennis Kim,heather06.1691@example.com,ZW,2025-12-21,Standard,12596.93
1692,Margaret Robinson,wfigueroa.1692@example.com,TH,2020-01-20,Premium,27494.04
1693,Chad Li,vgomez.1693@example.com,BG,2026-02-15,Standard,5749.08
1694,Melissa Richard,jamesperez.1694@example.com,GT,2026-02-11,Premium,16994.13
1695,Brian Carter,hicksvirginia.1695@example.com,NR,2022-10-02,Basic,11698.10
1696,Joseph Mccarty,susan48.1696@example.com,SE,2024-06-07,Standard,47933.12
1697,Chad Brown,gravespaul.1697@example.com,MX,2025-10-20,Standard,41084.16
1698,Andrew Clayton,sextonnathan.1698@example.com,TO,2020-01-30,Standard,23149.29
1699,Sara Schwartz,vpeters.1699@example.com,CR,2026-07-07,Premium,8477.90
1700,Rodney Smith,lanedebbie.1700@example.com,SL,2026-03-18,Premium,5309.15
1701,Jeffrey Molina,barbarabarrett.1701@example.com,RS,2021-06-18,Standard,2682.97
1702,Susan Andrews,imorrison.1702@example.com,LC,2024-04-28,Premium,45982.41
1703,Jeremy Howe,mallen.1703@example.com,RO,2026-01-08,Premium,10281.35
1704,Carla Peters,ryanshelton.1704@example.com,MV,2022-10-07,Premium,36303.32
1705,Caleb Rogers,kim21.1705@example.com,TW,2022-10-03,Basic,49354.82
1706,Beverly Schultz,riceraymond.1706@example.com,GY,2023-02-14,Basic,32501.18
1707,Kathryn Dominguez,donnaweeks.1707@example.com,NP,2022-08-14,Basic,27448.39
1708,Justin Frank,monicajames.1708@example.com,TH,2020-09-15,Premium,5714.12
1709,Daniel Rodriguez,wolfgabriella.1709@example.com,AU,2021-08-05,Premium,15603.11
1710,Lucas Martinez,daniel58.1710@example.com,TZ,2021-12-10,Basic,776.52
1711,Christopher Johnson,hlopez.1711@example.com,PL,2025-12-07,Premium,28821.44
1712,Jose Schmidt,michaela26.1712@example.com,BA,2022-09-30,Premium,33510.20
1713,Jennifer Clay,riveracasey.1713@example.com,SY,2023-04-24,Premium,5033.44
1714,Patricia James,ilynch.1714@example.com,GD,2021-11-15,Premium,27429.78
1715,Jonathan Rhodes,youngjames.1715@example.com,TG,2021-03-13,Premium,6931.37
1716,Jennifer Navarro,llove.1716@example.com,IT,2023-06-11,Basic,22813.95
1717,Megan Lyons,gary49.1717@example.com,FJ,2025-10-09,Basic,32010.62
1718,Monique Morales,johnsonmarcus.1718@example.com,CM,2020-03-09,Premium,49587.70
1719,Victoria Garcia,amy06.1719@example.com,GE,2022-12-08,Premium,32568.77
1720,Kyle Moody,andrew96.1720@example.com,KG,2023-10-12,Basic,46038.17
1721,David Mckinney,zachary47.1721@example.com,NG,2025-02-27,Premium,12993.86
1722,Gregory Scott,lcohen.1722@example.com,NR,2020-09-11,Premium,36736.96
1723,Nathan Mckinney,stephanie18.1723@example.com,CM,2022-10-13,Basic,142.18
1724,James Hogan,christopher42.1724@example.com,CF,2023-08-10,Standard,40425.99
1725,Joseph Villanueva,genemoore.1725@example.com,SN,2021-05-19,Basic,7786.04
1726,Gregory Carey,reesedonna.1726@example.com,BD,2023-06-05,Premium,2698.82
1727,Pamela Salazar,deborahcarter.1727@example.com,BO,2021-02-15,Premium,31045.57
1728,Christian Kramer,khansen.1728@example.com,BO,2021-10-03,Standard,11104.05
1729,Jason Carter,erin10.1729@example.com,BG,2020-03-01,Standard,9708.65
1730,Ashley White,aallen.1730@example.com,DJ,2022-11-02,Premium,31375.25
1731,Todd Walker,cooperpeter.1731@example.com,IL,2024-02-11,Standard,20225.55
1732,Erica Nunez,brentsalazar.1732@example.com,EE,2024-08-11,Basic,30691.93
1733,Gabriel Sullivan,graytyler.1733@example.com,AE,2026-07-02,Basic,43532.63
1734,Michael Price,ldavis.1734@example.com,LK,2024-03-05,Premium,36082.01
1735,Michael Fitzgerald,cconner.1735@example.com,EG,2024-03-13,Standard,3966.75
1736,Jill Pierce,alexanderwilliam.1736@example.com,MC,2021-01-03,Basic,44540.80
1737,Jonathan Bowen,emily93.1737@example.com,TH,2022-05-30,Basic,6184.74
1738,Joel Sanchez,andreasoto.1738@example.com,AL,2025-05-28,Standard,11826.39
1739,Jennifer Orozco,zkennedy.1739@example.com,LV,2025-08-30,Premium,28302.17
1740,John Reese,bridgescharles.1740@example.com,EE,2020-04-11,Basic,1760.06
1741,Eric Zamora,dwaynerobles.1741@example.com,GH,2026-05-28,Premium,29607.79
1742,Jacob Murphy,karen23.1742@example.com,BO,2024-09-21,Basic,48687.37
1743,April Mendez,steve69.1743@example.com,UY,2023-11-20,Basic,9455.89
1744,Stacey Reese,taylortrevor.1744@example.com,EE,2022-01-09,Premium,21395.62
1745,Corey Brown,gina10.1745@example.com,AU,2023-02-03,Premium,28251.75
1746,Keith Henderson,andrewrollins.1746@example.com,KR,2020-06-25,Standard,1566.16
1747,Megan Mcclure,powelldouglas.1747@example.com,CA,2023-11-09,Premium,10785.83
1748,Paul Jenkins,xscott.1748@example.com,PH,2024-10-10,Standard,6719.73
1749,Joel Williams,watsonadam.1749@example.com,FM,2026-04-08,Standard,34723.15
1750,Michael Richardson,steve82.1750@example.com,AO,2023-12-16,Basic,40282.34
1751,Whitney Duarte,carolyn83.1751@example.com,CM,2025-05-04,Premium,41366.85
1752,Kathryn Taylor,ralphfields.1752@example.com,HU,2024-05-02,Basic,46465.13
1753,Kevin Williams,whiteelizabeth.1753@example.com,NR,2023-02-21,Premium,35641.49
1754,Timothy Reyes,charlesjohnson.1754@example.com,BF,2021-06-21,Standard,24687.39
1755,Carmen Scott,gsmith.1755@example.com,LS,2023-04-21,Basic,7428.56
1756,Christopher Gaines,margaretjohnson.1756@example.com,DJ,2026-08-07,Premium,48445.76
1757,Vanessa Webb,obenson.1757@example.com,HR,2020-01-06,Basic,31196.16
1758,Daniel Jensen,nicolas45.1758@example.com,KR,2021-12-25,Standard,19132.04
1759,Justin Moreno,moorejeffrey.1759@example.com,SN,2020-11-03,Basic,12722.26
1760,Craig Sullivan,cramirez.1760@example.com,PW,2021-08-08,Premium,31155.64
1761,Dr. Steven Stuart,scottpowell.1761@example.com,GR,2021-09-20,Basic,13021.82
1762,Dr. Shelly Frazier,garciamatthew.1762@example.com,AU,2022-06-16,Premium,45146.08
1763,Lori Moody,juliemorrison.1763@example.com,BA,2026-04-21,Standard,15286.97
1764,Andrea Cooper,robin83.1764@example.com,KM,2020-06-06,Standard,37166.03
1765,Edward Cummings,michellecraig.1765@example.com,BH,2021-10-08,Premium,30513.87
1766,Brandon Stevens,cainrobin.1766@example.com,CU,2024-04-03,Basic,43875.15
1767,Luke Gomez,teresa96.1767@example.com,MK,2020-11-13,Basic,14129.83
1768,Tracy Rice,richardsonsteven.1768@example.com,ML,2026-01-16,Basic,24059.96
1769,Kristen Phillips,sydney27.1769@example.com,CU,2025-10-27,Standard,10503.69
1770,Mr. Aaron Nash,nelsonkaren.1770@example.com,MT,2022-03-11,Basic,10469.16
1771,Kimberly Freeman,piercedeborah.1771@example.com,MT,2022-08-23,Basic,33347.20
1772,Kevin Manning,willieshelton.1772@example.com,AZ,2023-03-07,Standard,26881.75
1773,Morgan White,pking.1773@example.com,NR,2021-01-08,Premium,2740.46
1774,Anna Carter,courtneymaxwell.1774@example.com,MU,2020-09-21,Standard,10804.69
1775,Joshua Reynolds,robin81.1775@example.com,CR,2026-06-12,Standard,42502.21
1776,Melissa Miller,laurie47.1776@example.com,KH,2024-08-27,Basic,46753.10
1777,Thomas Moore,asalazar.1777@example.com,CA,2026-04-19,Standard,10099.52
1778,Andrea Washington MD,brittany34.1778@example.com,AM,2024-07-08,Premium,25148.73
1779,Alexander Martinez,william05.1779@example.com,ES,2021-10-12,Premium,26982.47
1780,Amanda Hansen,rwilson.1780@example.com,AU,2021-09-19,Standard,24830.11
1781,Lauren Montoya,paul05.1781@example.com,MZ,2024-04-05,Premium,36760.59
1782,Eric Rocha,ysanchez.1782@example.com,KH,2025-08-03,Premium,38528.30
1783,Danielle Garcia,hahnpatricia.1783@example.com,BO,2025-02-21,Premium,46366.19
1784,Jason Campbell,lisajones.1784@example.com,MK,2023-01-18,Premium,41277.80
1785,Erika Shelton,megandillon.1785@example.com,BN,2024-03-13,Basic,30960.38
1786,Lindsay Pugh,michelle62.1786@example.com,AD,2025-05-03,Basic,21007.76
1787,Robert Lowe,kathryn53.1787@example.com,GR,2022-08-24,Standard,17355.10
1788,Diana Ramirez,carlsontammy.1788@example.com,VE,2025-06-15,Basic,32753.94
1789,Christopher Lynn,thartman.1789@example.com,KR,2026-01-25,Basic,31498.41
1790,Dr. Chelsea Huynh,jkim.1790@example.com,KI,2025-12-12,Standard,39874.98
1791,Hannah Collins,qwalker.1791@example.com,ET,2024-02-25,Premium,29506.38
1792,Thomas Olson,xyoung.1792@example.com,CL,2025-03-23,Premium,17351.82
1793,James Brown,tommyreid.1793@example.com,SG,2020-08-26,Standard,28285.22
1794,Johnny Jones,johnhawkins.1794@example.com,JP,2026-02-04,Standard,30381.74
1795,Tara Watkins,hscott.1795@example.com,KI,2026-08-05,Basic,34947.25
1796,Julie Rodriguez,lovetaylor.1796@example.com,LI,2025-07-06,Basic,43402.45
1797,Mariah Krueger,icobb.1797@example.com,UG,2023-09-23,Basic,33305.48
1798,Bryan Smith,calhounpaula.1798@example.com,PS,2022-11-12,Basic,45346.88
1799,Melissa Harrison,knicholson.1799@example.com,TJ,2020-09-23,Basic,35457.54
1800,Angel Williams,rgonzales.1800@example.com,MD,2020-09-13,Standard,10971.89
1801,Jacob Bell,laurengardner.1801@example.com,GM,2024-01-06,Premium,49640.36
1802,Robert Moran,aguilargrant.1802@example.com,NR,2024-03-03,Standard,5101.17
1803,Amanda James,robertgarrett.1803@example.com,JM,2024-11-13,Standard,35037.08
1804,Michael Allen,jacob59.1804@example.com,BS,2023-06-18,Premium,37086.28
1805,Yesenia Obrien,austinlong.1805@example.com,TH,2020-02-11,Standard,45020.63
1806,Angela Miller,jamesnicholas.1806@example.com,GR,2020-01-19,Standard,27155.54
1807,Larry Myers MD,mglass.1807@example.com,CH,2025-02-12,Standard,8192.37
1808,Cassandra Thompson,dianethompson.1808@example.com,AU,2022-12-29,Basic,24609.41
1809,Donna Rice,stevenwood.1809@example.com,EE,2023-09-24,Basic,2752.24
1810,Elizabeth Becker,ypeterson.1810@example.com,NI,2020-04-03,Standard,9873.51
1811,Lauren Mcintosh,frederickhouston.1811@example.com,SC,2023-11-09,Basic,33244.48
1812,Robert Walter,wanda23.1812@example.com,BD,2021-01-01,Standard,29162.71
1813,Kenneth Davidson,kevin37.1813@example.com,PW,2023-11-20,Premium,38785.76
1814,Alicia Navarro,srosales.1814@example.com,LT,2021-06-22,Standard,22555.55
1815,Kristi Harris,combsmichelle.1815@example.com,BW,2022-10-22,Premium,3147.13
1816,Austin Benitez,qwagner.1816@example.com,CA,2023-02-04,Premium,36817.14
1817,Robert Hawkins,ballen.1817@example.com,ML,2020-08-28,Premium,43535.41
1818,Aaron Cordova,laurenwalter.1818@example.com,HU,2022-05-01,Standard,2023.01
1819,Mrs. Virginia Brown MD,murillojohn.1819@example.com,HN,2025-07-07,Premium,35293.00
1820,Jeffrey Martinez,travis24.1820@example.com,EG,2022-11-01,Basic,16536.89
1821,Christopher Fox,eric27.1821@example.com,ZW,2022-02-28,Premium,11483.89
1822,Debra Fowler,heidi14.1822@example.com,WS,2025-01-26,Basic,15776.80
1823,Guy Lopez,debbiekelley.1823@example.com,GW,2022-10-22,Standard,16432.96
1824,David Dunn,judy80.1824@example.com,ER,2026-06-17,Basic,37364.62
1825,John Rivera,hernandezcarolyn.1825@example.com,KG,2021-03-10,Basic,33637.45
1826,Anne Quinn,stephaniewall.1826@example.com,JO,2023-08-05,Basic,38836.63
1827,Angela Marks,joshua24.1827@example.com,PG,2021-06-27,Standard,44400.04
1828,Vanessa Rivera,timothysanders.1828@example.com,CA,2026-08-22,Premium,38183.33
1829,Patricia Robinson,kinglisa.1829@example.com,LC,2022-09-03,Premium,5864.79
1830,Michael Clark,eric08.1830@example.com,IS,2024-07-20,Premium,434.56
1831,Daniel Ford,william11.1831@example.com,SK,2022-07-06,Standard,37994.61
1832,Patrick Garcia,patrick99.1832@example.com,FR,2022-07-07,Basic,37645.46
1833,Jennifer Orr,johnsonchristine.1833@example.com,SO,2024-04-13,Standard,10051.10
1834,Joseph Moss,panderson.1834@example.com,BH,2021-09-06,Premium,32543.40
1835,Scott Hernandez,sarah00.1835@example.com,ES,2026-03-22,Premium,5469.47
1836,Jerry Fernandez,mirandajacob.1836@example.com,GB,2021-03-29,Standard,17303.06
1837,John Williams,kimhull.1837@example.com,LK,2020-07-05,Standard,10025.29
1838,Jacob Fleming,bdavis.1838@example.com,CY,2021-07-12,Basic,47249.91
1839,Robin White,stacey95.1839@example.com,TV,2023-03-13,Standard,12255.55
1840,Shawn Wolfe,sara50.1840@example.com,MC,2021-05-09,Premium,21687.71
1841,Ryan Sandoval,christineweaver.1841@example.com,TH,2024-05-01,Standard,45522.34
1842,Allison Martinez,eharrell.1842@example.com,GT,2020-11-16,Basic,8511.51
1843,John Lopez,jessicadouglas.1843@example.com,YE,2021-08-01,Basic,23736.49
1844,Paul Wagner,imccarthy.1844@example.com,TJ,2023-10-18,Basic,40490.89
1845,William Reynolds,youngthomas.1845@example.com,DK,2023-11-28,Standard,16923.40
1846,Darius Ramos,ytate.1846@example.com,PA,2024-05-03,Basic,2129.43
1847,Anthony Andrews,jaredcaldwell.1847@example.com,UZ,2020-03-13,Basic,29434.85
1848,Bobby Bennett,janet28.1848@example.com,IE,2023-03-27,Basic,613.64
1849,James Duncan,hillantonio.1849@example.com,TT,2020-02-16,Basic,40050.27
1850,Karen Coleman,imcdonald.1850@example.com,TM,2024-09-10,Basic,45609.25
1851,Gary Murphy,palmertraci.1851@example.com,UZ,2024-10-24,Basic,28100.52
1852,Patrick Smith,amandaacosta.1852@example.com,NG,2022-07-04,Basic,14430.95
1853,Benjamin Jones,martinrebekah.1853@example.com,IS,2026-02-14,Basic,40671.22
1854,Brandon Adams,thorntonjason.1854@example.com,MM,2026-08-08,Standard,19944.31
1855,Monica Baker,moorejeffery.1855@example.com,RU,2024-11-22,Standard,4307.78
1856,Bryan Mejia,cruzkristina.1856@example.com,MK,2020-03-30,Basic,46059.95
1857,Lori Oneill,ycarter.1857@example.com,SO,2024-07-26,Premium,30149.38
1858,Austin Johnson,jaimelopez.1858@example.com,GE,2025-05-29,Standard,47160.39
1859,Rebecca Jones,pstevens.1859@example.com,PG,2021-08-05,Standard,15700.58
1860,Michelle Stone,xscott.1860@example.com,CY,2023-12-27,Basic,24320.30
1861,Amanda Mckinney,coxkatie.1861@example.com,BH,2026-04-26,Basic,3670.48
1862,Samantha Peters,karenthompson.1862@example.com,BS,2020-06-02,Basic,19390.55
1863,Kelsey Adkins,bradshawkevin.1863@example.com,BO,2022-11-30,Standard,8749.99
1864,Robert Hamilton,jimenezscott.1864@example.com,GA,2024-02-28,Basic,41198.22
1865,Steven Harrell,fgordon.1865@example.com,AT,2025-12-07,Unknown,23760.81
1866,William Reynolds,greenchristine.1866@example.com,TL,2022-10-27,Premium,19327.32
1867,Benjamin Avila,benjaminhaney.1867@example.com,NP,2023-08-09,Premium,24766.62
1868,Isaac Jarvis,mgonzalez.1868@example.com,ME,2022-05-27,Standard,30399.67
1869,Mikayla Lyons,travissmith.1869@example.com,BA,2022-01-08,Premium,47270.74
1870,Tiffany Howard,fbrown.1870@example.com,FR,2024-01-20,Basic,34675.12
1871,Brandon Turner,lawrencecunningham.1871@example.com,SI,2022-05-29,Premium,3014.46
1872,Nathan Weiss,melissa76.1872@example.com,IR,2023-08-14,Basic,7666.45
1873,Shane Sanchez,erikajohnson.1873@example.com,FR,2025-04-19,Premium,3794.97
1874,Samantha Nguyen,christopher34.1874@example.com,AE,2023-04-14,Standard,29262.74
1875,Kent Johnson,morgan41.1875@example.com,FM,2021-11-02,Basic,39428.37
1876,Rachael Allen,christineroberts.1876@example.com,ET,2026-04-28,Basic,30363.00
1877,Holly Gonzalez,lcrawford.1877@example.com,CZ,2021-09-04,Premium,40394.32
1878,Amanda Krueger,karenmason.1878@example.com,TN,2026-06-25,Standard,39991.20
1879,Tonya Evans,johnsonlindsay.1879@example.com,PT,2023-05-23,Premium,24357.35
1880,Wendy Singleton,trevorsantiago.1880@example.com,BN,2023-09-15,Premium,47938.79
1881,Tina Gutierrez,sarahhardy.1881@example.com,NG,2026-05-24,Standard,29010.40
1882,Timothy Chan,gregoryfisher.1882@example.com,BR,2024-11-26,Standard,26454.69
1883,Anthony Hernandez,mserrano.1883@example.com,MU,2022-09-10,Premium,11539.26
1884,Joshua Huang,patricklynch.1884@example.com,SK,2025-05-13,Standard,34915.33
1885,Frank Rodgers,rsmith.1885@example.com,BT,2024-07-26,Premium,40492.33
1886,Larry Myers,daniel65.1886@example.com,KP,2020-11-18,Standard,18590.61
1887,Joshua Elliott,chapmandaniel.1887@example.com,PL,2024-02-25,Standard,20640.31
1888,Steven Hart,colin55.1888@example.com,FR,2025-05-18,Basic,32026.89
1889,Casey Landry,calebwillis.1889@example.com,TL,2024-02-18,Basic,27200.51
1890,Jason Lee,samuel24.1890@example.com,UG,2024-10-22,Basic,16380.10
1891,John Wiggins,charles78.1891@example.com,BJ,2025-09-10,Standard,40021.34
1892,Darren Meyer,matthew78.1892@example.com,SL,2021-10-19,Standard,8631.29
1893,Kimberly Collins,manncindy.1893@example.com,AF,2023-01-28,Standard,48017.30
1894,Adrian Long,yshah.1894@example.com,BB,2022-07-23,Premium,13275.29
1895,John Cannon,bjackson.1895@example.com,SB,2025-10-27,Basic,1362.29
1896,Jose Gordon,cranedavid.1896@example.com,PS,2022-01-02,Basic,26984.31
1897,Belinda Johnson,michael12.1897@example.com,MW,2021-06-05,Premium,28838.38
1898,Jamie Pham,brooksshelly.1898@example.com,VE,2024-04-29,Standard,10756.64
1899,Erin Smith,waltercampbell.1899@example.com,OM,2025-12-24,Basic,26931.53
1900,Christine Carpenter,rmorgan.1900@example.com,SO,2026-06-03,Premium,19364.75
1901,Katrina Jones,martinlisa.1901@example.com,EC,2025-09-08,Premium,24142.52
1902,Micheal Short,christie12.1902@example.com,IQ,2024-01-20,Premium,37358.31
1903,Michelle Schultz,christina25.1903@example.com,AO,2024-03-06,Premium,26742.14
1904,Edward Banks,mary53.1904@example.com,ME,2023-12-05,Basic,40507.42
1905,Dana Smith,evanskatherine.1905@example.com,KN,2020-08-15,Basic,41602.77
1906,Monique Scott,dawnsmith.1906@example.com,AF,2021-05-12,Standard,40264.72
1907,Gail Santiago,ubailey.1907@example.com,ZW,2021-03-20,Standard,47035.12
1908,Charles Willis,jenniferhoover.1908@example.com,CL,2023-11-26,Basic,14885.34
1909,Mary Burns,whudson.1909@example.com,GA,2020-07-26,Premium,43852.06
1910,Roberta Gonzales,adkinsmichael.1910@example.com,IN,2022-08-20,Premium,34174.00
1911,Tyler Maldonado,gmccullough.1911@example.com,SZ,2021-11-12,Premium,45894.27
1912,James Johnson,paulagross.1912@example.com,BT,2021-02-11,Premium,45393.75
1913,Michael Graham,hdecker.1913@example.com,EG,2020-07-09,Basic,25972.22
1914,Steven Flores,kevinklein.1914@example.com,HN,2024-06-01,Premium,12084.37
1915,Sarah Howell,heather22.1915@example.com,PT,2025-11-25,Premium,41246.23
1916,Tyler Johnson,wayne55.1916@example.com,GR,2022-01-21,Premium,41563.20
1917,Brandon Banks,rglover.1917@example.com,GT,2025-02-12,Premium,44453.32
1918,Mrs. Lisa Flores,jeffersonbrenda.1918@example.com,LC,2022-03-07,Basic,312.99
1919,Chad Morgan,jonathan42.1919@example.com,ES,2024-07-23,Standard,9983.52
1920,Joel Salinas,fergusonbrandy.1920@example.com,HR,2023-09-15,Premium,18387.78
1921,Emily Garcia PhD,mendezrussell.1921@example.com,BS,2021-01-19,Standard,9817.53
1922,Eugene Russell,barbara76.1922@example.com,SO,2021-08-15,Standard,9148.40
1923,Joseph Robles,mwilliams.1923@example.com,PW,2025-09-06,Standard,1365.83
1924,Joshua Brown,averykatherine.1924@example.com,AO,2021-04-12,Standard,1302.66
1925,Elizabeth Conway,brandy08.1925@example.com,KZ,2021-06-14,Premium,20662.90
1926,Louis Maddox,josephturner.1926@example.com,CI,2023-10-29,Basic,12254.53
1927,Mark Cook,vgarrett.1927@example.com,CA,2020-07-19,Premium,11730.25
1928,Melissa Mckee,deniseberry.1928@example.com,MM,2023-02-13,Premium,33983.90
1929,Raymond Patterson,ggibbs.1929@example.com,JO,2022-05-09,Premium,35656.48
1930,Victoria Turner,ashleyjimenez.1930@example.com,AM,2020-02-25,Standard,35548.61
1931,Lynn Sims,munozcorey.1931@example.com,MG,2023-12-02,Basic,28576.86
1932,Mrs. Marilyn Nguyen MD,jennifer79.1932@example.com,NI,2025-05-16,Standard,276.18
1933,Kim Bryant,rodriguezjasmine.1933@example.com,TH,2024-12-24,Standard,48433.97
1934,Grant Gomez,rrandall.1934@example.com,SN,2026-06-07,Basic,8393.67
1935,Dean Moss,katherineevans.1935@example.com,PT,2024-06-11,Premium,24126.70
1936,Mark Young,stoneleonard.1936@example.com,UG,2023-07-14,Standard,20981.29
1937,Nathan Cook,jacksonbrian.1937@example.com,RO,2025-12-29,Premium,35161.28
1938,Kristopher Mcdaniel,sbrown.1938@example.com,SB,2022-12-12,Basic,34103.70
1939,Denise Nelson,vnelson.1939@example.com,KM,2024-05-29,Basic,12869.17
1940,David Bennett,jaclynhall.1940@example.com,IL,2024-07-05,Standard,25600.66
1941,Michael Mann,hendersonryan.1941@example.com,VE,2025-06-22,Basic,35198.60
1942,Lauren Smith,monroebradley.1942@example.com,VU,2020-01-25,Standard,37482.45
1943,Russell Ford,raven22.1943@example.com,FM,2022-04-10,Standard,25108.25
1944,Jerry Hensley,nwilliams.1944@example.com,TH,2026-02-19,Premium,36885.21
1945,Terri Jackson,gregory29.1945@example.com,CF,2022-11-07,Premium,11447.43
1946,Jack Williams,anguyen.1946@example.com,GW,2025-01-06,Premium,15355.23
1947,Amanda Daniels,stacey42.1947@example.com,VC,2026-02-11,Basic,40359.88
1948,Anna Savage,annette86.1948@example.com,BI,2021-06-08,Standard,46050.83
1949,Jessica Tran,janet78.1949@example.com,US,2025-09-03,Basic,44236.15
1950,Sara Jackson,annakelly.1950@example.com,LB,2024-08-21,Premium,47323.14
1951,Thomas Blackwell,bruce53.1951@example.com,DZ,2022-04-14,Standard,20218.78
1952,Kristen Rodriguez,mario72.1952@example.com,PY,2026-04-12,Premium,27639.34
1953,Anne Wood,vanessa38.1953@example.com,KE,2024-02-06,Standard,20860.64
1954,Craig Jackson,tonya40.1954@example.com,TL,2020-07-07,Premium,34856.72
1955,Justin Johnson,murphyjonathon.1955@example.com,GY,2020-02-20,Basic,24283.45
1956,Christopher Smith,jessica28.1956@example.com,LK,2022-01-02,Standard,2752.20
1957,Ronald Mercado,alvin34.1957@example.com,CR,2025-03-26,Standard,45864.38
1958,John Kelley,danielsian.1958@example.com,ES,2023-08-16,Premium,41381.62
1959,Amanda Hubbard,blewis.1959@example.com,SM,2023-05-29,Basic,12369.27
1960,Christopher Diaz,teresa93.1960@example.com,HU,2026-07-22,Basic,40381.88
1961,Ann Barrera,vwilson.1961@example.com,BB,2025-12-15,Basic,48092.22
1962,Carol Smith,michaelmueller.1962@example.com,BI,2021-09-10,Basic,30730.75
1963,Thomas Lopez,lthomas.1963@example.com,BA,2026-07-01,Premium,46881.53
1964,Claudia Guzman,donna21.1964@example.com,BA,2024-11-25,Premium,47523.27
1965,Paul Richardson,cgomez.1965@example.com,LA,2022-01-06,Basic,13586.97
1966,Michael Bradley,qklein.1966@example.com,IS,2021-05-31,Premium,41585.63
1967,Kenneth Logan,jessicagilbert.1967@example.com,ML,2024-01-23,Basic,36122.64
1968,Elizabeth Green,robert02.1968@example.com,PG,2022-09-15,Premium,3188.72
1969,Kathryn Ford,joseph32.1969@example.com,MM,2023-07-17,Basic,30365.90
1970,Elizabeth Daniels,romerobryan.1970@example.com,KN,2020-01-31,Basic,32846.98
1971,Leslie Stewart,daviseugene.1971@example.com,FJ,2025-07-04,Basic,18666.13
1972,John Williams,gravesdestiny.1972@example.com,CV,2021-05-15,Basic,244.10
1973,Victoria Anderson,rickyshields.1973@example.com,CN,2026-01-03,Premium,11897.48
1974,Gabriella Green,daniel45.1974@example.com,LI,2020-08-29,Premium,17840.26
1975,Sandy Hoffman,gonzalezaaron.1975@example.com,VC,2023-01-08,Standard,9076.83
1976,Marcus Watkins,williamparsons.1976@example.com,MV,2023-10-17,Standard,8187.14
1977,Mitchell Duffy,nmichael.1977@example.com,ZA,2020-04-09,Basic,31730.07
1978,Gregory Martinez,joshua88.1978@example.com,KM,2023-01-12,Standard,24844.91
1979,Juan Gallegos,daniellehernandez.1979@example.com,CD,2020-07-19,Standard,30382.46
1980,Paul Johnson,adrian22.1980@example.com,KG,2020-02-15,Basic,188.83
1981,Jennifer Bright,kennethbanks.1981@example.com,CF,2020-12-12,Basic,32841.25
1982,Mrs. Karen West,johnsonsean.1982@example.com,MW,2023-10-19,Standard,43048.12
1983,Cheryl Scott,jonesjonathan.1983@example.com,MC,2025-08-19,Premium,14183.32
1984,Tyler Wells,davidgallagher.1984@example.com,US,2023-05-15,Basic,37253.66
1985,Riley Knight,scott55.1985@example.com,PL,2022-05-03,Basic,45588.50
1986,Samantha Chavez,dunnmolly.1986@example.com,QA,2024-12-22,Standard,35339.13
1987,Phillip Garcia,ghernandez.1987@example.com,MK,2022-02-18,Basic,9828.02
1988,Nicholas Stanley,bryantruth.1988@example.com,DJ,2024-08-19,Premium,49478.04
1989,Joseph Bailey,samanthabrewer.1989@example.com,BY,2021-03-11,Premium,45037.48
1990,Paula Humphrey,xcontreras.1990@example.com,CY,2024-11-23,Premium,18276.65
1991,Kathleen Ramos,allison82.1991@example.com,EE,2020-07-15,Basic,16596.41
1992,Shannon Wilson,brent99.1992@example.com,UY,2023-06-09,Premium,31070.86
1993,Thomas Koch,jensenjoseph.1993@example.com,BT,2025-01-22,Basic,7667.62
1994,Jennifer Ramirez,adamkeller.1994@example.com,AR,2021-11-08,Standard,26276.19
1995,Jodi Floyd,ernestbutler.1995@example.com,LC,2025-01-13,Standard,33642.17
1996,Maria Dunn,johnsonrodney.1996@example.com,ER,2021-05-28,Premium,16848.28
1997,Nicole White DVM,xdecker.1997@example.com,PE,2022-06-01,Standard,21264.97
1998,Andrew Harrison,kelseyparker.1998@example.com,AZ,2023-06-21,Premium,29608.69
1999,William Skinner,amytorres.1999@example.com,MT,2026-02-11,Premium,32767.42
2000,Michael Walker,scottsandra.2000@example.com,SZ,2022-02-22,Standard,28048.61
2001,Raymond Hanna,bmeyers.2001@example.com,PE,2023-01-12,Premium,37360.46
2002,Jennifer Boyle,ricelori.2002@example.com,MN,2020-12-28,Premium,21170.08
2003,Karen Gonzalez,judithmorales.2003@example.com,KE,2025-08-07,Standard,32537.82
2004,Gregory Rhodes,jason09.2004@example.com,GT,2026-05-02,Standard,27075.54
2005,Donald Lee,larryalvarez.2005@example.com,CY,2020-04-28,Basic,35718.45
2006,Ashley Moore,michelle49.2006@example.com,CF,2022-09-11,Standard,11405.81
2007,Rebecca Ward,virginia48.2007@example.com,IT,2020-01-03,Basic,26676.15
2008,Tammy Hall,erintaylor.2008@example.com,SD,2020-11-13,Standard,42535.04
2009,Wesley Smith,xpatel.2009@example.com,EC,2021-12-09,Premium,9947.19
2010,Robert Morris,itate.2010@example.com,RS,2020-11-09,Standard,23400.84
2011,Katherine Hunter,teresafigueroa.2011@example.com,BB,2025-02-03,Basic,48317.12
2012,Jamie Rogers,wcarr.2012@example.com,CH,2024-04-09,Basic,21142.82
2013,Marc Summers,zjones.2013@example.com,AE,2022-12-27,Standard,7344.03
2014,Brett Martinez,tammyjimenez.2014@example.com,MH,2025-07-21,Standard,27721.96
2015,Robert Diaz,bwright.2015@example.com,AL,2021-03-03,Premium,38636.97
2016,Thomas Martinez,lawsonjeremy.2016@example.com,NZ,2025-11-01,Basic,47666.47
2017,Michael Jensen,vjordan.2017@example.com,DJ,2022-03-20,Basic,32260.24
2018,Sarah Lewis,laura27.2018@example.com,BS,2026-04-02,Basic,4950.31
2019,Gabrielle Ramirez,bonniehickman.2019@example.com,MX,2020-01-08,Basic,21395.56
2020,Dana Burch,benjaminnavarro.2020@example.com,SO,2024-07-29,Basic,47677.90
2021,Dean Nicholson,samantha82.2021@example.com,IR,2021-01-15,Premium,20160.27
2022,Laurie Massey,katrina18.2022@example.com,CD,2020-06-06,Basic,28399.75
2023,Alexa Morrison,lambertkelly.2023@example.com,HR,2020-03-19,Basic,40340.05
2024,Katrina Steele,sara48.2024@example.com,US,2025-02-26,Basic,2229.13
2025,Alejandro Wise,zodonnell.2025@example.com,ME,2024-02-29,Premium,11595.16
2026,Jeff Jones,peggy99.2026@example.com,SN,2020-10-01,Basic,19049.60
2027,Lawrence Boyd MD,butlerangel.2027@example.com,AE,2020-06-20,Basic,13812.65
2028,Taylor Mitchell,heather18.2028@example.com,NL,2022-07-12,Standard,39000.34
2029,Hannah Andersen DVM,paige98.2029@example.com,JO,2020-10-03,Standard,4736.61
2030,Andrew Harrell,rodriguezwayne.2030@example.com,CG,2025-06-04,Basic,44238.93
2031,Rebekah Graham,sonya66.2031@example.com,MT,2025-05-17,Premium,13679.05
2032,Brian Owens,gatesshannon.2032@example.com,ST,2024-08-13,Standard,37276.91
2033,Melissa Wilson,michelenash.2033@example.com,CV,2026-05-12,Basic,30518.36
2034,David Giles,fpatterson.2034@example.com,GH,2024-12-30,Basic,12193.20
2035,Lisa Morales,alexis34.2035@example.com,MW,2024-07-17,Premium,48237.17
2036,Tamara Brown,heather13.2036@example.com,DO,2021-05-31,Premium,37662.73
2037,Danielle Joseph,rebecca86.2037@example.com,UA,2020-05-07,Premium,5720.16
2038,Tristan Francis,hinesmichael.2038@example.com,UG,2026-08-11,Premium,49117.05
2039,Jennifer Knight,pcooper.2039@example.com,MA,2025-07-03,Basic,5130.88
2040,Brett Watts,lindsay98.2040@example.com,CN,2021-07-14,Premium,35846.17
2041,James Mosley,petersaaron.2041@example.com,KN,2020-09-17,Basic,6464.35
2042,Daniel Burnett,chloe13.2042@example.com,AO,2023-03-04,Premium,7489.72
2043,Mikayla Richardson,jford.2043@example.com,SE,2023-01-04,Standard,1390.73
2044,Benjamin Castro,stephanie69.2044@example.com,AG,2026-03-31,Basic,27069.72
2045,Benjamin Vance,ruben39.2045@example.com,ET,2026-02-27,Basic,33811.95
2046,Blake Brown,stephanie55.2046@example.com,SV,2023-08-28,Premium,3505.85
2047,Jennifer Ramsey,bakernicole.2047@example.com,US,2025-01-23,Premium,11886.04
2048,Katie Bradshaw MD,gerald47.2048@example.com,LY,2025-05-23,Basic,47644.04
2049,Christine Peterson,brittanygriffin.2049@example.com,CA,2025-11-20,Premium,26561.35
2050,Jennifer Hawkins,jeanettegross.2050@example.com,SL,2022-02-11,Standard,6446.78
2051,Mrs. Melissa Meyer,daniel63.2051@example.com,GA,2021-01-09,Basic,38391.07
2052,Donald Sparks,douglas87.2052@example.com,SC,2023-05-25,Standard,4480.18
2053,Nicholas Hendricks,nicole64.2053@example.com,AE,2021-05-21,Basic,49298.36
2054,Karen Higgins,riceadam.2054@example.com,UA,2024-06-15,Basic,49085.70
2055,Darrell Leon,connor00.2055@example.com,ZA,2023-11-21,Premium,15651.93
2056,Eric Harmon,gibsonalexander.2056@example.com,MC,2021-07-07,Premium,35640.28
2057,Ethan Herman,michaelortiz.2057@example.com,NO,2026-08-12,Standard,35186.28
2058,Jennifer Shelton,mpayne.2058@example.com,IS,2021-10-03,Standard,18001.12
2059,Paul Jones,crussell.2059@example.com,FM,2025-01-13,Standard,46461.72
2060,Robert Robinson,jasminemiller.2060@example.com,TR,2026-07-27,Premium,27219.42
2061,Daniel Rodriguez,andrea37.2061@example.com,GQ,2021-06-15,Basic,43363.14
2062,Amy Howe,anthonyelliott.2062@example.com,ML,2024-02-28,Premium,15857.22
2063,Renee Estrada,pcastillo.2063@example.com,DE,2022-08-04,Basic,3521.47
2064,Albert Wood,murphykenneth.2064@example.com,UG,2022-02-20,Basic,11268.06
2065,Jeffrey Durham PhD,msmith.2065@example.com,GQ,2024-03-23,Standard,35366.28
2066,Ryan Wallace,pmullen.2066@example.com,ST,2022-09-30,Premium,39964.36
2067,Kathleen Wilson,candaceflores.2067@example.com,CL,2020-07-04,Standard,18131.18
2068,Tanya Campbell,phillipsbeth.2068@example.com,CM,2023-12-29,Basic,42438.64
2069,Jessica Dyer,tylerelliott.2069@example.com,SC,2024-10-01,Standard,6299.24
2070,Nicholas Johnson,nhill.2070@example.com,HN,2023-07-19,Basic,27914.64
2071,Jean Ware,russoamber.2071@example.com,SM,2025-07-18,Basic,45274.21
2072,Vincent Hernandez,bethanyroman.2072@example.com,ET,2020-05-16,Standard,14447.26
2073,Chelsea Jenkins,,MG,2022-06-28,Premium,35666.15
2074,James Hill,wrodriguez.2074@example.com,PL,2022-08-26,Premium,13347.53
2075,Jonathan Hale,njones.2075@example.com,PK,2022-11-19,Basic,29054.55
2076,Emma Gibbs,brandon74.2076@example.com,TL,2023-04-14,Standard,29095.15
2077,Cynthia Moody,pricejerome.2077@example.com,GA,2023-12-04,Premium,18069.27
2078,Juan Santiago,rosejacob.2078@example.com,IE,2023-04-16,Basic,12848.74
2079,Meredith Cole,andrea03.2079@example.com,MN,2021-06-24,Standard,41479.28
2080,Theodore Scott,gmorales.2080@example.com,SB,2023-08-04,Basic,19295.13
2081,Dr. John Harris MD,vincentmorgan.2081@example.com,TM,2025-09-17,Standard,444.56
2082,Robert Rodriguez,kyledavid.2082@example.com,NP,2022-05-04,Premium,5665.20
2083,Beth Alvarez,drew62.2083@example.com,IT,2025-12-31,Standard,4259.54
2084,Jeffrey Jones,amber51.2084@example.com,MD,2021-07-26,Basic,863.49
2085,Joseph Rowland,lgregory.2085@example.com,ML,2023-04-12,Standard,36200.67
2086,Robert Hull,erin60.2086@example.com,KR,2022-06-05,Basic,28226.76
2087,Mason Dennis,michaelmartinez.2087@example.com,CN,2025-08-13,Premium,9176.34
2088,Lori Hall,calvin04.2088@example.com,HR,2021-12-18,Premium,22490.21
2089,Julia Taylor,lisa00.2089@example.com,CA,2023-08-15,Basic,14896.20
2090,Alex Wilson,harrismichael.2090@example.com,DO,2024-06-17,Premium,18873.05
2091,Jennifer Flores,christine86.2091@example.com,MH,2021-06-21,Basic,841.04
2092,Cameron Anderson,sanchezdonald.2092@example.com,BJ,2025-09-24,Basic,44395.22
2093,Robert Carrillo,thompsonanthony.2093@example.com,FI,2022-04-04,Basic,8299.01
2094,Troy Kennedy,jberg.2094@example.com,TR,2025-11-14,Basic,32684.93
2095,Kara Brock,sanchezmegan.2095@example.com,KI,2020-02-09,Basic,44858.78
2096,Michael Ellis,brett58.2096@example.com,KM,2026-02-12,Standard,7748.18
2097,Laura King,erikarose.2097@example.com,GH,2021-10-24,Premium,45157.76
2098,Anita White,mooneric.2098@example.com,AF,2023-01-13,Unknown,13532.74
2099,Beth Hamilton,sherrynoble.2099@example.com,ST,2021-04-08,Premium,11346.94
2100,Emma Rodriguez,davidflores.2100@example.com,DM,2021-07-16,Standard,24703.34
2101,Ashley Glass,dberry.2101@example.com,AZ,2025-02-01,Basic,7700.02
2102,Douglas Bender,deannacarroll.2102@example.com,ER,2023-07-16,Basic,48233.15
2103,Tyler Henry,tammylewis.2103@example.com,MT,2022-03-17,Premium,22631.76
2104,Lauren Brown,angelica03.2104@example.com,LS,2021-10-26,Premium,33566.08
2105,Devon Cain,benderlaura.2105@example.com,PY,2025-05-13,Standard,41044.75
2106,Jeffrey Gregory,harrisonchristine.2106@example.com,TV,2020-11-18,Standard,15889.06
2107,Heidi Taylor,jasonwilliams.2107@example.com,IL,2020-12-25,Premium,13932.27
2108,Lori Bell,eddie17.2108@example.com,SB,2021-08-07,Premium,8417.98
2109,Bobby Lopez,johnjackson.2109@example.com,MC,2025-03-13,Basic,7085.59
2110,John Ross,brucegregory.2110@example.com,CZ,2023-02-20,Basic,17666.08
2111,Keith Brown,simscatherine.2111@example.com,LY,2026-04-28,Premium,13947.90
2112,David Gordon,kenneth62.2112@example.com,BE,2024-05-31,Standard,134.13
2113,Jason Bates,erinjackson.2113@example.com,AR,2023-11-30,Premium,1651.12
2114,Mark Benson,uwilliams.2114@example.com,AM,2020-06-05,Standard,20633.46
2115,Erika Banks,emilymcbride.2115@example.com,AE,2022-02-26,Standard,28633.45
2116,Kyle Jones,evansmichael.2116@example.com,TR,2025-07-15,Standard,16366.62
2117,Henry Knight,nicolehoward.2117@example.com,GW,2024-07-16,Basic,37953.48
2118,Wendy Mcmahon,brandon57.2118@example.com,HN,2025-04-11,Premium,22571.87
2119,Crystal Wallace,philip46.2119@example.com,MT,2023-12-10,Premium,49877.31
2120,Tristan Ramirez,ibarrastephen.2120@example.com,BY,2021-09-23,Premium,35582.95
2121,Sean Jones,anthony50.2121@example.com,JM,2024-09-19,Standard,4719.01
2122,Crystal Coleman,ryanriley.2122@example.com,YE,2026-08-28,Standard,13992.64
2123,David Peterson,ikhan.2123@example.com,MC,2021-10-20,Standard,35758.40
2124,Amy Horne,erinterry.2124@example.com,MT,2023-03-22,Basic,17449.79
2125,Erik Gibson,johnwilson.2125@example.com,SB,2023-07-06,Premium,10678.12
2126,Michael Robinson,tiffanycoffey.2126@example.com,TM,2021-10-16,Premium,24534.49
2127,Aaron Dixon,warekayla.2127@example.com,VC,2022-10-20,Standard,18994.07
2128,Jordan Hill,woodgregory.2128@example.com,NI,2022-11-01,Basic,36377.45
2129,Patricia Cox,kelseynelson.2129@example.com,RU,2020-03-28,Standard,34439.32
2130,Victoria David,krista36.2130@example.com,HT,2026-06-06,Basic,45237.10
2131,Melissa Cooper,victoriapaul.2131@example.com,MV,2024-03-05,Premium,16680.34
2132,Samantha Hall,mitchelllouis.2132@example.com,HR,2025-11-02,Standard,46183.06
2133,Robert Day,kristenhill.2133@example.com,GT,2023-09-19,Premium,10767.17
2134,Jared Murray,vchapman.2134@example.com,DJ,2026-02-14,Standard,25695.25
2135,Joshua Phillips,kimberlymorgan.2135@example.com,CY,2025-07-07,Standard,43695.79
2136,Corey Russell,frazierdavid.2136@example.com,AG,2021-06-27,Premium,42504.87
2137,Mr. Thomas Collins MD,ogonzalez.2137@example.com,RO,2025-05-05,Standard,49434.39
2138,Albert Lang,kimberly94.2138@example.com,AD,2022-09-02,Basic,31311.30
2139,Ruth Ochoa MD,james83.2139@example.com,MD,2020-11-28,Standard,43362.91
2140,Rachel Garcia,njames.2140@example.com,MD,2023-09-15,Premium,2474.76
2141,Kim Anderson,whitevictoria.2141@example.com,MK,2020-06-05,Premium,44291.68
2142,Kristi Pruitt,chavezwilliam.2142@example.com,PA,2021-07-16,Basic,3643.09
2143,Kristina Carter,obrienpatrick.2143@example.com,CH,2023-08-02,Standard,14483.33
2144,Nicole Holmes,browntimothy.2144@example.com,IT,2021-01-26,Premium,13015.44
2145,Ashley Smith,sbuckley.2145@example.com,LB,2024-02-07,Premium,36181.10
2146,Kimberly Blair,miaortiz.2146@example.com,GN,2025-08-15,Basic,28353.34
2147,Craig Parker,jamesbrewer.2147@example.com,US,2020-09-13,Standard,45821.04
2148,Sean Paul,cartertimothy.2148@example.com,ZM,2022-08-25,Standard,10154.11
2149,Sherry Johnson,gregscott.2149@example.com,SD,2026-06-29,Premium,41379.84
2150,Mrs. Jennifer Myers,madkins.2150@example.com,AF,2021-04-25,Basic,11960.16
2151,Sandra Floyd,pday.2151@example.com,MC,2026-01-19,Basic,19406.33
2152,John Stewart,tina80.2152@example.com,SM,2022-10-01,Standard,25328.12
2153,Mario Nelson,holtgail.2153@example.com,ZW,2024-11-05,Standard,47280.69
2154,Kevin Rose,denisefranklin.2154@example.com,FM,2021-03-27,Premium,3044.96
2155,Bryan Hobbs,carolynnichols.2155@example.com,TD,2023-02-26,Premium,12645.97
2156,Bonnie Jackson,hendersonwilliam.2156@example.com,GR,2023-12-11,Basic,45496.78
2157,Daniel Preston,heathermason.2157@example.com,ML,2020-10-29,Standard,3851.41
2158,Jacob Wagner,,PW,2025-09-10,Basic,33521.94
2159,Jacqueline Heath,sarah68.2159@example.com,PL,2023-03-18,Standard,315.21
2160,Anna Mendoza,trevor79.2160@example.com,FJ,2025-04-23,Basic,31640.70
2161,Eric Graham,adamskinner.2161@example.com,KH,2025-02-21,Standard,24982.93
2162,James Lyons,ryanangela.2162@example.com,BY,2025-04-08,Premium,4740.37
2163,Brandon Brown,dawn74.2163@example.com,MU,2020-02-08,Basic,6235.94
2164,Jack Boyle,mark85.2164@example.com,ER,2022-11-01,Standard,19044.85
2165,Ethan Wright,tranmorgan.2165@example.com,FM,2020-04-04,Premium,16855.70
2166,Michael Reynolds,savannah82.2166@example.com,PK,2022-05-21,Standard,23247.19
2167,Steven Maldonado,robert12.2167@example.com,IR,2020-06-03,Premium,32731.64
2168,Melissa Johnson,ipeterson.2168@example.com,SG,2021-11-10,Basic,24534.48
2169,Angela Smith,iwood.2169@example.com,ER,2020-05-09,Standard,24432.65
2170,Katherine Jimenez,wayneallen.2170@example.com,BJ,2021-03-25,Basic,44929.01
2171,Jose Chavez,jcruz.2171@example.com,KM,2021-06-17,Basic,46495.26
2172,James James,washingtonsavannah.2172@example.com,TZ,2020-12-27,Standard,36695.70
2173,Gene Rowland,rross.2173@example.com,IR,2021-03-06,Standard,36177.97
2174,James Fox,xcarson.2174@example.com,JO,2023-09-02,Basic,43240.74
2175,Lorraine Travis,sherryevans.2175@example.com,CL,2020-07-01,Basic,26902.14
2176,Bradley Hayden,zachary46.2176@example.com,KG,2023-06-08,Standard,10473.95
2177,Lisa Avery,vallen.2177@example.com,GA,2023-04-20,Standard,6693.21
2178,Christina Harper,middletonkevin.2178@example.com,RO,2026-02-14,Standard,48646.64
2179,Jessica Livingston,ywarren.2179@example.com,SC,2025-12-06,Basic,9468.87
2180,Sandra Garza,hillkelli.2180@example.com,YE,2023-05-21,Premium,41067.72
2181,Crystal Johnson,grayricardo.2181@example.com,BO,2023-07-23,Premium,23035.65
2182,Melinda Gill,rodriguezjacob.2182@example.com,JM,2023-11-22,Standard,15280.14
2183,Hannah Wilson,alan73.2183@example.com,VA,2020-07-27,Standard,22289.99
2184,Timothy Rush,ballardalexander.2184@example.com,BF,2020-03-04,Premium,48196.31
2185,Michelle Walker,nolson.2185@example.com,CR,2025-11-13,Standard,6605.52
2186,Miranda Kennedy,randyromero.2186@example.com,BZ,2023-06-26,Premium,2824.46
2187,Amanda Doyle,adamssandra.2187@example.com,AT,2022-09-28,Standard,20267.58
2188,Andrea Martinez,gilbert65.2188@example.com,ER,2021-01-12,Standard,10372.01
2189,Tyler Howell,butlerolivia.2189@example.com,NP,2025-10-06,Standard,35407.92
2190,Kristina Delacruz,qlucas.2190@example.com,US,2023-09-11,Basic,6119.86
2191,Gary Jackson,qmoore.2191@example.com,ZW,2023-06-01,Standard,11061.75
2192,Janet Robinson,laura13.2192@example.com,PL,2023-01-08,Premium,47620.44
2193,Christine Torres,georgejonathan.2193@example.com,RO,2025-03-23,Standard,9214.44
2194,Patrick Faulkner,james77.2194@example.com,TH,2021-04-07,Basic,10868.58
2195,Jeffery Sharp,tiffany03.2195@example.com,KP,2020-03-02,Premium,3451.52
2196,Heather Brown,beckerricky.2196@example.com,MK,2025-10-07,Basic,23528.83
2197,Mark Smith,hboyd.2197@example.com,MM,2023-03-15,Standard,17976.00
2198,Jesse Robles,catherinecunningham.2198@example.com,BB,2020-03-24,Premium,46980.98
2199,Samantha Carter,rbrown.2199@example.com,NI,2023-06-16,Premium,49583.01
2200,Elizabeth Hernandez,victorsalinas.2200@example.com,GE,2024-04-21,Premium,40565.41
2201,Julia Mckee,lisamcgrath.2201@example.com,GY,2020-09-06,Basic,34172.24
2202,Robert Mendez,levinelisa.2202@example.com,JP,2025-06-02,Standard,10171.42
2203,Sheri Chan,abigailchan.2203@example.com,TV,2023-05-19,Basic,49544.40
2204,Robert Scott,sara06.2204@example.com,CY,2024-09-18,Standard,14848.96
2205,Miss Vickie Rios DVM,whenderson.2205@example.com,MV,2022-08-26,Premium,1659.00
2206,Melanie Owens,anthonyvalencia.2206@example.com,TJ,2020-08-21,Standard,4119.43
2207,Charles Hill,jenniferharrison.2207@example.com,NG,2022-05-27,Basic,41520.00
2208,Carrie Davidson,james03.2208@example.com,KI,2025-09-11,Standard,26480.72
2209,Jeremy Davis,rmendoza.2209@example.com,ER,2020-02-23,Standard,22719.78
2210,Matthew Adams,matthew49.2210@example.com,TG,2025-07-06,Standard,7222.64
2211,Karen Grant,ruizalexa.2211@example.com,NO,2020-06-02,Premium,12217.28
2212,James Smith,brian70.2212@example.com,MA,2025-08-03,Premium,46473.71
2213,John Gilbert,gilbertschmitt.2213@example.com,CN,2020-03-04,Standard,5701.29
2214,Sergio Vasquez,pwood.2214@example.com,CR,2025-04-08,Standard,19276.03
2215,Casey Martinez,burnettjohn.2215@example.com,UY,2020-06-28,Basic,14336.70
2216,Tina Moore,mariah85.2216@example.com,SK,2023-12-10,Premium,6178.70
2217,Kimberly Miller,thomasweaver.2217@example.com,SD,2025-02-27,Basic,39543.89
2218,Nancy Jenkins,jessenelson.2218@example.com,VU,2024-02-01,Basic,28798.86
2219,Levi Rivera,adamscasey.2219@example.com,ER,2023-11-09,Basic,9463.69
2220,Ryan Spears,,MN,2025-08-29,Standard,4324.55
2221,Jeffery Smith,tannerteresa.2221@example.com,PK,2023-10-25,Premium,30767.48
2222,Jennifer Espinoza,jesseriggs.2222@example.com,US,2021-07-19,Basic,16709.42
2223,Heather Burch,campbelljames.2223@example.com,KM,2023-09-25,Standard,27802.89
2224,Ashley Long,cuevasdavid.2224@example.com,TW,2020-05-02,Premium,23861.48
2225,Lauren Jackson,edwardsjill.2225@example.com,AE,2021-07-17,Standard,17929.90
2226,Amanda Juarez,kyle71.2226@example.com,ML,2022-11-27,Premium,27426.68
2227,Breanna Lowe,greennatasha.2227@example.com,ID,2024-03-12,Premium,44695.41
2228,Corey Hawkins,not-an-email,AE,2025-11-24,Basic,28216.50
2229,Gregory Brown Jr.,raymond30.2229@example.com,BR,2022-05-19,Premium,13133.93
2230,Daniel Randall,,RW,2025-11-14,Standard,41447.22
2231,Vincent Torres,scott33.2231@example.com,BE,2021-09-25,Standard,42262.39
2232,Amber Taylor,ann36.2232@example.com,MG,2021-03-08,Standard,39187.64
2233,Joseph Potter,whiteheadsteven.2233@example.com,MK,2025-05-14,Basic,13679.11
2234,Beth Alvarez,lhardy.2234@example.com,DJ,2020-02-19,Basic,21672.19
2235,Blake Harris,rsanford.2235@example.com,EG,2021-06-26,Premium,1813.32
2236,Lauren Preston,kochjames.2236@example.com,SB,2021-05-08,Basic,24754.19
2237,Nicholas Tapia,nlee.2237@example.com,SY,2021-05-25,Basic,17874.40
2238,Lori Serrano,ilewis.2238@example.com,ME,2023-12-26,Standard,39000.18
2239,Ashley Perez,ernest50.2239@example.com,TG,2025-06-14,Basic,15047.93
2240,Robin Whitehead,ytorres.2240@example.com,NA,2021-11-14,Premium,32391.40
2241,Stephanie Suarez,nmiller.2241@example.com,AD,2025-12-22,Premium,25738.97
2242,Shane Jones,lsmith.2242@example.com,CL,2020-08-17,Premium,10862.40
2243,Joseph Ashley,phill.2243@example.com,KE,2025-05-26,Standard,7199.51
2244,Dylan Boone,friley.2244@example.com,TZ,2023-08-28,Standard,44173.78
2245,Timothy Rose,wendy36.2245@example.com,VN,2025-01-21,Standard,12051.86
2246,Michael Salazar,rachelkramer.2246@example.com,SM,2023-07-04,Premium,6895.31
2247,Jeremy Black,blairsean.2247@example.com,GT,2023-12-04,Standard,995.48
2248,Paige Waters,dawn52.2248@example.com,AR,2026-08-17,Standard,587.26
2249,Angela Pena,summerschwartz.2249@example.com,KZ,2024-02-21,Basic,45377.02
2250,Colleen Smith,nturner.2250@example.com,PT,2021-01-02,Premium,43046.58
2251,Joel Suarez,osanders.2251@example.com,TN,2020-09-19,Standard,2087.79
2252,Katie Long,emilyhaley.2252@example.com,CH,2021-03-26,Premium,31209.71
2253,Christina Zhang,hschultz.2253@example.com,GQ,2025-11-08,Basic,26252.08
2254,Christina Johnson,austinsmith.2254@example.com,PL,2023-11-05,Standard,48609.34
2255,Phillip Harris,ksmith.2255@example.com,ES,2023-12-07,Basic,2175.10
2256,Joseph Mendoza,pamela08.2256@example.com,GT,2022-02-04,Premium,25057.46
2257,Michelle Diaz,james30.2257@example.com,AR,2022-01-06,Premium,38834.25
2258,Bryan Lewis,gregoryvega.2258@example.com,CL,2021-01-16,Standard,42162.64
2259,Howard Roberts Jr.,johndaugherty.2259@example.com,LC,2022-01-09,Basic,3873.79
2260,Suzanne Oconnor,dcarter.2260@example.com,PL,2023-09-20,Premium,18922.31
2261,Ryan Gonzalez,valerieclark.2261@example.com,SR,2020-08-08,Basic,45573.75
2262,Elizabeth Wilson,rmccormick.2262@example.com,TR,2022-10-08,Premium,21983.97
2263,Michelle Gonzalez,dmorris.2263@example.com,CI,2024-07-03,Standard,42651.79
2264,Ralph Church,pittsann.2264@example.com,UG,2020-10-17,Premium,31789.45
2265,Debra Lee,schultzjessica.2265@example.com,NP,2020-04-10,Premium,12096.20
2266,Julie Flores,matthew39.2266@example.com,BI,2020-01-17,Premium,9502.32
2267,Michael Salazar,david17.2267@example.com,IE,2023-07-10,Standard,42777.60
2268,Sharon Harris,ihudson.2268@example.com,IN,2020-04-27,Basic,2880.74
2269,Karen Gibson,cooperdaniel.2269@example.com,FR,2022-06-03,Standard,13564.25
2270,Adam Turner,veronicahaney.2270@example.com,AE,2022-04-21,Standard,39828.27
2271,Julie Fisher,deleonpatrick.2271@example.com,PW,2020-06-30,Premium,24402.49
2272,Abigail Gonzales,bsimmons.2272@example.com,KW,2020-07-05,Premium,48592.85
2273,John Ward,vanessawagner.2273@example.com,FI,2022-02-04,Standard,35433.18
2274,David Weiss,fisherbrittany.2274@example.com,SN,2024-02-19,Basic,24036.38
2275,Ashley Arnold,pettycrystal.2275@example.com,CZ,2020-01-30,Basic,17386.33
2276,Donald Little,ericksonanna.2276@example.com,TH,2025-12-29,Premium,43336.74
2277,Ana Pennington,adamhoffman.2277@example.com,CA,2021-12-02,Premium,12155.62
2278,Nicholas Charles,barbara86.2278@example.com,BF,2021-09-30,Standard,22047.14
2279,Jessica Cochran,christinahouse.2279@example.com,MU,2025-04-16,Basic,44859.12
2280,Amber Young,watersadrian.2280@example.com,JP,2023-04-28,Standard,4193.48
2281,Theresa Byrd,johncook.2281@example.com,KH,2023-09-28,Standard,28124.00
2282,Stephen Alexander,tony40.2282@example.com,CH,2023-04-25,Premium,10578.28
2283,James Hardy,monica83.2283@example.com,HR,2023-03-06,Basic,46126.76
2284,Paul Garcia,catherineallen.2284@example.com,KE,2020-12-18,Premium,12465.26
2285,Michael Macias,bthomas.2285@example.com,MH,2021-02-05,Standard,19970.81
2286,Rachael Garcia,elizabethgriffin.2286@example.com,TR,2020-08-29,Standard,31359.29
2287,Elizabeth Weaver,omurray.2287@example.com,ZW,2025-05-15,Basic,43174.92
2288,Stephanie Howard,sarahsteele.2288@example.com,NA,2021-09-04,Premium,8923.36
2289,Michael Gray,garnerjoseph.2289@example.com,AF,2021-05-06,Standard,33329.07
2290,Miguel Parker,taylorallison.2290@example.com,RS,2026-08-08,Premium,21607.70
2291,Victoria Silva,shawn99.2291@example.com,SD,2024-07-05,Standard,28691.59
2292,Dana Smith,rileyharris.2292@example.com,BT,2020-03-30,Standard,17677.74
2293,Jessica Michael,andrew88.2293@example.com,AR,2025-07-15,Standard,28008.73
2294,Desiree Madden,kevin18.2294@example.com,BG,2020-08-29,Standard,5232.69
2295,Dean Neal,steve66.2295@example.com,LI,2024-09-05,Standard,24603.61
2296,Danielle White,eknight.2296@example.com,TT,2020-03-24,Standard,34913.03
2297,Bethany Conway,rdudley.2297@example.com,GE,2022-08-06,Standard,22336.28
2298,Sarah Smith,hruiz.2298@example.com,SL,2024-02-16,Basic,44648.27
2299,Parker Thompson,xrobinson.2299@example.com,KN,2024-10-20,Basic,3945.36
2300,Peter Herring,jpatterson.2300@example.com,NL,2020-02-21,Premium,37495.76
2301,Dennis Pierce,jeremy10.2301@example.com,GT,2026-06-07,Premium,21414.26
2302,Christopher Hall,smithchristopher.2302@example.com,MZ,2020-05-17,Standard,48195.20
2303,Daniel Griffith,mlewis.2303@example.com,LI,2023-01-31,Premium,31987.92
2304,Brandi Reyes,gobrien.2304@example.com,UG,2025-05-15,Basic,1061.81
2305,Nicole Ramirez,michelleharrison.2305@example.com,GD,2024-07-13,Premium,21965.51
2306,Melissa Campbell,uwashington.2306@example.com,SV,2025-06-12,Standard,155.33
2307,Aaron Day,turnermichael.2307@example.com,BG,2020-08-19,Premium,2624.72
2308,Jessica Myers,jessica73.2308@example.com,GB,2023-06-12,Basic,16541.69
2309,Kevin Bentley,jocelynallen.2309@example.com,IS,2026-02-27,Basic,32629.77
2310,Steven Perry DDS,dgonzalez.2310@example.com,TG,2026-04-29,Standard,33320.45
2311,Bruce Evans,,FI,2022-07-22,Basic,6787.99
2312,Diane Armstrong,chaynes.2312@example.com,TL,2025-08-08,Standard,36354.88
2313,Francis Watson,robert11.2313@example.com,PK,2023-12-01,Standard,19679.91
2314,Janet Martin,ernestlove.2314@example.com,GW,2021-02-26,Standard,10321.99
2315,Mary Cortez,brian31.2315@example.com,GW,2025-01-15,Premium,7482.84
2316,Pamela Graves,newtonbradley.2316@example.com,CF,2023-09-13,Standard,8071.96
2317,Austin Hayes,sarah66.2317@example.com,SE,2025-11-03,Basic,8514.03
2318,John Brown,nguyenkimberly.2318@example.com,GY,2024-08-27,Premium,287.36
2319,Terry Greer,harriselizabeth.2319@example.com,GB,2023-02-16,Premium,29961.85
2320,Ryan Guzman,john49.2320@example.com,CF,2021-07-29,Standard,7576.13
2321,Ashley Watson,chelseaanthony.2321@example.com,ZW,2025-02-19,Basic,46277.60
2322,Roger Sanchez,fisherryan.2322@example.com,CI,2024-07-08,Premium,8740.73
2323,Deanna Wilson,smithdavid.2323@example.com,MC,2024-09-29,Standard,31982.24
2324,Alexis Owens,romerokeith.2324@example.com,TT,2025-12-09,Premium,35135.70
2325,Jessica Johnson,cabrerasamuel.2325@example.com,KR,2020-10-15,Premium,42732.37
2326,Abigail Evans,mcdonaldanthony.2326@example.com,NA,2025-11-28,Basic,24665.75
2327,Karen Gibson,amandabauer.2327@example.com,MX,2020-08-22,Basic,6469.51
2328,Diana Duran,wendy19.2328@example.com,SE,2025-03-17,Standard,29719.03
2329,Erin Rodriguez,yvettestevens.2329@example.com,KZ,2026-02-13,Premium,8305.81
2330,Peter Rojas,gbowers.2330@example.com,FI,2024-07-08,Standard,10974.40
2331,Connie Shelton,nwebb.2331@example.com,AO,2025-10-13,Premium,26882.02
2332,Gregory Johnson,hwood.2332@example.com,MD,2023-02-04,Basic,8565.49
2333,Robert Delgado,smithtim.2333@example.com,DJ,2024-09-25,Standard,44515.53
2334,Dr. Kyle Chandler,monicayoung.2334@example.com,BA,2021-08-22,Standard,18600.70
2335,Carol Stevenson,russotanya.2335@example.com,UY,2024-08-27,Basic,25361.08
2336,Jean Stewart,fturner.2336@example.com,ML,2023-09-24,Standard,14772.48
2337,Shannon Salas,pbrown.2337@example.com,TL,2023-06-01,Basic,43060.56
2338,Nicole Marquez,jadegarcia.2338@example.com,QA,2025-08-21,Standard,35394.08
2339,Raven Terry,brittany37.2339@example.com,IT,2022-09-25,Standard,25076.50
2340,Gregory Wells,isaacburns.2340@example.com,GE,2020-04-29,Standard,2508.00
2341,Daisy Taylor,victoria72.2341@example.com,CN,2026-05-24,Premium,7190.50
2342,Jenny Williams,townsendmarissa.2342@example.com,CV,2025-03-10,Basic,35647.52
2343,Garrett Crosby,terrymonica.2343@example.com,SZ,2023-01-26,Standard,13053.79
2344,Nicholas Vaughan,amyduke.2344@example.com,BF,2026-03-28,Standard,13323.12
2345,Stacey Nelson,zcooke.2345@example.com,AL,2020-11-16,Basic,22952.79
2346,Michael Thompson,hwatkins.2346@example.com,MW,2026-05-09,Basic,49846.66
2347,Devin Wells,chris07.2347@example.com,BI,2021-01-15,Standard,8042.44
2348,Shane Reyes,jenkinsdorothy.2348@example.com,NA,2020-06-18,Premium,17691.91
2349,Courtney Ruiz,tblackburn.2349@example.com,ML,2023-03-30,Standard,43587.18
2350,Lisa Foster,tiffanyrodriguez.2350@example.com,JM,2021-01-16,Basic,19483.67
2351,Beth Garrett,lyoder.2351@example.com,LS,2026-05-25,Basic,26586.41
2352,Nicholas Crane,ashleygibson.2352@example.com,BD,2025-08-08,Standard,19653.50
2353,Tara Salinas,thompsondavid.2353@example.com,UA,2025-10-30,Basic,23761.78
2354,Jason Bowers,johnsonlaura.2354@example.com,HT,2026-06-25,Basic,17317.84
2355,Kyle Wiggins,georgemarshall.2355@example.com,CR,2020-01-11,Standard,8801.10
2356,Richard Carey,latoya21.2356@example.com,GA,2020-11-24,Standard,21414.35
2357,Tracy Reed,angeladavidson.2357@example.com,BD,2023-01-02,Basic,31303.56
2358,Brandon Perry,pevans.2358@example.com,GW,2024-03-31,Premium,27606.95
2359,Charles Fuller,dadams.2359@example.com,SK,2020-04-23,Standard,9168.71
2360,Kayla Gray,catherine56.2360@example.com,SI,2022-05-28,Standard,32808.42
2361,Arthur Martin,jeremyrobinson.2361@example.com,AF,2024-08-26,Basic,24707.36
2362,Rebecca Garcia,emma98.2362@example.com,IN,2024-11-12,Premium,49018.03
2363,Heather Morse,steven94.2363@example.com,AO,2023-08-11,Premium,6347.23
2364,Kristina Taylor,rodriguezmargaret.2364@example.com,UZ,2022-10-08,Standard,7005.02
2365,Christopher Cardenas,michaelwebb.2365@example.com,SE,2021-05-25,Premium,3182.12
2366,Dr. Kristi Davis,nsmith.2366@example.com,NP,2024-06-13,Standard,12856.67
2367,Maxwell Burns,kgross.2367@example.com,HR,2021-09-18,Basic,38796.68
2368,Dalton Roman,crystalrobinson.2368@example.com,AE,2020-03-12,Premium,16238.04
2369,Alex Butler,ryanvega.2369@example.com,TZ,2021-07-22,Standard,19161.99
2370,Katherine Christian,jphillips.2370@example.com,MG,2020-03-01,Basic,29221.30
2371,Raymond Dudley,cortezchristopher.2371@example.com,CO,2026-01-19,Standard,49949.86
2372,Anne Ball,swright.2372@example.com,AD,2025-11-08,Premium,24250.60
2373,Danny Fowler,lindsey68.2373@example.com,AR,2021-04-25,Standard,18573.75
2374,Kara Estes,fperez.2374@example.com,NR,2026-04-21,Basic,49610.58
2375,Colin Clarke,edgar70.2375@example.com,BH,2023-06-13,Standard,2216.64
2376,Christian Brown,christopher31.2376@example.com,HN,2021-11-07,Standard,10330.44
2377,Michelle Robinson,keithpeterson.2377@example.com,AZ,2025-09-06,Standard,2645.08
2378,Kyle Franklin,joshua53.2378@example.com,TW,2020-08-31,Standard,28111.03
2379,Alan Rodgers,devinturner.2379@example.com,SA,2022-03-02,Premium,29067.01
2380,Matthew Rogers,rebeccarice.2380@example.com,NO,2023-02-24,Standard,1976.81
2381,Jennifer Hart,julia69.2381@example.com,BD,2022-08-18,Basic,2479.43
2382,Allison Strickland,mtorres.2382@example.com,TM,2020-05-23,Basic,47523.18
2383,Lisa Watson,cgraves.2383@example.com,MZ,2020-06-27,Basic,6094.16
2384,Gina Carpenter,tanderson.2384@example.com,NZ,2021-12-18,Basic,31541.11
2385,Ariana Sanchez,stephanie25.2385@example.com,CD,2021-05-25,Premium,48732.47
2386,Dale Zavala,lynn81.2386@example.com,ML,2022-09-13,Basic,1774.12
2387,Tamara Lam,sblankenship.2387@example.com,RU,2021-11-28,Standard,4697.25
2388,Jennifer Hurst,bcook.2388@example.com,VE,2021-05-08,Premium,16382.93
2389,Jonathan Holland,allenthomas.2389@example.com,VC,2025-02-27,Premium,49743.64
2390,Kathryn Kelley,jeffreyrodriguez.2390@example.com,SI,2021-04-22,Standard,213.05
2391,Brenda Horn,katherine63.2391@example.com,NI,2024-08-12,Basic,7515.84
2392,Miguel Randolph,tara93.2392@example.com,DZ,2024-08-11,Standard,127.41
2393,Catherine Spencer,hernandezjermaine.2393@example.com,FI,2024-09-15,Basic,980.84
2394,Tonya Moore,richardsontravis.2394@example.com,CF,2021-08-24,Standard,41486.95
2395,Holly Lane,devin50.2395@example.com,ID,2021-05-14,Standard,16407.62
2396,Deborah Kent,smithsarah.2396@example.com,QA,2023-02-09,Premium,12257.34
2397,Danielle Castro,johnthomas.2397@example.com,TN,2023-03-22,Basic,11479.80
2398,George Vazquez,hshaw.2398@example.com,HR,2025-10-20,Basic,6065.22
2399,Kelly Pruitt,michealreid.2399@example.com,FM,2025-01-13,Premium,18560.51
2400,Logan Murray,josephbrown.2400@example.com,KR,2020-10-16,Standard,12459.26
2401,Andres Adams,nsmith.2401@example.com,WS,2025-04-28,Standard,33572.66
2402,Terry Gibson,bradyzachary.2402@example.com,BE,2020-07-16,Standard,15274.78
2403,Kelly Mcclain,leeramirez.2403@example.com,ML,2026-05-28,Basic,23212.64
2404,Dr. Chad Dennis MD,pwilson.2404@example.com,BB,2024-08-23,Basic,41774.00
2405,Lindsay Navarro,stewartkyle.2405@example.com,SZ,2023-02-28,Standard,34558.69
2406,Dr. Danielle Sanchez,wellsalan.2406@example.com,CV,2024-03-19,Standard,31687.90
2407,Elizabeth Hall,ohughes.2407@example.com,FR,2025-02-03,Premium,8550.65
2408,Cameron Jones,fford.2408@example.com,HR,2024-02-23,Basic,18479.65
2409,Gregory Robinson,mross.2409@example.com,BO,2024-02-04,Standard,10290.77
2410,Claudia Fox,adam11.2410@example.com,PK,2025-01-25,Basic,6408.81
2411,Alisha Mosley,rfrench.2411@example.com,BF,2020-07-25,Standard,7191.09
2412,Paula Walton,robin09.2412@example.com,NI,2021-10-18,Standard,39752.37
2413,Mark Lloyd,gloriajohnson.2413@example.com,MM,2025-05-13,Premium,35475.68
2414,Heather Rivas,turnerjames.2414@example.com,RO,2025-11-19,Standard,14704.38
2415,John Strong,stephanie18.2415@example.com,CU,2023-06-09,Basic,6506.21
2416,Daniel Rodgers,hobbscaitlin.2416@example.com,BF,2023-04-05,Premium,41411.69
2417,James Bryant,lbarnes.2417@example.com,BS,2022-06-07,Basic,34774.91
2418,Diane King,ugomez.2418@example.com,BN,2025-03-02,Basic,47180.73
2419,Melissa Wiley,jacobsmith.2419@example.com,TR,2023-12-23,Basic,7187.45
2420,Julie Mitchell,nbrady.2420@example.com,SD,2020-12-05,Basic,8379.14
2421,Jack Allen,adam42.2421@example.com,FI,2026-01-29,Premium,40341.56
2422,James Davis,kingmichael.2422@example.com,UY,2020-02-25,Standard,2666.36
2423,Eric Byrd,aprilwalker.2423@example.com,GM,2021-08-13,Basic,20909.76
2424,Emma Palmer,ucowan.2424@example.com,JO,2022-05-12,Premium,25980.79
2425,Lauren Tucker,kimberly61.2425@example.com,QA,2023-04-03,Standard,26783.21
2426,Emma Hawkins,louispotts.2426@example.com,TO,2022-06-27,Standard,48953.22
2427,Kathy Rogers,brittany80.2427@example.com,MH,2026-04-24,Standard,49761.13
2428,Edgar Johnson,alexanderbailey.2428@example.com,MU,2025-09-30,Premium,38369.08
2429,Manuel Perez,beverlysmith.2429@example.com,CD,2024-09-07,Premium,15271.52
2430,Zachary Logan,haydenbell.2430@example.com,GN,2021-01-21,Basic,9068.19
2431,Jasmine Johnson,rachelthompson.2431@example.com,PE,2024-02-07,Premium,5029.26
2432,Kathryn Fisher,ortizjerry.2432@example.com,SY,2022-10-17,Standard,20266.94
2433,Dawn Lewis,diana49.2433@example.com,JM,2026-02-02,Basic,21903.39
2434,Shawn Mcgee,ashleeprice.2434@example.com,MH,2026-04-28,Standard,2772.43
2435,Zachary Rios,jasminewilliams.2435@example.com,LT,2026-03-01,Premium,1130.05
2436,Eric Flores,kevinvaughn.2436@example.com,TW,2023-10-12,Basic,3459.77
2437,Jamie Wright,mbaker.2437@example.com,MC,2024-11-20,Standard,23849.19
2438,Gail Bradley,holly25.2438@example.com,PY,2022-10-08,Premium,48468.91
2439,Benjamin Mcknight,william06.2439@example.com,GY,2022-04-01,Premium,31935.13
2440,James Lewis,leblancmonica.2440@example.com,VC,2024-12-12,Basic,14858.81
2441,Heather Wilcox,alexandra67.2441@example.com,PE,2020-12-20,Premium,47939.00
2442,Tami Alvarez,grantjorge.2442@example.com,CD,2020-10-15,Premium,15732.46
2443,Brendan Gibson,johnny76.2443@example.com,AT,2022-04-26,Standard,20233.22
2444,Lisa Rivera,gmayo.2444@example.com,HT,2025-07-03,Basic,6473.33
2445,Jacqueline Patterson,pamelajohnson.2445@example.com,TM,2020-09-15,Standard,14771.56
2446,Danielle Hill,eflynn.2446@example.com,AL,2022-06-17,Basic,40004.60
2447,Jeffrey Ramos,morgan51.2447@example.com,AO,2022-09-02,Standard,38598.48
2448,Joshua Wilson,hernandezantonio.2448@example.com,LB,2021-10-20,Standard,23576.16
2449,Erin Martinez,qgraham.2449@example.com,CU,2022-07-28,Standard,24422.29
2450,Brenda Bryan,christophernicholson.2450@example.com,BT,2020-07-08,Basic,9079.37
2451,Michele Robles,shawn07.2451@example.com,MY,2025-04-21,Standard,15640.43
2452,Katrina Aguilar,marcuslopez.2452@example.com,PE,2021-04-17,Premium,12088.50
2453,Travis Gutierrez,dharrison.2453@example.com,HR,2021-10-07,Basic,49581.23
2454,Sheila Pratt,gballard.2454@example.com,BN,2023-05-12,Premium,8522.23
2455,Gwendolyn Jones,vclark.2455@example.com,TO,2025-03-29,Premium,8642.49
2456,Heather Myers,diazalison.2456@example.com,VA,2022-12-20,Basic,109.03
2457,Tony Shepherd,jennifer22.2457@example.com,AT,2020-09-11,Standard,26333.25
2458,Randall Miller,oscott.2458@example.com,TJ,2022-04-20,Premium,7921.48
2459,Lisa Kelly,alexis04.2459@example.com,JM,2024-08-03,Basic,14167.86
2460,Becky Ramirez,janet15.2460@example.com,VE,2020-09-26,Premium,20976.44
2461,Tina Thompson,durhamjennifer.2461@example.com,KI,2023-03-13,Premium,22411.85
2462,Michael Barrett,victoria89.2462@example.com,BH,2022-04-17,Standard,30789.76
2463,Jack Stewart,macdonaldanna.2463@example.com,KN,2023-04-01,Basic,5343.17
2464,Greg Bautista,lsnyder.2464@example.com,IQ,2021-09-21,Standard,22210.10
2465,Hayley Buck,jameshamilton.2465@example.com,ZM,2023-12-16,Standard,40368.09
2466,Aaron Carlson,tina45.2466@example.com,JO,2023-08-09,Premium,13214.31
2467,Thomas Dalton,jared02.2467@example.com,UG,2025-03-06,Premium,24843.80
2468,Donald Dickson,shelby05.2468@example.com,ZW,2025-01-03,Premium,26269.18
2469,Denise Maddox MD,user@example,DM,2021-06-16,Premium,36890.09
2470,Shannon Perry,sjackson.2470@example.com,VC,2023-12-10,Premium,28380.90
2471,Anthony Salazar,larryaguilar.2471@example.com,BE,2025-05-16,Basic,20081.52
2472,Sheila Vaughn,alexander56.2472@example.com,JP,2023-02-15,Basic,40563.99
2473,Karen Russo,wilsonmegan.2473@example.com,LK,2020-03-15,Standard,18740.73
2474,Robert Walker,nicholasortiz.2474@example.com,BT,2021-12-02,Premium,8368.59
2475,Melissa Marshall,zadkins.2475@example.com,SY,2021-10-27,Basic,31785.97
2476,Cheyenne Smith,david93.2476@example.com,SD,2024-02-20,Basic,14592.83
2477,Caleb Robles,karenhodges.2477@example.com,SM,2023-08-20,Premium,16379.93
2478,Martin Lowe,pfoster.2478@example.com,LA,2021-12-09,Basic,45716.86
2479,Alyssa Fox,sandersjean.2479@example.com,PH,2026-04-29,Premium,42783.25
2480,William Johnson,ggriffin.2480@example.com,DJ,2024-04-17,Standard,13854.48
2481,James Martin,mitchellnicholas.2481@example.com,BA,2022-12-09,Premium,25127.45
2482,Michele Drake,steven08.2482@example.com,MV,2024-08-03,Basic,17289.56
2483,Gabriel Morales,ycrawford.2483@example.com,IE,2022-09-01,Basic,33925.18
2484,Samantha Gardner,xharmon.2484@example.com,KP,2022-04-22,Standard,23845.26
2485,Paul Baldwin,tiffany90.2485@example.com,GA,2023-03-29,Basic,23559.28
2486,Jose Wagner,meganortiz.2486@example.com,EC,2026-01-09,Basic,7572.88
2487,Laurie Torres,nancysantana.2487@example.com,HU,2024-12-05,Premium,14330.89
2488,Janet Snyder,thomasbrown.2488@example.com,SC,2021-07-24,Standard,37566.01
2489,James Hayes DVM,laura38.2489@example.com,AG,2020-12-30,Standard,46624.91
2490,Dr. Steven Martin Jr.,ifaulkner.2490@example.com,LY,2025-08-17,Standard,12270.39
2491,Mary Trevino,huberdaniel.2491@example.com,CO,2023-06-04,Basic,12290.45
2492,Kurt Shah,kaitlynmartinez.2492@example.com,MW,2026-07-24,Basic,24977.12
2493,Katherine Reyes,rosemario.2493@example.com,DK,2025-08-31,Premium,39818.84
2494,Jennifer Mitchell,justin80.2494@example.com,NI,2020-01-20,Standard,45131.46
2495,Ronald Cook,joshuabowers.2495@example.com,IR,2024-07-15,Basic,49798.54
2496,James Dunn,patrickrogers.2496@example.com,NO,2020-01-07,Basic,28839.87
2497,Gordon Rodriguez,rsanders.2497@example.com,LS,2020-11-19,Basic,13419.21
2498,Mr. Patrick Reeves,robertbarnett.2498@example.com,IN,2026-01-06,Basic,45033.22
2499,Amy Morse,colonmelanie.2499@example.com,CI,2025-08-02,Standard,2762.57
2500,Joshua Thompson,lrose.2500@example.com,SK,2022-07-23,Premium,21682.28
2501,Leslie Sullivan,williamskelli.2501@example.com,SD,2023-09-05,Standard,45616.04
2502,Jason Moreno,brockmargaret.2502@example.com,MR,2020-03-23,Standard,26787.18
2503,Joseph Stephens,wernermatthew.2503@example.com,KE,2024-06-12,Basic,1739.16
2504,Deanna Robinson,taylorkathleen.2504@example.com,AL,2025-09-25,Premium,41301.82
2505,Kathleen Williams,blevinsmark.2505@example.com,QA,2026-05-23,Standard,918.87
2506,Jennifer Rios,williamdaniel.2506@example.com,HT,2023-02-28,Basic,33151.63
2507,Brandon Jones,michaelmendez.2507@example.com,MH,2023-08-23,Standard,26625.94
2508,Christopher Garcia,dunndaniel.2508@example.com,BZ,2021-07-02,Standard,49744.70
2509,Andrew Harris,thomas08.2509@example.com,PT,2025-11-22,Standard,18158.88
2510,Lori Edwards,rmills.2510@example.com,CZ,2020-03-04,Basic,20069.91
2511,Robert Jackson,ianpage.2511@example.com,FM,2024-03-23,Standard,5939.07
2512,Samuel Campbell,gjohnson.2512@example.com,TT,2024-01-30,Premium,13140.07
2513,Kathryn Johnson,cody27.2513@example.com,SB,2024-12-09,Premium,34387.97
2514,Shari Reed,ericbarrera.2514@example.com,NZ,2020-06-13,Premium,25180.74
2515,Tyler Proctor,teresajones.2515@example.com,SV,2020-10-26,Standard,22650.39
2516,Mario Blevins,beankatelyn.2516@example.com,HU,2020-11-07,Basic,34087.15
2517,Ryan Houston,dhanson.2517@example.com,BR,2023-01-15,Standard,7689.30
2518,Stephen Frazier,smithvictoria.2518@example.com,AG,2025-11-03,Premium,39546.66
2519,Joseph Thomas,waltersrachel.2519@example.com,EE,2020-10-08,Premium,10898.16
2520,Jamie Smith,stephanie25.2520@example.com,MN,2023-08-04,Standard,45179.77
2521,Robert James,rita48.2521@example.com,BZ,2022-07-13,Basic,3737.77
2522,Nicole Robbins,smithsarah.2522@example.com,HU,2021-04-07,Premium,7101.40
2523,Alexis Chavez,quinnchristian.2523@example.com,SM,2022-12-09,Standard,2443.27
2524,Thomas Walker,kristinafoster.2524@example.com,SZ,2022-04-26,Premium,7619.81
2525,Jason Chambers,birdlinda.2525@example.com,GW,2026-07-30,Premium,6113.34
2526,Meghan Boone,browncatherine.2526@example.com,CY,2026-07-05,Standard,18319.20
2527,Kelly Williams,jessica39.2527@example.com,PG,2024-03-20,Standard,20551.56
2528,Heather King,erinramirez.2528@example.com,YE,2024-06-08,Premium,45679.46
2529,Mr. William Curry Jr.,qphillips.2529@example.com,SA,2023-12-15,Premium,6948.61
2530,Kelly Cohen,brandy87.2530@example.com,VC,2023-11-14,Premium,10480.12
2531,John Sharp,emcdonald.2531@example.com,UY,2022-06-03,Premium,42112.56
2532,Mary Hicks,marvin61.2532@example.com,PT,2024-06-29,Premium,9015.87
2533,Todd Lee,katie33.2533@example.com,JO,2022-10-22,Premium,39162.73
2534,Brent Wall,erika22.2534@example.com,DO,2025-11-24,Standard,12535.54
9480,Christina Jacobson PhD,anthonyyoung.2535@example.com,PY,2024-01-22,Basic,13463.40
2536,Christine Weaver,crystal60.2536@example.com,MH,2021-04-06,Standard,1745.26
2537,Jeanette Adams,ismith.2537@example.com,GE,2020-05-29,Basic,13376.90
2538,Timothy Smith,robert76.2538@example.com,PA,2022-02-04,Premium,48375.04
2539,Manuel Cox,irollins.2539@example.com,NA,2020-10-05,Basic,18792.21
2540,Christopher Wilson,pmyers.2540@example.com,CY,2026-03-22,Basic,44928.22
2541,Aaron Hernandez,brenda63.2541@example.com,LK,2022-11-15,Basic,39416.71
2542,Jesse Salinas,danny50.2542@example.com,SO,2023-08-29,Basic,26782.15
2543,Sean Gonzalez,lance15.2543@example.com,IS,2026-05-11,Standard,42675.44
2544,Christina Snyder,michael39.2544@example.com,LT,2023-08-03,Standard,38541.96
2545,Kimberly Padilla,kristen34.2545@example.com,ZM,2024-08-03,Standard,48970.10
2546,Samantha Hernandez,qreeves.2546@example.com,CR,2021-05-17,Premium,19599.69
2547,Brittany Murillo,emorrow.2547@example.com,VA,2024-08-13,Premium,30506.98
2548,Jessica Lowe,alexispace.2548@example.com,CD,2025-05-27,Basic,29927.22
2549,Heather Jackson,mathewsevelyn.2549@example.com,KI,2023-05-01,Standard,24048.01
2550,Carl Williamson,hannahallen.2550@example.com,BH,2021-07-17,Basic,32575.52
2551,Kevin Ortiz,omason.2551@example.com,BY,2021-12-10,Standard,46735.84
2552,Travis Gray,justincohen.2552@example.com,EG,2025-02-13,Premium,32689.58
2553,Angelica Smith,barnesmark.2553@example.com,AU,2025-01-27,Premium,45387.75
2554,Kristen Horton,mark91.2554@example.com,NP,2022-05-11,Basic,12747.07
2555,Erika Stone,codyromero.2555@example.com,CG,2023-08-02,Premium,532.20
2556,Alvin Beltran,ronaldmatthews.2556@example.com,TD,2020-02-04,Standard,21617.95
2557,Kayla Parks,berryleah.2557@example.com,KI,2025-03-28,Standard,18321.57
2558,Anita Roberts,brandichurch.2558@example.com,TL,2024-02-01,Basic,22138.43
2559,Dana Drake,graykimberly.2559@example.com,PG,2020-10-14,Premium,29316.64
2560,Benjamin Kemp,ywilson.2560@example.com,HN,2025-07-07,Basic,1657.14
2561,Casey Roberts,brandonbush.2561@example.com,FR,2024-07-05,Standard,9367.06
2562,Michelle Gutierrez,aallen.2562@example.com,AR,2023-04-12,Basic,26816.21
2563,Timothy Miller,csantiago.2563@example.com,SL,2022-11-17,Basic,46136.04
2564,Clarence Watkins,joneskatelyn.2564@example.com,TO,2024-04-20,Premium,35413.94
2565,Tiffany Ray,lboyd.2565@example.com,HR,2025-07-12,Basic,13905.42
2566,Harold Valenzuela,terrysmith.2566@example.com,BJ,2022-01-12,Standard,30837.84
2567,Ryan Lawson,jason62.2567@example.com,RU,2020-12-07,Standard,46317.90
2568,Karen Mcdonald,nnguyen.2568@example.com,SN,2024-08-14,Premium,9987.99
2569,Christy Willis,john39.2569@example.com,MX,2024-03-30,Premium,38834.65
2570,Dan Rodriguez,lloydcynthia.2570@example.com,FM,2025-03-04,Basic,45882.06
2571,Heather Fowler,aprilcoleman.2571@example.com,VE,2024-03-04,Basic,32884.98
2572,Joshua Harrington,strongrachel.2572@example.com,EG,2020-03-16,Premium,39686.85
2573,Joel Howard,jessica88.2573@example.com,SR,2020-09-12,Premium,9263.22
2574,Brittney Johns,heidiwhite.2574@example.com,KM,2020-02-02,Basic,16364.51
2575,Cathy Patel,zboyd.2575@example.com,NP,2022-01-16,Standard,32495.28
2576,Amanda Diaz,derek34.2576@example.com,FM,2020-05-10,Premium,37869.07
2577,Michael Thompson,jbutler.2577@example.com,LB,2025-09-18,Standard,20180.93
2578,Dr. Stephen Sanchez MD,jkelly.2578@example.com,HU,2025-07-02,Premium,45955.60
2579,Sheila Richardson,samuel46.2579@example.com,SB,2026-08-31,Premium,21092.71
2580,Angela Harrison,anthonyfitzgerald.2580@example.com,AT,2020-11-04,Standard,35669.96
2581,Seth Sanchez,kclay.2581@example.com,UZ,2023-10-12,Standard,18303.38
2582,Joseph Horton,kknox.2582@example.com,CM,2023-12-18,Standard,47788.93
2583,Jason Carter,ujohnson.2583@example.com,CI,2024-06-13,Standard,41473.68
2584,Stephanie Davis,thenry.2584@example.com,AO,2025-12-16,Standard,832.70
2585,Pamela Thompson,frederick37.2585@example.com,GE,2023-04-14,Premium,15157.12
2586,Dr. Stephanie Taylor,lisarivera.2586@example.com,BA,2023-09-11,Premium,33328.63
2587,Deanna Mckee,not-an-email,HU,2021-05-19,Basic,43877.98
2588,Dillon Blankenship,browndebra.2588@example.com,UA,2025-06-05,Basic,17516.68
2589,Danielle Meadows,julietodd.2589@example.com,TR,2021-04-10,Premium,45877.02
2590,Lee Luna,lespinoza.2590@example.com,OM,2024-07-17,Standard,3638.67
2591,Patrick Oliver,alexander03.2591@example.com,DZ,2023-07-03,Basic,33500.60
2592,Raymond Jones,loconnell.2592@example.com,BN,2024-10-25,Basic,12160.53
2593,Manuel Landry,yburns.2593@example.com,ST,2024-12-06,Basic,15023.45
2594,Jill Perez,keith67.2594@example.com,GR,2020-02-10,Standard,15864.31
2595,Christopher Williamson,ibrown.2595@example.com,SG,2020-10-07,Basic,42.49
2596,Luis Jenkins,jean05.2596@example.com,PG,2021-04-27,Standard,8798.71
2597,Michael Jackson,allisonsingleton.2597@example.com,TL,2022-06-11,Premium,16818.97
2598,Tyler Hill,daniel73.2598@example.com,LY,2020-09-01,Premium,47440.10
2599,Natalie Nelson,xspencer.2599@example.com,AD,2026-05-07,Standard,37671.75
2600,Melissa Kaiser,floresadam.2600@example.com,LS,2025-09-20,Basic,35040.12
2601,Edwin Anderson,russellangel.2601@example.com,UA,2023-12-07,Basic,7245.87
2602,Deborah Edwards,rwheeler.2602@example.com,LC,2026-04-10,Premium,28143.84
2603,Brian Holt,russellkelly.2603@example.com,CD,2021-01-05,Standard,33271.02
2604,Bryan Gutierrez,mary51.2604@example.com,TW,2021-12-03,Basic,12043.60
2605,John Williams,peter88.2605@example.com,GH,2025-08-29,Basic,31350.83
2606,John Obrien,steven32.2606@example.com,CA,2023-08-24,Standard,46616.76
2607,Heather Rogers,randycowan.2607@example.com,KN,2023-04-12,Standard,12924.32
2608,Susan Roberts,vwilliams.2608@example.com,BN,2025-08-15,Basic,3118.08
2609,Lisa Cooper,allenanthony.2609@example.com,AD,2023-04-05,Premium,25700.56
2610,Sara Williams,nicholas08.2610@example.com,TZ,2023-11-03,Standard,30275.73
2611,Mary Mcclain,tyler83.2611@example.com,KG,2021-09-03,Premium,15019.35
2612,Carlos Lopez,ifuller.2612@example.com,TG,2020-07-25,Standard,15808.26
2613,Brittany Ramirez,rjohnson.2613@example.com,BI,2021-05-04,Standard,42886.74
2614,Jacqueline Walker,dana94.2614@example.com,DM,2021-05-28,Standard,38263.19
2615,Christopher Cohen,holmesstephanie.2615@example.com,GD,2021-04-01,Basic,48493.33
2616,Walter Wright,harperdavid.2616@example.com,JP,2025-02-16,Basic,1773.36
2617,Susan Marquez,careyjason.2617@example.com,CO,2021-08-03,Basic,39108.07
2618,Christine Ball,amybaldwin.2618@example.com,VE,2021-10-23,Standard,37249.90
2619,Crystal Montgomery,parkerdebbie.2619@example.com,UZ,2022-12-06,Standard,48197.57
2620,Christie Kelley,awilson.2620@example.com,SK,2025-04-17,Premium,23303.64
2621,Phillip Tate,yherring.2621@example.com,LR,2021-11-02,Standard,27647.10
2622,Kevin Thompson,donald02.2622@example.com,BG,2024-07-09,Premium,25818.36
2623,Mr. Dale Johnson,pflores.2623@example.com,BR,2023-10-24,Standard,41771.08
2624,Melinda Armstrong,lhoward.2624@example.com,KP,2024-07-17,Premium,39507.60
2625,Elizabeth Campbell,goodwindarrell.2625@example.com,CZ,2025-11-17,Premium,38613.00
2626,Selena Mccarthy,jhernandez.2626@example.com,GQ,2025-04-22,Standard,12167.53
2627,Deborah Allen,william88.2627@example.com,AT,2024-06-06,Basic,31651.73
2628,James Castaneda,angelapayne.2628@example.com,ID,2020-08-29,Premium,45048.55
2629,Rebecca Boyd,benjamin21.2629@example.com,BO,2021-07-31,Standard,13597.02
2630,Joseph Anderson,hsmith.2630@example.com,UY,2023-06-16,Premium,43823.44
2631,Kimberly Crawford,yatkinson.2631@example.com,HN,2021-01-16,Basic,22898.36
2632,Kristen Arnold,lware.2632@example.com,MT,2021-07-20,Premium,10548.94
2633,Lindsay Griffin,zpatel.2633@example.com,TO,2022-02-25,Premium,28565.12
2634,Kimberly Perez,rebeccaholder.2634@example.com,SB,2024-11-11,Premium,12338.04
2635,Stephanie Smith,david23.2635@example.com,IL,2021-02-13,Standard,45680.83
2636,Matthew Chaney,andreataylor.2636@example.com,DJ,2020-07-29,Premium,22026.54
2637,Martha Gardner,katrinacarter.2637@example.com,SV,2024-04-27,Standard,35966.63
2638,Joshua Salas,sheila71.2638@example.com,MU,2022-05-24,Premium,47492.84
2639,George Richardson,dylanrivera.2639@example.com,CN,2023-04-29,Premium,13929.99
2640,Gregory Norris,bethsilva.2640@example.com,TJ,2024-02-18,Premium,32122.80
2641,Kimberly Alvarado,lgarcia.2641@example.com,TW,2023-11-29,Premium,19036.08
2642,Lauren Dodson,kerrelizabeth.2642@example.com,VU,2022-01-08,Basic,2810.19
2643,Rick Wall,eric69.2643@example.com,MM,2023-05-19,Basic,36358.27
2644,Keith Reynolds,allenmiranda.2644@example.com,SI,2021-01-13,Premium,20887.74
2645,Greg Leonard,pruittjasmine.2645@example.com,TL,2020-10-06,Premium,30410.32
2646,Jessica Garrett,osanchez.2646@example.com,KR,2020-03-21,Basic,29754.30
2647,Gerald Smith,susan42.2647@example.com,BR,2020-11-01,Premium,6178.79
2648,Shawna Schroeder,graykimberly.2648@example.com,MW,2020-11-29,Premium,14770.59
2649,Emily Barnes,richardjordan.2649@example.com,IE,2022-04-15,Basic,45023.42
2650,Theresa Wilson,nathan36.2650@example.com,ST,2023-05-22,Basic,19820.24
2651,Kerry Giles,huffmanjulia.2651@example.com,TV,2025-01-21,Basic,48880.57
2652,Lisa Harper,jamesmiller.2652@example.com,GR,2020-04-16,Premium,20338.84
2653,Brenda Williams,michelle49.2653@example.com,MG,2025-12-13,Standard,17955.29
2654,Brad Johnson,bmartin.2654@example.com,CD,2025-10-02,Standard,2761.25
2655,Gloria Carney,johnsonangela.2655@example.com,EC,2020-06-07,Basic,7432.88
2656,Rachel Page,jpope.2656@example.com,MM,2024-05-15,Standard,42619.81
2657,Melissa Brown,jboyd.2657@example.com,IT,2026-05-11,Standard,23625.72
2658,Sabrina Garza,andrew75.2658@example.com,IT,2026-05-16,Premium,18376.89
2659,Susan Fleming,pcoleman.2659@example.com,YE,2021-03-04,Basic,10899.83
2660,Gary Powell,william28.2660@example.com,LS,2022-01-07,Standard,9227.97
2661,Joseph Hurst,fwilkerson.2661@example.com,FJ,2026-08-19,Basic,41134.56
2662,Anthony Smith,sabrinakrueger.2662@example.com,CN,2020-01-22,Standard,22928.34
2663,Alyssa Buchanan,mclaughlindavid.2663@example.com,MW,2020-10-21,Basic,27796.47
2664,Kyle Wiggins,leonardguerra.2664@example.com,SM,2022-07-17,Premium,45480.66
2665,Sandra Wagner,smithmark.2665@example.com,TD,2025-08-11,Standard,48155.34
2666,Lori Estrada,meyerlynn.2666@example.com,EE,2022-06-15,Premium,41894.71
2667,Jennifer Huber,harrisondaniel.2667@example.com,FI,2024-07-25,Premium,42000.85
2668,Jennifer Mcconnell,michaela71.2668@example.com,BD,2021-10-25,Basic,17458.90
2669,Keith Norman,kathy01.2669@example.com,LA,2022-06-02,Basic,46993.08
2670,Adam Coleman,foxmichael.2670@example.com,US,2023-08-30,Premium,25458.64
2671,Tracey Johnson,frankjonathan.2671@example.com,AR,2024-03-09,Basic,25534.86
2672,Paul Douglas,gschwartz.2672@example.com,HT,2022-04-04,Basic,777.85
2673,Paul Sullivan,haysjacob.2673@example.com,TG,2023-03-14,Standard,11291.72
2674,Courtney Snow,kristenmelton.2674@example.com,HN,2020-04-18,Basic,2425.89
2675,Wanda Ellis,cwatson.2675@example.com,GW,2023-03-12,Standard,43415.63
2676,James Woods,connie75.2676@example.com,GM,2026-03-03,Premium,6320.34
2677,Brett Miller,crystal44.2677@example.com,ER,2023-06-03,Premium,13096.83
2678,Karen Robinson,thomasmccoy.2678@example.com,BF,2022-03-06,Premium,29615.82
2679,Jesse Rivera,millerjeremy.2679@example.com,SI,2024-01-24,Standard,14201.38
2680,Jerry Andrews,singletondavid.2680@example.com,DZ,2026-05-14,Standard,1318.46
2681,Amanda Howard,kiara36.2681@example.com,FJ,2020-07-28,Premium,23125.56
2682,Christopher Reid,alicia90.2682@example.com,AM,2021-11-19,Premium,680.52
2683,Dawn Vega,andrewjohnson.2683@example.com,TJ,2023-05-04,Standard,2278.76
2684,Sean Kennedy,cwarren.2684@example.com,DO,2021-09-19,Premium,24525.73
2685,Shane Kane,amberpotter.2685@example.com,ID,2022-08-04,Basic,28572.90
2686,Steven Christensen,jenniferjuarez.2686@example.com,SE,2025-07-23,Premium,39230.37
2687,Matthew Wilson,jamescheryl.2687@example.com,CO,2022-05-20,Basic,8500.94
2688,Pam Wells,michaelfrey.2688@example.com,LU,2026-08-13,Premium,9246.65
2689,Martin Garrett,gabriellegarza.2689@example.com,CL,2024-09-10,Premium,9803.83
2690,Rodney Miller,prodgers.2690@example.com,DE,2020-07-27,Premium,45803.89
2691,Loretta Vincent MD,rachel93.2691@example.com,CG,2023-04-13,Basic,40418.54
2692,Paul Williams,anthony90.2692@example.com,JO,2024-12-02,Standard,2417.63
2693,Kevin Walsh,andreamendoza.2693@example.com,SO,2021-07-19,Premium,23720.55
2694,Benjamin Meyer,john49.2694@example.com,SO,2021-09-07,Standard,30924.32
2695,Jill Bass,blakepaul.2695@example.com,AZ,2025-12-02,Basic,38979.45
2696,Barbara Howard,kenneth11.2696@example.com,TR,2020-06-23,Basic,4013.95
2697,Joan Benton,deborah98.2697@example.com,MA,2025-03-18,Standard,40465.12
2698,William Cooper,sylvia57.2698@example.com,BH,2020-01-01,Basic,10320.09
2699,Jason Turner,hilldaniel.2699@example.com,UA,2021-01-07,Premium,41277.92
2700,Jill Dodson,michael30.2700@example.com,CV,2025-12-01,Standard,1484.41
2701,Jeff Bradley,tylerdennis.2701@example.com,FJ,2024-05-04,Standard,3665.91
2702,Bradley Barnes,hallmichael.2702@example.com,MZ,2020-10-29,Basic,40075.87
2703,Shawn Powell Jr.,katherinewarren.2703@example.com,TZ,2024-02-18,Premium,46829.99
2704,Terry Robinson,richard12.2704@example.com,IT,2021-12-19,Standard,42533.50
2705,Mrs. Rachel James DVM,anthony63.2705@example.com,VU,2026-06-13,Basic,43063.90
2706,Courtney Sparks,bryanwhite.2706@example.com,TG,2024-10-13,Premium,33445.33
2707,Mark Barnes,jkim.2707@example.com,CO,2025-08-18,Basic,37584.89
2708,Sarah Ballard,catherinelester.2708@example.com,SZ,2020-10-25,Premium,27930.32
2709,Brian Ryan,michellewashington.2709@example.com,FJ,2023-05-23,Standard,49319.95
2710,Michele Garcia,mckinneywilliam.2710@example.com,ID,2023-01-18,Standard,26663.96
2711,Lauren Morales,krussell.2711@example.com,CO,2026-08-05,Premium,48695.26
2712,Deborah Russell,uwilliams.2712@example.com,KE,2022-06-02,Standard,8430.25
2713,Ronald Murillo,cervantesdonald.2713@example.com,CR,2025-10-12,Basic,46612.35
2714,Rose Collins,okelley.2714@example.com,CO,2025-06-03,Premium,34081.42
2715,Barbara Perez,nancy15.2715@example.com,FR,2022-02-18,Standard,3772.55
2716,Bobby Hess,tracey43.2716@example.com,NL,2023-04-30,Basic,43342.62
2717,Janice Leon,fferrell.2717@example.com,TM,2024-11-05,Standard,4317.26
2718,Melissa Ward,keithtorres.2718@example.com,MA,2022-06-25,Premium,14294.36
2719,Shaun Jenkins,jesus44.2719@example.com,ME,2024-06-24,Premium,48915.80
2720,Zachary Smith,gonzalesjoseph.2720@example.com,BI,2025-09-20,Premium,39155.23
2721,Cindy Fischer,williscatherine.2721@example.com,CD,2023-02-01,Basic,28012.83
2722,Darlene Collins,dennismorrison.2722@example.com,EG,2022-10-01,Standard,6136.81
2723,Dawn Wagner,rodgersshawn.2723@example.com,EG,2020-04-19,Premium,24869.07
2724,Christian Hall,tcarpenter.2724@example.com,CA,2023-09-07,Standard,15602.74
2725,Melissa Ross,mmoore.2725@example.com,MC,2021-01-18,Standard,16684.11
2726,Casey Parker,carrie80.2726@example.com,KG,2020-06-03,Premium,14445.75
2727,Jennifer Chen,daviddavis.2727@example.com,MM,2022-03-06,Premium,39486.74
2728,Bradley Montes,walkerrachel.2728@example.com,PK,2023-08-26,Basic,42376.22
2729,Diana Mejia,rkrueger.2729@example.com,LV,2025-06-20,Standard,12433.61
2730,Dean Young,meganphillips.2730@example.com,PA,2021-09-17,Standard,26258.62
2731,Richard Escobar,bentleylaurie.2731@example.com,LY,2020-12-24,Standard,18139.53
2732,Christian Clay,colingrimes.2732@example.com,NP,2022-12-04,Standard,49792.43
2733,Blake James,normanmary.2733@example.com,CU,2021-07-28,Standard,23522.77
2734,Jack Larson,harringtonchristine.2734@example.com,MX,2022-07-11,Standard,22810.69
2735,Kelsey Melendez,janetmolina.2735@example.com,MN,2023-01-21,Standard,34342.93
2736,Michael Small,seanhubbard.2736@example.com,FJ,2020-03-05,Basic,4766.75
2737,Daniel Fletcher,user@example,NL,2021-03-04,Standard,44641.70
2738,Melissa Lara,hicksjason.2738@example.com,PA,2021-02-22,Basic,612.20
2739,Isabel Swanson,tiffanydavid.2739@example.com,IE,2021-11-10,Premium,10407.77
2740,Michael Lee,sanderssamantha.2740@example.com,CV,2025-01-13,Premium,28353.96
2741,Madison Young,stephanie86.2741@example.com,CY,2023-08-06,Standard,18904.85
2742,Nathan Ware,hcarson.2742@example.com,BA,2021-12-20,Standard,38004.65
2743,Craig Schroeder,dylan35.2743@example.com,GH,2023-01-27,Premium,43605.20
2744,Kyle Jones,kherring.2744@example.com,IT,2024-09-05,Basic,32811.45
2745,Kenneth Schultz,sarah87.2745@example.com,SN,2023-04-10,Unknown,481.38
2746,Vanessa Houston,pamela78.2746@example.com,KE,2026-07-30,Basic,3569.86
2747,Todd Marshall,josephramos.2747@example.com,KN,2022-09-27,Standard,20161.11
2748,Michael Hampton,jenniferdiaz.2748@example.com,MU,2025-06-15,Premium,39773.79
2749,Rebecca Torres,maxwelljaime.2749@example.com,TD,2021-01-28,Standard,4406.83
2750,Mrs. Samantha Johnson,vromero.2750@example.com,LK,2020-08-11,Standard,31144.65
2751,Jon Young,singhcassandra.2751@example.com,NZ,2024-08-15,Basic,10314.36
2752,Nicole Petersen,jordan42.2752@example.com,LV,2025-07-28,Basic,446.22
2753,Molly Oneal,ewagner.2753@example.com,FI,2025-04-30,Standard,20108.88
2754,Brandon Nelson,tiffanycummings.2754@example.com,CZ,2021-08-09,Standard,23393.75
2755,Melinda Wilkins,tylerchase.2755@example.com,MC,2024-09-16,Basic,152.11
2756,Joseph Bradley,phillipsjames.2756@example.com,LU,2020-09-03,Basic,8106.94
2757,Maureen Kelley,stefanie64.2757@example.com,HR,2024-10-14,Standard,18620.46
2758,Michael Terry,ocarter.2758@example.com,JP,2022-12-23,Basic,40061.03
2759,Kimberly Frank,tamara68.2759@example.com,KH,2026-05-10,Premium,12811.87
2760,Peter Ortiz,gonzalezmelissa.2760@example.com,CH,2024-11-03,Standard,19268.98
2761,Eileen Jordan,smartinez.2761@example.com,ME,2024-07-01,Premium,31168.18
2762,Todd Smith MD,peterwinters.2762@example.com,BS,2025-07-05,Basic,39303.61
2763,Jack Scott,salazarjose.2763@example.com,KZ,2021-01-26,Premium,43714.57
2764,Elizabeth Williams,fsheppard.2764@example.com,IL,2021-10-30,Premium,2305.15
2765,Heather Thompson,judith93.2765@example.com,JM,2021-08-17,Premium,18916.83
2766,Mike Gregory,erin17.2766@example.com,LS,2021-03-23,Unknown,33526.64
2767,Dawn Gray,kevin48.2767@example.com,TG,2022-02-07,Basic,32437.40
2768,Eric Church,michaelbarron.2768@example.com,FR,2021-03-17,Standard,25888.53
2769,Kimberly Valenzuela,gmorgan.2769@example.com,NR,2023-12-02,Premium,16398.06
2770,April Adams,alexis05.2770@example.com,NA,2026-03-15,Standard,7583.57
2771,Bob Murphy,lisa29.2771@example.com,TD,2024-08-27,Basic,16158.14
2772,Sarah Glass,matthew30.2772@example.com,AO,2021-05-24,Basic,7799.81
2773,Meghan Lee,kaitlinhall.2773@example.com,HU,2025-10-01,Basic,26395.38
2774,Joseph Joyce,aaron73.2774@example.com,EE,2022-07-14,Standard,4809.12
2775,Ashley Edwards,icruz.2775@example.com,BB,2020-07-26,Premium,38053.32
2776,Bradley Ramirez,warrenann.2776@example.com,DK,2023-10-22,Basic,41976.10
2777,Anthony Baker,heather02.2777@example.com,AE,2024-02-29,Basic,11399.63
2778,Brian Cantu,taramcdonald.2778@example.com,TN,2021-10-22,Basic,45065.16
2779,Joshua King,annabaker.2779@example.com,GT,2024-01-14,Basic,41847.97
2780,Catherine Brown,nicholas06.2780@example.com,CV,2020-12-27,Standard,29240.43
2781,John Villegas,swilson.2781@example.com,CA,2023-07-20,Standard,19891.55
2782,Logan Thompson,eduardoschmitt.2782@example.com,BZ,2024-03-16,Basic,5836.00
2783,Amber Hunter,jeremy60.2783@example.com,MN,2020-08-23,Basic,15916.53
2784,Joseph Bryan,anthonyanderson.2784@example.com,SZ,2023-08-27,Premium,5242.29
2785,Christian Fisher,lisa33.2785@example.com,BR,2025-03-17,Standard,39004.39
2786,Debra Thomas,paulporter.2786@example.com,MH,2020-02-02,Premium,32584.20
2787,Malik Hicks,toddmark.2787@example.com,KG,2023-08-07,Basic,34576.70
2788,Julie Monroe,ianderson.2788@example.com,GN,2022-02-23,Standard,33217.81
2789,Jason Acosta,collinsrichard.2789@example.com,BG,2026-01-26,Basic,44531.10
2790,Caleb Lynn,brian21.2790@example.com,ZM,2025-01-07,Premium,17170.74
2791,David Pena,dylan83.2791@example.com,AO,2025-10-31,Premium,27777.81
2792,Shelly Garner,mwright.2792@example.com,PK,2026-06-20,Premium,7684.21
2793,Natalie Ford,jacobnunez.2793@example.com,CI,2026-03-03,Premium,49714.38
2794,Harold Jones,stephaniemyers.2794@example.com,LS,2022-06-18,Standard,7935.20
2795,Kevin Hopkins,boydkevin.2795@example.com,RW,2020-12-13,Basic,35249.15
2796,Sydney Carlson,albertwatson.2796@example.com,PY,2025-07-05,Standard,29503.34
2797,Tina Allen,kristinberg.2797@example.com,MZ,2021-04-26,Standard,12784.71
2798,Kelly Hicks,rodneyaustin.2798@example.com,PT,2024-03-02,Premium,44394.39
2799,Kelly Rodriguez,rollinsamy.2799@example.com,KM,2023-05-11,Basic,3435.53
2800,Adam Hanson,natalie06.2800@example.com,TJ,2025-01-13,Premium,12707.44
2801,Taylor Lam,lucasspencer.2801@example.com,GY,2021-09-20,Basic,29505.57
2802,Brandon James,stefaniefox.2802@example.com,MW,2020-04-26,Standard,32463.82
2803,Jessica Mcfarland,michellegonzales.2803@example.com,AM,2025-05-21,Basic,45400.62
2804,Ruth Wilson,ebrown.2804@example.com,AM,2025-09-26,Standard,39674.27
2805,Madeline Sherman PhD,justin92.2805@example.com,HT,2020-10-19,Premium,1552.88
2806,Christian Hill,hullstephen.2806@example.com,KG,2022-04-05,Basic,47816.09
2807,Miss Jennifer Smith,ularson.2807@example.com,FI,2024-08-26,Basic,27098.89
2808,Christopher Richardson,nmartin.2808@example.com,AL,2026-05-15,Basic,42614.76
2809,John Berry,kmclaughlin.2809@example.com,SL,2026-05-30,Standard,18585.53
2810,Patricia Garrison,dana49.2810@example.com,CY,2024-08-21,Premium,40212.57
2811,Linda Ross,gina96.2811@example.com,HN,2024-11-14,Standard,39436.86
2812,Sally Hamilton,batesnicole.2812@example.com,LU,2026-01-20,Basic,41176.62
2813,David Barton,kingadam.2813@example.com,FJ,2026-08-11,Premium,31065.25
2814,Elizabeth Flores,mthompson.2814@example.com,ZW,2020-11-06,Premium,36512.95
2815,Rebecca Reeves,wbaxter.2815@example.com,MX,2021-03-21,Premium,38274.71
2816,Sherri Hancock,umoore.2816@example.com,BD,2022-02-24,Premium,23678.56
2817,Rachel Walton,npacheco.2817@example.com,ST,2025-03-19,Premium,30107.43
2818,Linda Hoffman,torresalexander.2818@example.com,LU,2024-06-24,Standard,47261.11
2819,Shannon Dyer,craigcharles.2819@example.com,DK,2022-07-08,Premium,19169.27
2820,Jordan Howard,hannahbaker.2820@example.com,UG,2021-01-17,Standard,2960.00
2821,Jonathan Mcintosh,katherine44.2821@example.com,OM,2024-10-10,Standard,12580.12
2822,Tiffany Stewart,gary28.2822@example.com,UZ,2026-03-30,Premium,37032.65
2823,Stephen Stewart,jgraham.2823@example.com,TO,2023-01-27,Basic,31285.27
2824,David Fernandez,johnsonamanda.2824@example.com,KM,2025-02-18,Standard,31947.39
2825,Daniel Williams,jacob86.2825@example.com,LV,2025-11-04,Premium,46086.82
2826,Nicholas Martin,aaron67.2826@example.com,EE,2026-07-04,Premium,7197.72
2827,Nicholas Bailey,victoria43.2827@example.com,JM,2026-05-16,Basic,40731.43
2828,Sarah Olsen,dylan14.2828@example.com,IT,2021-06-08,Premium,41232.56
2829,Donna Estes,rfoster.2829@example.com,NP,2020-08-25,Premium,29930.29
2830,Melanie Hammond,frankwebster.2830@example.com,IS,2021-02-08,Basic,15156.53
2831,Desiree Marshall,anna72.2831@example.com,CL,2024-04-20,Standard,31943.87
2832,Tammy Watson,cooperrobert.2832@example.com,IR,2023-08-18,Standard,15161.34
2833,Katherine Calderon,jaredmathews.2833@example.com,AO,2025-11-18,Premium,32686.75
2834,Terri Lopez,lisahorton.2834@example.com,LT,2020-08-31,Standard,34926.78
2835,Daniel Williams,scott18.2835@example.com,GD,2020-07-26,Standard,12666.00
2836,Sydney Bennett,jmalone.2836@example.com,SR,2023-12-23,Premium,20741.66
2837,Mrs. Lindsay Bailey,fpreston.2837@example.com,RS,2024-04-14,Standard,42333.59
2838,James Morrow,chambersheidi.2838@example.com,GH,2020-03-18,Basic,23868.52
2839,Thomas Barnes,cmartin.2839@example.com,DJ,2024-08-05,Basic,35080.12
2840,Caitlin Everett,nelsonjason.2840@example.com,LC,2020-02-20,Basic,12804.70
2841,Jeffery Lewis,ashley93.2841@example.com,DO,2023-07-29,Basic,7372.41
2842,Nancy Mccarthy,danny63.2842@example.com,KR,2022-05-02,Standard,7693.52
2843,Marcus Cross,james12.2843@example.com,BS,2025-12-17,Premium,14629.34
2844,Amy Love,thomasnancy.2844@example.com,ST,2022-01-09,Basic,17971.54
2845,Christopher Williams,terri46.2845@example.com,CY,2020-10-11,Premium,16275.01
2846,Michael Lawson,michaelgonzalez.2846@example.com,BO,2026-04-13,Premium,29313.54
2847,Jason Wilson,joseph61.2847@example.com,MV,2025-11-22,Basic,30371.68
2848,Terry Torres,lalexander.2848@example.com,TN,2020-06-01,Premium,16994.83
2849,Anthony Lambert,daniel57.2849@example.com,IR,2021-04-02,Premium,2277.10
2850,Dustin Rodriguez,moralesjoseph.2850@example.com,TW,2021-04-28,Premium,28818.88
2851,Vanessa Jones,mark58.2851@example.com,AE,2024-05-05,Premium,23945.19
2852,Randy Long,ncarter.2852@example.com,ME,2026-08-28,Standard,22751.29
2853,Elizabeth Alexander,johnathan42.2853@example.com,PE,2022-01-06,Basic,47749.20
2854,Roberto Booth,ann39.2854@example.com,RW,2022-01-19,Standard,16488.16
2855,Catherine Hudson,rebecca33.2855@example.com,SC,2022-10-24,Standard,8499.41
2856,Donald Chambers,aperez.2856@example.com,NZ,2024-07-20,Basic,11891.68
2857,Tony Horn,romeromichelle.2857@example.com,AG,2020-05-02,Standard,29523.51
2858,Leroy Nelson,vhinton.2858@example.com,VC,2023-08-10,Standard,16919.39
2859,Michael Copeland,loriclark.2859@example.com,TM,2023-11-01,Basic,4990.93
2860,Jacob Alexander,joshuayoung.2860@example.com,AD,2024-03-08,Premium,27435.59
2861,Andrea Wright,rodriguezsarah.2861@example.com,SZ,2025-07-31,Premium,5684.39
2862,Joseph Byrd,natalie26.2862@example.com,NP,2021-05-11,Basic,32263.64
2863,Carlos Chapman,marissa85.2863@example.com,SO,2025-11-10,Standard,29612.40
2864,Tina Curry,patrick42.2864@example.com,BR,2020-10-22,Standard,14146.78
2865,Jeffrey Rice,ppowell.2865@example.com,TH,2025-01-05,Basic,36018.34
2866,Deborah Allen,william71.2866@example.com,TW,2020-06-17,Premium,5123.15
2867,Shannon Stephens,stacy71.2867@example.com,SL,2020-08-24,Standard,10350.23
2868,Sharon Stout,stephaniemueller.2868@example.com,CM,2021-05-15,Basic,13179.82
2869,Michelle Wood,jacquelinelewis.2869@example.com,PS,2021-02-19,Premium,41824.14
2870,Rebekah Sampson,fcrosby.2870@example.com,BD,2026-05-07,Standard,30760.62
2871,Sandra Marquez,maurice87.2871@example.com,DZ,2025-07-26,Standard,25736.50
2872,Karina Kim,michael71.2872@example.com,LK,2021-04-14,Premium,33280.19
2873,Keith Jennings,daniel72.2873@example.com,SA,2024-10-07,Premium,48466.52
2874,Neil Martinez,yolanda37.2874@example.com,FJ,2024-05-12,Premium,42835.59
2875,Cody Johnson,jessicaporter.2875@example.com,GY,2022-09-26,Premium,4593.47
2876,Carly Williams,sara63.2876@example.com,SL,2020-08-18,Premium,18623.42
2877,Jerry Weaver,daviswilliam.2877@example.com,BJ,2026-06-01,Premium,12229.57
2878,Jaclyn Hunter,fletcherwilliam.2878@example.com,BY,2025-10-04,Basic,1775.25
2879,Suzanne Lopez,curtis46.2879@example.com,HR,2025-09-20,Premium,37574.65
2880,Adrienne Carter,xgriffith.2880@example.com,EE,2022-02-15,Basic,34187.92
2881,Michael Brown,wnielsen.2881@example.com,MR,2020-12-10,Premium,11325.39
2882,Briana Taylor DDS,christopherpatrick.2882@example.com,FI,2020-05-22,Basic,36085.14
2883,Dennis Oliver,smithnicole.2883@example.com,SG,2020-04-04,Premium,6246.43
2884,Taylor Lee,clove.2884@example.com,GH,2025-03-03,Standard,43182.69
2885,Brittany Edwards,madison02.2885@example.com,CG,2024-01-18,Standard,26733.17
2886,Joshua Fowler MD,crystallopez.2886@example.com,BF,2024-04-20,Standard,33064.85
2887,Peter Barry,kristen54.2887@example.com,SM,2023-03-16,Standard,11948.88
2888,Maria Gomez MD,driggs.2888@example.com,ST,2026-07-22,Standard,6482.13
2889,Debra Lopez,lwelch.2889@example.com,BJ,2023-10-08,Premium,35221.64
2890,Lisa Nelson,gonzalezthomas.2890@example.com,ET,2021-06-28,Premium,10886.68
2891,Sandra Everett,beardkevin.2891@example.com,GT,2025-06-29,Basic,27991.36
2892,Laura Perez,lbond.2892@example.com,NE,2023-10-07,Standard,15356.28
2893,Abigail Elliott,mollyryan.2893@example.com,BZ,2020-11-26,Basic,33617.74
2894,Amanda Salazar,george72.2894@example.com,PH,2025-01-05,Basic,8127.06
2895,John Williams,peterlopez.2895@example.com,PE,2022-12-29,Basic,49025.20
2896,Gregory Davis,ortegaerin.2896@example.com,GN,2021-09-30,Basic,23361.88
2897,Gloria Mccall,tamiparks.2897@example.com,WS,2023-02-19,Basic,37624.65
2898,Catherine Nguyen,jasoncabrera.2898@example.com,LC,2022-01-06,Standard,49415.24
2899,Tyrone Potter,susanruiz.2899@example.com,SV,2020-04-07,Premium,25393.61
2900,Shelly Robinson,qthomas.2900@example.com,DJ,2021-04-13,Premium,15576.24
2901,Nicole Trevino,kevinlee.2901@example.com,KG,2024-08-15,Premium,4296.81
2902,Dr. Christopher Nixon,,CM,2026-06-24,Premium,24282.53
2903,Stephen Hill,jesselloyd.2903@example.com,TD,2020-03-19,Premium,31552.73
2904,Andrew Brewer,waltersmith.2904@example.com,UY,2024-07-28,Premium,41388.58
2905,Marcus Newman,sarahrichardson.2905@example.com,AZ,2023-01-28,Premium,26871.76
2906,Kim Jackson,xhopkins.2906@example.com,CF,2026-06-08,Premium,42459.93
2907,Sarah Perry,fordsamantha.2907@example.com,ZW,2025-09-30,Basic,28256.44
2908,Patricia Huber,jeffery85.2908@example.com,PG,2023-08-11,Basic,4777.36
2909,Samantha Drake,tiffanyhood.2909@example.com,NR,2023-06-02,Premium,33226.89
2910,Nicole Moore,keith57.2910@example.com,TO,2026-04-11,Standard,23237.83
2911,Nancy Park,pittmansandra.2911@example.com,TO,2024-04-06,Premium,24026.73
2912,Melinda Kennedy,tammy79.2912@example.com,PL,2021-11-15,Standard,27354.97
2913,Deborah Wallace,glennlauren.2913@example.com,SN,2024-04-09,Premium,25790.91
2914,Lisa Wheeler,amanda68.2914@example.com,CF,2022-08-02,Basic,24046.44
2915,Alex White,shanefranklin.2915@example.com,RU,2026-05-02,Basic,4352.82
2916,George Paul,sara09.2916@example.com,ID,2020-09-17,Basic,16030.85
2917,Kim Holland,gallegosmelissa.2917@example.com,DM,2025-07-02,Premium,28178.42
2918,Kelly Washington,christopher08.2918@example.com,SK,2026-06-12,Standard,2751.25
2919,Kevin Rivera,tina04.2919@example.com,SN,2022-08-25,Premium,46010.27
2920,Phillip Haynes,codyhall.2920@example.com,CI,2020-01-25,Premium,11776.51
2921,Traci Bishop,stacyhernandez.2921@example.com,FI,2025-11-30,Premium,41226.45
2922,Michael Thompson,jennacarlson.2922@example.com,SM,2025-05-19,Basic,11804.20
2923,Joseph Adams,espinozacrystal.2923@example.com,RU,2023-04-08,Premium,7228.28
2924,Michael Richards,jacobskendra.2924@example.com,MW,2025-02-05,Standard,8360.96
2925,Jeffery Lewis,gabriel61.2925@example.com,US,2026-02-10,Basic,21284.04
2926,Heather Smith,moorechad.2926@example.com,PK,2026-03-08,Standard,16956.99
2927,Deborah Oconnor,armstrongdarryl.2927@example.com,MG,2023-09-05,Standard,5564.66
2928,Ricardo Williams,bridget60.2928@example.com,BO,2022-01-07,Premium,39968.94
2929,Samantha Anderson,garrettmichael.2929@example.com,SB,2023-03-08,Basic,17803.49
2930,John Brown,hmiller.2930@example.com,TL,2024-02-26,Premium,26464.96
2931,Justin Hoffman,nicolecampbell.2931@example.com,BH,2025-01-19,Standard,24196.07
2932,Alexa Williams,ramosanne.2932@example.com,CU,2024-05-24,Premium,34792.10
2933,Kayla King,randallcorey.2933@example.com,TT,2025-02-11,Premium,30066.43
2934,Rodney Jones,richardfisher.2934@example.com,SG,2021-10-17,Basic,18684.71
2935,Andrew Gaines,danny00.2935@example.com,SG,2024-02-17,Standard,14936.79
2936,Zachary Brown,stephanie39.2936@example.com,CN,2021-10-10,Basic,37694.92
2937,Tara Harris,vpoole.2937@example.com,WS,2021-06-07,Standard,1329.97
2938,Julie Haley,rball.2938@example.com,NG,2025-12-27,Premium,9904.54
2939,William Malone,cdavis.2939@example.com,CG,2020-03-22,Premium,16720.88
2940,Cassandra Mendez,kerridodson.2940@example.com,KH,2024-06-25,Standard,397.49
2941,Charles Garcia,taustin.2941@example.com,DE,2022-11-24,Unknown,8152.94
2942,Zachary Houston,hdavis.2942@example.com,IR,2024-11-27,Standard,26276.73
2943,Lori Jones,joecarroll.2943@example.com,JP,2021-02-24,Basic,30680.07
2944,Morgan Kennedy,rnicholson.2944@example.com,JM,2023-12-25,Premium,24751.06
2945,Ronald Hull,warrenmark.2945@example.com,RU,2024-09-13,Premium,22381.28
2946,Lonnie Patel,charles46.2946@example.com,PT,2022-01-19,Premium,7730.56
2947,Seth King,joshua07.2947@example.com,TV,2021-12-03,Standard,33571.13
2948,Wendy Davis,michael38.2948@example.com,PG,2023-08-03,Premium,23836.57
2949,Kevin Morris,patricia48.2949@example.com,KR,2024-12-23,Standard,31207.09
2950,Mr. Marc Wagner MD,vfoley.2950@example.com,NE,2022-02-26,Premium,19647.36
2951,Adam Figueroa,maciasray.2951@example.com,OM,2023-07-27,Standard,25589.88
2952,Mark Mahoney,washingtonjohn.2952@example.com,KI,2022-10-11,Premium,25817.95
2953,Kerry Maxwell,anne76.2953@example.com,HN,2023-06-24,Premium,2982.12
2954,Jennifer Gallagher,ahernandez.2954@example.com,MN,2020-08-06,Standard,23332.34
2955,Amy Spencer,allentim.2955@example.com,TG,2022-01-12,Basic,3366.07
2956,Cathy Lindsey,austinbrooke.2956@example.com,ST,2021-07-13,Basic,14168.56
2957,James Williams,tristanzimmerman.2957@example.com,PS,2022-02-24,Premium,36824.25
2958,Heidi Stevens,perezjoanna.2958@example.com,HT,2026-04-12,Premium,34148.16
2959,Ashley Calhoun,ilivingston.2959@example.com,IR,2020-12-23,Standard,26053.03
2960,Mitchell Ford,fmccall.2960@example.com,CD,2022-09-21,Premium,11232.23
2961,Hannah Garcia,jacobsonandrew.2961@example.com,ZW,2026-07-25,Premium,21026.26
2962,Andrea Edwards DDS,patrickgonzalez.2962@example.com,SR,2022-11-09,Premium,28222.98
2963,Caitlyn Anderson,qrollins.2963@example.com,PH,2025-04-10,Premium,13787.51
2964,Amy Miles,johnkim.2964@example.com,NP,2021-12-11,Standard,22371.06
2965,Christian Lee,belljohn.2965@example.com,IT,2023-11-08,Basic,43470.18
2966,David Parks,joseph48.2966@example.com,KW,2025-05-02,Basic,32842.04
2967,Janice Li,tanyastone.2967@example.com,CR,2026-03-19,Basic,25630.94
2968,Heather Ramirez,guzmankevin.2968@example.com,MC,2024-08-24,Basic,8799.96
2969,Dr. Sarah Garrett,jaime25.2969@example.com,PW,2023-06-05,Standard,21496.66
2970,Ashley White,faith03.2970@example.com,GT,2026-03-02,Basic,10023.35
2971,Robert Thornton,joanstevens.2971@example.com,QA,2021-04-03,Standard,42189.03
2972,Shane Gardner,kevin18.2972@example.com,LC,2024-04-22,Premium,10256.41
2973,Kimberly Morgan,hernandezchelsea.2973@example.com,PH,2026-05-08,Basic,8564.23
2974,Austin Rodriguez,wyoung.2974@example.com,MR,2021-09-16,Basic,27623.67
2975,Michael Liu,kelsey77.2975@example.com,KZ,2020-11-13,Standard,6786.81
2976,Donald King,jose60.2976@example.com,SD,2021-09-12,Basic,36574.92
2977,John Fleming,aaron52.2977@example.com,ME,2024-04-28,Basic,47155.17
2978,Matthew Campos,moorecarlos.2978@example.com,HT,2024-01-10,Premium,44195.17
2979,Amanda Bennett,nunezkatherine.2979@example.com,GT,2020-01-15,Standard,46076.55
2980,Paula Santos,timothyedwards.2980@example.com,UG,2021-08-22,Standard,21560.58
2981,David Potter,ralph16.2981@example.com,CU,2024-08-19,Basic,39353.96
2982,Jonathan Tran,sanchezmichelle.2982@example.com,CU,2022-03-07,Basic,15894.52
2983,Hannah Stewart,enguyen.2983@example.com,MM,2021-10-01,Standard,46883.81
2984,Shane Carter,christopherprice.2984@example.com,VU,2022-04-02,Standard,32026.20
2985,Darrell Santiago,jnelson.2985@example.com,BJ,2020-01-13,Basic,32786.07
2986,Mark Jimenez,browningreginald.2986@example.com,BY,2020-06-22,Basic,14845.07
2987,Jennifer Mckinney,brianwood.2987@example.com,VE,2025-09-24,Premium,35544.28
2988,Lindsay Chapman,rkline.2988@example.com,QA,2025-05-17,Basic,9060.47
2989,Jason Hatfield,brooke42.2989@example.com,FJ,2021-08-16,Basic,17796.92
2990,Andre Mann,bookeredgar.2990@example.com,BG,2024-05-08,Premium,38175.72
2991,Joseph Davis,paula41.2991@example.com,CM,2022-06-04,Basic,39918.22
2992,Kari Delgado,johnsonmatthew.2992@example.com,IR,2020-07-03,Basic,42975.66
2993,Kristi Phillips,rodgersgregory.2993@example.com,CM,2025-02-20,Basic,22884.65
2994,William Wong,catherinereese.2994@example.com,LC,2026-06-30,Premium,6454.00
2995,Jill Knox,debbie27.2995@example.com,NR,2024-03-07,Premium,27559.27
2996,Kathy Jordan,bestallison.2996@example.com,LY,2020-06-02,Basic,15254.97
2997,Christopher Wong,xwilson.2997@example.com,SB,2021-07-16,Premium,23173.21
2998,Sean Scott,carlosvasquez.2998@example.com,AT,2024-02-04,Premium,35751.86
2999,William Fisher,gentrylori.2999@example.com,ME,2023-09-15,Premium,23610.69
3000,Nicholas Foster,joshua51.3000@example.com,BS,2025-08-30,Premium,21991.42
3001,Meghan Cook,hdorsey.3001@example.com,CF,2026-05-06,Premium,46307.20
3002,Amy George,chris34.3002@example.com,LU,2021-02-15,Standard,35296.31
3003,Stephanie Lambert,not-an-email,LK,2024-01-10,Standard,41744.73
3004,Donna Jackson,daniel28.3004@example.com,BW,2023-09-17,Standard,12452.38
3005,Susan Alexander,bhayes.3005@example.com,PS,2026-05-11,Standard,23680.58
3006,Jeffrey Montgomery,nrodriguez.3006@example.com,CA,2023-10-22,Standard,24553.97
3007,Kevin Anderson,timothymiller.3007@example.com,MY,2021-10-11,Standard,30542.74
3008,Austin Wagner,bobby59.3008@example.com,SE,2024-01-09,Standard,1372.04
3009,Erin Kerr,hburton.3009@example.com,AZ,2020-03-17,Standard,21087.29
3010,Linda Ortiz,lindseylisa.3010@example.com,HU,2024-03-29,Standard,34010.37
3011,Maria Estrada,user@,EC,2025-11-09,Premium,44128.63
3012,Theresa Martinez,mcgeetimothy.3012@example.com,GE,2020-04-18,Standard,31267.77
3013,Christopher Webb,jessicawilson.3013@example.com,US,2025-04-25,Standard,10215.80
3014,Carlos Trujillo,brandonmelendez.3014@example.com,CA,2023-06-14,Premium,24888.97
3015,Jose Baker,rossomar.3015@example.com,KW,2023-04-10,Standard,7985.85
3016,Tony Fernandez,leonard41.3016@example.com,TG,2026-02-05,Standard,39912.65
3017,Anthony Thomas,jhoffman.3017@example.com,TG,2026-02-07,Premium,5744.08
3018,Kathleen Hobbs,singhandrew.3018@example.com,JM,2020-01-27,Basic,3844.36
3019,Paul Silva,fvelasquez.3019@example.com,SE,2020-04-05,Basic,27960.82
3020,Russell Eaton,tammy72.3020@example.com,BE,2021-07-11,Standard,41649.89
3021,Ashley Neal,melanie86.3021@example.com,TR,2024-01-08,Premium,32908.98
3022,Jose Simpson,wrodriguez.3022@example.com,SZ,2025-03-20,Standard,23188.70
3023,Travis Smith,ginabrown.3023@example.com,GD,2022-05-04,Basic,41915.47
3024,Connie Herrera,qalvarez.3024@example.com,BA,2023-08-07,Basic,5691.57
3025,Kenneth Lee,jkelly.3025@example.com,GW,2025-03-23,Standard,45761.81
3026,Thomas Jennings,marcus08.3026@example.com,FM,2021-12-04,Premium,11938.10
3027,Jerry Anderson,christinevargas.3027@example.com,JP,2024-08-22,Standard,12341.07
3028,James Herrera,justin70.3028@example.com,HR,2026-05-18,Basic,28298.88
3029,Kelly Bennett,joycedonna.3029@example.com,ZA,2022-10-21,Standard,27053.74
3030,Stanley Mathews,ivanblack.3030@example.com,DJ,2024-09-19,Standard,5856.13
3031,James Jackson,calexander.3031@example.com,HU,2021-10-19,Basic,49744.34
3032,Amber Frank,jenniferstewart.3032@example.com,LY,2025-08-27,Premium,654.19
3033,April Sexton,jessicalewis.3033@example.com,AM,2022-08-27,Basic,17734.56
3034,Kenneth Stewart,brenttaylor.3034@example.com,VE,2026-05-01,Basic,5269.79
3035,Jerome Jackson,ywright.3035@example.com,BB,2022-07-06,Premium,2040.76
3036,Jason Rodriguez,vazquezmeagan.3036@example.com,OM,2022-03-27,Standard,22739.46
3037,Hailey Rosario,costaveronica.3037@example.com,NZ,2025-09-03,Standard,12766.30
3038,Richard Fox,lori20.3038@example.com,SD,2026-06-21,Basic,39298.62
3039,Tracy Gutierrez,youngsandy.3039@example.com,HT,2024-04-16,Premium,24772.40
3040,Virginia Johnson,christopherpetersen.3040@example.com,MR,2025-06-30,Basic,2625.81
3041,Nathan Sanchez,alvarezsara.3041@example.com,BA,2026-02-11,Basic,41950.49
3042,Janet Lloyd,john64.3042@example.com,CR,2021-11-27,Standard,17272.09
3043,Randall Torres,kingjonathan.3043@example.com,BO,2025-06-04,Standard,36809.75
3044,Daniel Webb,timothyallen.3044@example.com,MR,2022-02-20,Standard,29789.60
3045,Gregory Compton,debbie73.3045@example.com,BD,2020-11-16,Basic,24346.78
3046,Martha Wilson,linbrenda.3046@example.com,YE,2020-04-30,Premium,21506.45
3047,Angela Anderson,carlos66.3047@example.com,SY,2022-02-16,Standard,40325.78
3048,Angela Gibson,tandrews.3048@example.com,HU,2021-09-04,Standard,46521.38
3049,Joseph Mack,karenberry.3049@example.com,BZ,2024-04-10,Basic,44617.41
3050,Jeffrey Silva,wcunningham.3050@example.com,DZ,2026-06-05,Premium,2943.93
3051,Victoria Reed,michelle10.3051@example.com,PW,2024-07-09,Premium,43203.18
3052,Richard Pope,shebert.3052@example.com,BZ,2023-01-11,Standard,9507.17
3053,Willie Pearson,nwinters.3053@example.com,HN,2024-08-17,Basic,28752.30
3054,William Butler,woodsmegan.3054@example.com,CD,2021-10-08,Premium,49020.83
3055,Gabrielle Charles,hernandezkelly.3055@example.com,MY,2022-02-10,Basic,33232.95
3056,Rebecca Young,andreanewton.3056@example.com,NR,2020-03-28,Standard,14662.08
3057,Zoe Jones,jesusgomez.3057@example.com,ID,2024-06-01,Premium,24707.33
3058,Katherine Clark,lindsey24.3058@example.com,CY,2021-08-14,Basic,28163.23
3059,Brandon Gonzalez,phillipsgerald.3059@example.com,BE,2026-03-06,Premium,48995.09
3060,Matthew Bennett,dawnlutz.3060@example.com,HT,2023-12-27,Basic,34732.39
3061,Robert Haas,ryan87.3061@example.com,OM,2023-10-23,Basic,28001.09
3062,Deborah Bailey,coxjennifer.3062@example.com,LI,2021-11-07,Premium,4738.75
3063,James Jones,nicholasluna.3063@example.com,CM,2024-01-19,Premium,8724.16
3064,Edwin Anderson,elizabethrice.3064@example.com,MN,2022-01-29,Standard,38171.19
3065,Danielle Gallegos,amber22.3065@example.com,GM,2026-01-20,Basic,11915.06
3066,Cynthia Cooper,dana34.3066@example.com,ZW,2020-12-07,Standard,47219.90
3067,Jordan Bauer,angela50.3067@example.com,ZM,2023-05-28,Standard,20422.75
3068,Michelle Garcia,reginaldcarter.3068@example.com,KI,2021-07-04,Basic,42225.34
3069,Robert Williams,sandovalstephen.3069@example.com,ML,2022-03-19,Standard,20407.55
3070,Denise Hammond,victor86.3070@example.com,NL,2023-07-25,Standard,23903.25
3071,Jose Sanford,,HT,2020-08-15,Basic,46612.06
3072,James Allen,david16.3072@example.com,HR,2025-08-14,Basic,42577.30
3073,Thomas Garner,lisa35.3073@example.com,CH,2020-05-05,Premium,5007.17
3074,Shawn Graham,carlosthompson.3074@example.com,SI,2023-07-02,Standard,19433.87
3075,Michael Leonard,amorgan.3075@example.com,LB,2026-07-06,Standard,32999.45
3076,Kevin Moore Jr.,libryan.3076@example.com,GY,2023-09-26,Premium,24850.46
3077,Jeremy Wyatt,tasha15.3077@example.com,DK,2026-04-03,Standard,16404.42
3078,Kayla Mason,johnavila.3078@example.com,WS,2020-06-15,Basic,46325.10
3079,Bryan Anthony,samanthacortez.3079@example.com,OM,2020-10-22,Standard,25043.20
3080,Jonathan Anderson,jacob93.3080@example.com,ZM,2022-06-21,Premium,31633.06
3081,Molly David,casey61.3081@example.com,BY,2020-04-27,Premium,22385.39
3082,Melissa Williams,moranlacey.3082@example.com,SD,2023-04-04,Premium,839.55
3083,Blake Klein,yprice.3083@example.com,NL,2024-08-13,Standard,1796.04
3084,Gregory Thomas,brandonnash.3084@example.com,KM,2024-02-13,Basic,20932.61
3085,John Russell,emilyhart.3085@example.com,TL,2022-09-22,Premium,24211.91
3086,Christopher Torres,griffindarlene.3086@example.com,YE,2024-05-22,Basic,9649.48
3087,Mr. Jeremy David,edward07.3087@example.com,AL,2025-11-29,Standard,12471.02
3088,Brandon Richardson,emurray.3088@example.com,GM,2024-10-02,Premium,6209.19
3089,Amber Kelley,johnwatkins.3089@example.com,CY,2025-04-05,Basic,26010.39
3090,James Zamora,flewis.3090@example.com,ZA,2024-01-13,Premium,49645.30
3091,Stephanie Kelley,lukeedwards.3091@example.com,CF,2024-01-22,Standard,28752.72
3092,Billy Roberts,dgonzalez.3092@example.com,VC,2024-10-14,Premium,39625.58
3093,Barbara Torres,sanchezmelissa.3093@example.com,GN,2022-03-26,Standard,6344.21
3094,Lynn Cook,arussell.3094@example.com,QA,2024-11-22,Premium,15806.66
3095,Jose Huerta,leonardanderson.3095@example.com,MD,2022-08-22,Premium,11824.03
3096,Kelly Shaw,randolphjeffrey.3096@example.com,MV,2023-12-09,Premium,17788.74
3097,Patricia Andrews,schroederjason.3097@example.com,IE,2020-10-10,Basic,8670.49
3098,Joshua Marquez,patricia74.3098@example.com,MM,2020-09-22,Premium,29162.35
3099,Gregory Williams,michaelhahn.3099@example.com,BD,2021-08-23,Standard,21446.78
3100,Scott Patrick,hmorgan.3100@example.com,SE,2022-02-14,Standard,37394.09
3101,David Olson,dianaroberts.3101@example.com,BS,2023-11-06,Premium,19731.32
3102,Michelle Moore DDS,charlessmith.3102@example.com,ZA,2021-11-06,Basic,17827.61
3103,Ann Baker,melissablankenship.3103@example.com,BD,2021-04-25,Basic,28437.76
3104,Jennifer Gray,alexanderjohnson.3104@example.com,PE,2023-05-26,Standard,18796.68
3105,Christopher Martin,heather29.3105@example.com,LY,2026-07-14,Premium,39824.29
3106,Emily Hines,pcruz.3106@example.com,GE,2020-07-14,Standard,4503.63
3107,Ashley Farmer,justin40.3107@example.com,IS,2026-02-18,Standard,12966.35
3108,Sheryl Hill,cory62.3108@example.com,IQ,2022-01-29,Standard,49350.72
3109,Jeffrey Hinton,amanda36.3109@example.com,CA,2023-03-05,Premium,24631.68
3110,Olivia Archer,qhenderson.3110@example.com,CR,2025-05-20,Basic,47082.19
3111,Deborah Rose,mmiller.3111@example.com,SK,2021-12-29,Standard,22221.79
3112,Megan Johnston,daniellewalker.3112@example.com,IT,2021-04-18,Premium,36982.74
3113,Suzanne Rodriguez,nhester.3113@example.com,IS,2025-11-26,Standard,10959.91
3114,Mary Smith,shannonmartin.3114@example.com,LR,2025-12-02,Standard,39845.85
3115,Victoria Mathews,jacksonraymond.3115@example.com,RW,2022-02-15,Basic,22715.76
3116,Emily Hudson,heatherdavies.3116@example.com,LC,2023-10-29,Premium,43715.39
3117,Melinda Robertson,tmurphy.3117@example.com,HU,2020-04-28,Basic,10226.49
3118,James Craig,carlalewis.3118@example.com,KZ,2021-06-13,Premium,11144.97
3119,George Sosa,terri15.3119@example.com,MM,2020-11-12,Standard,15410.69
3120,Nicole Anderson,robertwilliams.3120@example.com,SC,2022-07-05,Standard,21887.23
3121,Monique Little,tiffanyshelton.3121@example.com,FJ,2023-05-15,Standard,48088.89
3122,Bruce Marsh,guerrerodenise.3122@example.com,IE,2023-02-19,Premium,47767.18
3123,Elizabeth Nguyen,rebeccaphillips.3123@example.com,UA,2023-12-22,Standard,29020.05
3124,Mark Lewis,eyates.3124@example.com,ID,2022-09-09,Basic,9228.25
3125,Sarah Brewer,reyeschristine.3125@example.com,BI,2022-12-02,Premium,26973.98
3126,Janet Phillips,wgarcia.3126@example.com,KE,2024-11-22,Basic,49436.44
3127,Alexandra Cunningham,kelleylauren.3127@example.com,BG,2023-03-07,Basic,37683.93
3128,David White,rodriguezpatrick.3128@example.com,CI,2024-01-12,Standard,40560.39
3129,Carl Porter,kimberlyburnett.3129@example.com,WS,2023-09-07,Premium,14909.01
3130,Jessica Jackson,iedwards.3130@example.com,ID,2022-04-11,Standard,44222.63
3131,Mary Martinez,carl09.3131@example.com,PL,2024-01-30,Standard,2795.61
3132,Gwendolyn Garcia,nhenson.3132@example.com,BY,2025-01-16,Standard,40859.01
3133,Jacqueline Pierce MD,holly19.3133@example.com,ZW,2023-10-12,Premium,46734.67
3134,Robert Cohen,kimberly30.3134@example.com,PT,2020-01-05,Basic,23750.53
3135,Joseph Jordan,heathersmith.3135@example.com,IQ,2023-03-31,Standard,17426.18
3136,Amy Sloan,wardthomas.3136@example.com,FI,2024-01-01,Premium,19140.76
3137,Heather Vargas,gregoryheath.3137@example.com,MX,2020-08-09,Premium,15630.37
3138,Christopher Kaiser,ruizleonard.3138@example.com,TZ,2025-05-13,Standard,18059.57
3139,Alex Nixon,michelle46.3139@example.com,TV,2021-03-24,Premium,7209.60
3140,Kevin Reynolds,rramirez.3140@example.com,KG,2020-04-07,Premium,37162.03
3141,Robert Mckinney,ywilliams.3141@example.com,ES,2020-02-11,Premium,48155.50
3142,Kathleen Hart,michelle76.3142@example.com,JO,2024-08-19,Basic,2067.14
3143,Jasmine Kaiser,foxamanda.3143@example.com,IQ,2021-05-23,Basic,12340.61
3144,Mark Cabrera,troykelly.3144@example.com,BG,2024-12-02,Basic,43469.78
3145,Ronald Wright,rowefrank.3145@example.com,SM,2020-06-30,Premium,29998.41
3146,Lawrence Spears,sheenajohnson.3146@example.com,BW,2025-08-05,Standard,31413.40
3147,Nicholas Jenkins,yoderethan.3147@example.com,US,2022-04-22,Basic,36860.49
3148,Tami Moore,kevinbarron.3148@example.com,MV,2024-01-20,Premium,11825.25
3149,Deanna Stewart,cameron73.3149@example.com,TL,2023-03-23,Basic,10930.71
3150,Tiffany Adams,hgibson.3150@example.com,GR,2021-04-23,Premium,43429.04
3151,Cheryl Houston,cainjacob.3151@example.com,SC,2026-08-21,Standard,47171.73
3152,Cynthia Moore,jon83.3152@example.com,ZA,2025-12-21,Basic,7732.82
3153,Megan Hoover,roberthardy.3153@example.com,MH,2024-09-05,Premium,4352.66
3154,Melinda Gray,amygarrett.3154@example.com,LR,2021-05-04,Basic,28275.10
3155,Brandy Murphy,tammybowers.3155@example.com,FI,2022-07-22,Basic,38847.12
3156,Keith Gibson,nparker.3156@example.com,NA,2026-06-23,Standard,38093.97
3157,Mary Mcintyre,jessica03.3157@example.com,LR,2022-10-30,Premium,34871.27
3158,Leah Camacho,jonesgeorge.3158@example.com,ZW,2023-04-20,Standard,17147.21
3159,Brian Bailey,kshields.3159@example.com,GR,2023-09-04,Basic,15045.13
3160,Lindsey Brooks,martinezandrea.3160@example.com,MY,2026-08-26,Standard,38269.61
3161,Donna Schwartz,emilysmith.3161@example.com,DO,2022-03-05,Premium,475.75
3162,Laura Moreno,christensenmary.3162@example.com,IQ,2024-08-04,Premium,24238.91
3163,Kaitlyn Vang,uanderson.3163@example.com,AO,2022-05-11,Basic,37976.11
3164,Alexa Owen,myersbridget.3164@example.com,VC,2021-01-30,Premium,46011.45
3165,Jessica James,angelsmith.3165@example.com,GM,2023-10-27,Standard,40309.62
3166,Rachel Ferguson,rothdeborah.3166@example.com,IE,2026-04-29,Premium,7397.57
3167,Theodore Collins,barbaracastillo.3167@example.com,DK,2026-05-10,Premium,7718.45
3168,Jessica Nunez,ismith.3168@example.com,LB,2024-03-22,Standard,23777.70
3169,Maria Hoover,jenniferdrake.3169@example.com,UA,2023-01-24,Standard,19258.92
3170,Michael Ryan,crosbyclayton.3170@example.com,KP,2023-01-16,Basic,23925.31
3171,Sara Knight,frodriguez.3171@example.com,SM,2021-12-09,Premium,7812.24
3172,Randall Conway,tsparks.3172@example.com,GW,2025-11-16,Premium,35490.31
3173,Jacob Edwards,williamcastro.3173@example.com,CO,2025-05-20,Standard,26431.50
3174,James Willis,user@,RO,2025-10-29,Basic,15603.35
3175,Cristian Hammond,smithedgar.3175@example.com,CN,2020-06-04,Premium,40671.84
3176,Nicholas Lewis,andrewstewart.3176@example.com,BE,2024-08-25,Premium,27969.19
3177,Andrew Bailey,anthony76.3177@example.com,GD,2021-10-18,Basic,9053.95
3178,Brittany Huang,ysmith.3178@example.com,LK,2024-07-25,Basic,36678.49
3179,Daniel Baker,mathewsjoseph.3179@example.com,HN,2024-01-20,Basic,29882.47
3180,Anthony Mitchell,flowersrobert.3180@example.com,TN,2021-07-28,Standard,7341.84
3181,Ann Blackwell,alvaradokatelyn.3181@example.com,MY,2025-08-11,Premium,39776.03
3182,Tracy Boyd,uanderson.3182@example.com,GB,2025-09-20,Standard,31304.65
3183,Michael Garcia,vbrown.3183@example.com,BI,2021-07-23,Standard,39431.82
3184,Morgan Joseph,douglasjacob.3184@example.com,DZ,2024-04-22,Basic,3341.10
3185,Timothy Johnson,jeffersonmegan.3185@example.com,IT,2020-07-15,Standard,38043.60
3186,Andrew Chen,ashley73.3186@example.com,SC,2026-03-18,Basic,20459.53
3187,Lindsay Martinez,hgregory.3187@example.com,SZ,2023-10-05,Premium,18149.47
3188,Karen Levy,bethjackson.3188@example.com,GR,2024-04-01,Standard,45842.73
3189,Briana Knight,lauren13.3189@example.com,SB,2022-05-05,Premium,16957.22
3190,Alison Cook,psmith.3190@example.com,BE,2025-09-03,Premium,47884.84
3191,Lawrence Williams,awhitney.3191@example.com,BA,2023-12-22,Premium,48785.99
3192,Nathaniel Hoffman,kirkowens.3192@example.com,KN,2026-05-07,Basic,32843.73
3193,Kimberly Collier,lopezmichael.3193@example.com,RS,2020-09-06,Basic,27378.04
3194,Mary Hall,owright.3194@example.com,TW,2025-12-14,Standard,24437.63
3195,Gabriel Love,jason86.3195@example.com,GE,2023-07-06,Standard,19808.69
3196,Kevin Allen,melanieconner.3196@example.com,RS,2021-03-18,Premium,38904.88
3197,Tara White,sandra47.3197@example.com,KI,2020-12-10,Basic,29656.69
3198,Carolyn Krause,aaronturner.3198@example.com,NZ,2023-01-14,Standard,48064.82
3199,Kristin Curtis,floydtrevor.3199@example.com,TT,2021-02-21,Basic,12211.19
3200,Leah Douglas,ericburnett.3200@example.com,MV,2020-12-15,Premium,40417.89
3201,David Ramirez,jake92.3201@example.com,AF,2021-10-12,Basic,36429.23
3202,Richard Ford,kempchristian.3202@example.com,GT,2024-08-01,Basic,6268.94
3203,Nicole Lewis,rhonda11.3203@example.com,HT,2020-01-23,Standard,3828.07
3204,Frank Lindsey,averyjason.3204@example.com,SA,2025-02-05,Standard,11725.35
3205,Michael Hayes,rebeccagregory.3205@example.com,IQ,2024-05-22,Premium,46590.24
3206,Sharon Sexton,ymedina.3206@example.com,JM,2021-12-08,Standard,2928.48
3207,Douglas Kane,pcampbell.3207@example.com,MM,2023-02-09,Premium,35784.55
3208,Keith Miller,wallacejessica.3208@example.com,IN,2025-03-22,Premium,11801.76
3209,William Snyder,brendasingh.3209@example.com,BT,2023-06-04,Standard,27703.13
3210,Brandon Roth,xdavis.3210@example.com,GQ,2024-05-24,Standard,36015.54
3211,Brandy Howard,marcus79.3211@example.com,PK,2025-08-18,Basic,41129.86
3212,Rhonda Underwood,jasonyoung.3212@example.com,EG,2024-02-10,Basic,33836.27
3213,Caitlyn Baker,bprice.3213@example.com,MN,2022-03-29,Premium,10615.88
3214,Monica Lewis,toddgarcia.3214@example.com,PK,2025-09-17,Standard,3969.35
3215,Angela Tanner,mcintyrejessica.3215@example.com,NZ,2021-11-08,Basic,33327.44
3216,Stephanie Reyes,jordanstephanie.3216@example.com,SB,2023-02-10,Basic,14132.22
3217,Beverly Sellers,geraldheath.3217@example.com,SK,2023-03-18,Basic,21596.33
3218,Carla Kaufman,comptoncalvin.3218@example.com,MA,2023-06-04,Standard,23815.80
3219,Allen Owens,fbutler.3219@example.com,MW,2026-07-16,Basic,43132.35
3220,Brian Ramirez,danderson.3220@example.com,JM,2026-04-01,Premium,49852.52
3221,Ariel Nicholson,pmurray.3221@example.com,TN,2021-10-19,Standard,39880.84
3222,James Olsen,nhampton.3222@example.com,TG,2021-08-12,Basic,38307.91
3223,Bruce Jennings,johnsonanthony.3223@example.com,KH,2026-05-18,Standard,40899.68
3224,Linda Mcgrath,nbaker.3224@example.com,IN,2021-07-24,Premium,5218.72
3225,Elizabeth Hughes,martha71.3225@example.com,CG,2023-12-26,Basic,37114.59
3226,Diane White,martinezbryan.3226@example.com,BS,2020-03-29,Standard,10227.12
3227,Michelle Walker,changjustin.3227@example.com,BO,2021-06-20,Premium,9191.24
3228,Arthur Gonzalez,williamburns.3228@example.com,PG,2022-01-06,Standard,23732.03
3229,Sabrina Mcconnell,paulmolly.3229@example.com,DM,2024-08-13,Standard,45076.25
3230,Cesar Young,tbrandt.3230@example.com,IE,2024-04-22,Premium,177.25
3231,Sharon Flores,ewilcox.3231@example.com,CL,2022-03-09,Premium,17396.99
3232,Kimberly Castillo,yvonnefrancis.3232@example.com,MM,2021-09-02,Basic,38982.35
3233,Michael Gomez,zachary68.3233@example.com,AT,2023-03-19,Basic,37951.77
3234,Jim Mcdaniel,jeffreygiles.3234@example.com,GA,2021-08-05,Premium,29048.16
3235,Eric Schwartz,joseph84.3235@example.com,LB,2023-12-27,Standard,37782.86
3236,Steven Crawford,bblair.3236@example.com,IS,2021-12-26,Basic,27329.19
3237,Randall Duarte,millerjim.3237@example.com,KG,2021-08-28,Premium,3210.93
3238,Daniel Flores,simonwilliam.3238@example.com,BD,2024-09-15,Premium,32404.76
3239,William Hill,yrichards.3239@example.com,NR,2025-05-21,Basic,25209.28
3240,Albert Smith,yyoung.3240@example.com,BN,2025-07-09,Basic,39425.07
3241,Brittany Valdez,heather76.3241@example.com,ZM,2025-09-21,Basic,36992.95
3242,Erica Castaneda MD,medinaaaron.3242@example.com,YE,2025-06-07,Basic,25514.70
3243,Carl Randall,loganerik.3243@example.com,AE,2023-03-01,Standard,14395.01
3244,Raymond Clark,uaguirre.3244@example.com,GW,2021-12-28,Premium,32266.04
3245,Thomas Rodriguez,pacevedo.3245@example.com,GD,2021-08-10,Premium,28649.57
3246,Michael Pitts,elizabethphillips.3246@example.com,MT,2025-03-22,Standard,7957.39
3247,Dylan Martinez,jeremyanderson.3247@example.com,EG,2021-04-13,Standard,728.54
3248,Jackie Martin,sara83.3248@example.com,ZM,2020-04-14,Standard,17212.70
3249,Richard Jefferson,martintracey.3249@example.com,BB,2021-11-24,Premium,24700.63
3250,Ann Evans,jeff40.3250@example.com,EC,2020-12-25,Unknown,905.35
3251,Amy Clayton,thomashowell.3251@example.com,BJ,2023-03-21,Premium,15643.57
3252,Mary Mason,user@,HR,2022-08-19,Basic,44462.93
3253,Steven Gutierrez,vhubbard.3253@example.com,IS,2022-07-22,Standard,33498.37
3254,Barbara Thompson,blairjoshua.3254@example.com,PL,2021-11-11,Standard,22716.12
3255,Miss Brandy Boyd,allisonwebb.3255@example.com,KG,2020-06-21,Basic,45796.81
3256,Phillip Martin,alex80.3256@example.com,KI,2021-10-27,Standard,3343.49
3257,Madeline Smith,gwilson.3257@example.com,KG,2024-05-26,Premium,44096.99
3258,Tracy Sanchez,sweeneymichelle.3258@example.com,TG,2023-02-17,Basic,43160.80
3259,Randall Ramirez,mstein.3259@example.com,ZW,2025-05-07,Premium,16810.62
3260,Tyler Mann,mmoreno.3260@example.com,BN,2021-05-03,Premium,19797.62
3261,Alexa Cabrera,pstark.3261@example.com,GR,2023-09-07,Standard,23932.45
3262,Duane Smith,kathyshields.3262@example.com,MG,2023-12-10,Basic,6228.18
3263,Mario Lee,frodriguez.3263@example.com,ZM,2021-10-04,Premium,630.85
3264,Donald Jackson,alicia33.3264@example.com,CL,2023-05-25,Basic,26088.22
3265,Erica Anderson,riley08.3265@example.com,QA,2025-02-11,Standard,8407.65
3266,Jennifer Arroyo,caitlin28.3266@example.com,DZ,2025-06-22,Standard,44679.38
3267,Kenneth Riddle,briangonzalez.3267@example.com,ME,2021-12-02,Basic,14508.17
3268,Laura Fletcher,linda10.3268@example.com,KM,2022-02-09,Basic,13628.87
3269,Ms. Rita Flores,johnsonjackie.3269@example.com,NE,2020-06-27,Basic,13610.69
3270,Sherry Soto,timothy69.3270@example.com,AT,2024-07-29,Premium,7663.60
3271,Abigail Cunningham,egarrett.3271@example.com,FJ,2026-02-01,Basic,37930.09
3272,Anita Smith,deborah47.3272@example.com,GB,2023-06-21,Standard,49213.64
3273,Patricia Caldwell,flamb.3273@example.com,NI,2025-05-07,Basic,14968.67
3274,Audrey Mendoza,mmoore.3274@example.com,AL,2020-04-27,Premium,17144.72
3275,Casey Smith,dellison.3275@example.com,DM,2020-11-30,Standard,17445.32
3276,Deanna Leonard,tiffanyford.3276@example.com,TR,2024-03-23,Basic,3728.25
3277,Nathaniel Williams,coletodd.3277@example.com,ES,2024-11-10,Standard,5313.65
3278,Joanne Hancock,owhite.3278@example.com,CF,2020-10-25,Premium,31681.62
3279,Matthew Roberts,kaylawagner.3279@example.com,IS,2020-03-19,Basic,11493.03
3280,Kaitlyn Mitchell,grimesjerry.3280@example.com,CO,2023-11-20,Standard,23495.57
3281,Daniel Finley,jacksims.3281@example.com,RW,2021-04-14,Premium,4603.73
3282,Lydia Franklin,margaret29.3282@example.com,AL,2022-08-31,Standard,438.64
3283,Jacob Allen,twillis.3283@example.com,IQ,2020-10-10,Premium,14722.51
3284,Rebecca Garrison,randy47.3284@example.com,TO,2020-12-30,Standard,41200.89
3285,Abigail Nelson,vcampbell.3285@example.com,CD,2026-02-22,Basic,16735.63
3286,Teresa Reyes,cunninghamlaura.3286@example.com,VU,2020-08-17,Premium,8158.38
3287,Hector Gaines,whernandez.3287@example.com,IS,2025-01-02,Premium,36018.40
3288,Tracie Watson,wkelley.3288@example.com,OM,2022-03-20,Basic,27467.34
3289,Gina Cole,dawn96.3289@example.com,MG,2024-04-27,Premium,34888.43
3290,Jennifer Murray,alexandria28.3290@example.com,FJ,2022-11-15,Standard,41654.32
3291,Megan Hampton,salazarthomas.3291@example.com,GW,2020-03-07,Standard,27901.38
3292,Christopher Peterson,mblanchard.3292@example.com,EE,2025-08-16,Basic,40386.26
3293,Don Gutierrez,tony16.3293@example.com,PE,2023-02-18,Standard,6694.00
3294,John Brown,matthew26.3294@example.com,ML,2020-10-04,Basic,46367.91
3295,Nicole Williams,anthonyrowe.3295@example.com,NI,2023-01-23,Premium,18297.68
3296,Brian Robinson,osmith.3296@example.com,DK,2020-06-01,Standard,17510.35
3297,Victor Harrison,jeff34.3297@example.com,NP,2023-07-13,Premium,1654.59
3298,Victor Franklin,ejohnson.3298@example.com,TZ,2022-05-30,Basic,21249.46
3299,Amanda Ward,holly69.3299@example.com,SI,2020-03-30,Basic,23680.73
3300,Kevin Collins,jenningscarrie.3300@example.com,SC,2021-04-14,Basic,40321.88
3301,Kelly Golden,cummingslaura.3301@example.com,LU,2022-01-27,Basic,24356.98
3302,Thomas Austin,ymartin.3302@example.com,MW,2021-11-15,Premium,20598.93
3303,Chelsea Morrow,christophermoran.3303@example.com,VE,2024-08-16,Basic,42139.48
3304,Krista Lowery,fswanson.3304@example.com,MW,2024-04-09,Basic,11699.91
3305,Jason Mcfarland,earnold.3305@example.com,KP,2026-07-04,Premium,7162.78
3306,Timothy Salazar,williamsandrea.3306@example.com,KN,2025-11-26,Standard,9093.72
3307,Jason Miller,gregorymcmillan.3307@example.com,SE,2020-09-12,Basic,5275.18
3308,Dustin Murphy,paul24.3308@example.com,KG,2024-02-25,Basic,44905.44
3309,Brian Garcia,jennifer32.3309@example.com,KH,2022-10-09,Basic,29589.98
3310,Henry Peterson,zharvey.3310@example.com,AO,2021-10-10,Premium,29228.39
3311,Benjamin Parker,stephenwilliams.3311@example.com,IQ,2023-07-06,Standard,19544.53
3312,Natalie Reed,gsmith.3312@example.com,LB,2026-05-13,Standard,41942.65
3313,Kenneth Willis,rbryant.3313@example.com,BF,2020-12-19,Premium,25082.85
3314,Daniel Peterson,jeffreywhite.3314@example.com,CY,2022-09-19,Premium,32893.77
3315,Cody Mccarty,janicefisher.3315@example.com,LT,2020-11-24,Premium,29469.42
3316,Jermaine Adams,iwood.3316@example.com,TW,2022-01-14,Premium,48839.55
3317,Ronald Morgan,msilva.3317@example.com,PW,2021-09-24,Basic,33106.30
3318,Veronica Anderson,brittanyspears.3318@example.com,PE,2022-10-29,Standard,10379.62
3319,Renee Norris,vcopeland.3319@example.com,CH,2021-03-22,Basic,36698.72
3320,Marc Beck,mcmahonjennifer.3320@example.com,LU,2023-08-19,Premium,33180.54
3321,Karen Johnson,micheallynch.3321@example.com,VA,2024-07-02,Basic,23425.98
3322,Kelli Meyer,clarkcharles.3322@example.com,GE,2023-08-05,Premium,44197.38
3323,James Hernandez,kathy08.3323@example.com,DE,2026-01-19,Standard,36137.89
3324,Brittany Kent,wilcoxlaura.3324@example.com,TW,2025-03-10,Basic,12407.54
3325,Katherine Baker,abigail06.3325@example.com,BS,2022-01-22,Premium,45678.62
3326,Stephanie Hughes,vanessabarton.3326@example.com,CU,2025-07-06,Basic,45781.17
3327,James Miller,victoriajones.3327@example.com,BB,2022-11-05,Standard,27657.47
3328,Angela Rodriguez,geraldmyers.3328@example.com,JO,2025-10-23,Premium,41560.60
3329,Nicole Conner,donaldmartinez.3329@example.com,AT,2021-12-24,Basic,1251.08
3330,Kathleen Kramer,susanpham.3330@example.com,VC,2021-02-07,Premium,8115.92
3331,Angela Wright,jacksontonya.3331@example.com,NZ,2021-10-26,Standard,1368.82
3332,Michelle Curtis,moorehannah.3332@example.com,TZ,2023-08-16,Premium,9148.71
3333,Michelle Moreno,nrogers.3333@example.com,NO,2024-09-22,Premium,19132.86
3334,Stephanie Dodson,emily01.3334@example.com,CU,2025-12-31,Standard,25849.37
3335,Mark Harris,nsmith.3335@example.com,SI,2022-07-20,Standard,35459.70
3336,Dr. Sherri Mcbride,bcopeland.3336@example.com,AT,2023-02-15,Premium,11429.61
3337,Maria Hubbard,fernando39.3337@example.com,VU,2024-05-01,Premium,34182.62
3338,Mary Carter,vasquezamber.3338@example.com,ML,2022-10-29,Premium,32909.09
3339,Sandra Ramirez,nicholas91.3339@example.com,ID,2024-07-14,Premium,1551.58
3340,Luis Garrett,hfisher.3340@example.com,EG,2021-11-15,Premium,15254.71
3341,Kimberly Mueller,ashley46.3341@example.com,SV,2021-08-23,Basic,49572.32
3342,Karen Fleming,thomas63.3342@example.com,HU,2024-05-03,Basic,35545.51
3343,Anna Summers,nsandoval.3343@example.com,PL,2021-03-01,Standard,34492.07
3344,Ashley Clay,goodwindonna.3344@example.com,BW,2024-07-08,Premium,19885.94
3345,Ashley Bowen,pagejordan.3345@example.com,LA,2026-02-19,Premium,5730.94
3346,Rebecca Smith,patricia67.3346@example.com,MW,2024-12-28,Basic,9905.64
3347,Joseph Irwin,bryantmelissa.3347@example.com,BB,2020-08-11,Basic,8443.69
3348,Gary Weber,snguyen.3348@example.com,SR,2023-03-12,Standard,19661.46
3349,Lauren Bailey,singhnancy.3349@example.com,SA,2020-10-29,Standard,5676.80
3350,Brandi Dean,madeline51.3350@example.com,FR,2026-02-17,Premium,16768.93
3351,Pamela Weeks,annbanks.3351@example.com,BN,2021-12-23,Basic,43693.84
3352,Lauren Weber,vmullen.3352@example.com,ZM,2022-03-13,Basic,22979.46
3353,Jeremiah Ray,jillianrios.3353@example.com,MC,2025-09-21,Basic,43874.32
3354,Sherry Sanchez,whitneyjustin.3354@example.com,VU,2026-03-19,Premium,15817.49
3355,Alejandro Chavez,wardanthony.3355@example.com,RO,2020-11-06,Standard,23011.33
3356,Lauren Howard,ngray.3356@example.com,RO,2024-03-15,Basic,40350.18
3357,John Bowen,leah87.3357@example.com,NR,2022-09-12,Premium,18246.84
3358,Victoria Wheeler,josemoore.3358@example.com,FR,2024-06-05,Standard,30651.21
3359,Diane Thomas,randyho.3359@example.com,SN,2026-08-20,Premium,47336.57
3360,Cassandra Hernandez,ehowell.3360@example.com,BJ,2023-01-11,Standard,39462.29
3361,Jorge Stevens,michael15.3361@example.com,MD,2022-04-14,Premium,31315.50
3362,Donald Wilkinson,laurenmartin.3362@example.com,UG,2025-01-13,Basic,38772.88
3363,Tammy Mcpherson,tara40.3363@example.com,TD,2021-10-19,Standard,30022.01
3364,Ralph Williams,dean75.3364@example.com,MZ,2023-07-09,Standard,47855.15
3365,Jeffery Scott,elizabeth94.3365@example.com,CI,2020-03-12,Basic,37731.42
3366,Amanda Kemp,donnahamilton.3366@example.com,IE,2026-02-11,Standard,4010.43
3367,Larry Rodriguez,ogarner.3367@example.com,ST,2023-12-30,Standard,44647.83
3368,Cynthia Mcbride,orogers.3368@example.com,JM,2022-06-02,Basic,8006.63
3369,Matthew Cunningham,kellytaylor.3369@example.com,MR,2024-08-03,Premium,2059.79
3370,Stanley Mccann,yreynolds.3370@example.com,CI,2022-07-16,Standard,39075.10
3371,Elizabeth Howell,chapmandanielle.3371@example.com,PK,2023-03-06,Premium,15831.44
3372,Mrs. Audrey Smith MD,petersonmadeline.3372@example.com,LC,2024-10-25,Premium,28445.61
3373,Brian Williams,zhaynes.3373@example.com,KZ,2022-05-02,Basic,15442.39
3374,Amanda Duncan,zwall.3374@example.com,ID,2022-09-26,Premium,40082.55
3375,Marcus Neal,rick49.3375@example.com,NO,2023-04-24,Basic,3718.49
3376,Julie Compton,vbarrett.3376@example.com,LK,2026-02-24,Premium,48800.77
3377,Erica Ferguson,pattoncolleen.3377@example.com,IE,2020-03-26,Premium,28001.98
3378,Brian Stuart,clarkdeanna.3378@example.com,UA,2025-10-17,Premium,28655.49
3379,Nicole Terry,sarah69.3379@example.com,PH,2026-06-14,Basic,22012.38
3380,Debra Williams,larry44.3380@example.com,PY,2026-04-06,Premium,44363.81
3381,Jason White,fwhite.3381@example.com,CO,2020-03-19,Standard,9059.93
3382,Ashley Coleman,oharrington.3382@example.com,TH,2026-07-06,Standard,48432.27
3383,John Miller,cwright.3383@example.com,SE,2022-01-03,Standard,10779.32
3384,Kaitlyn Peters,xparker.3384@example.com,GA,2026-01-16,Basic,33057.36
3385,Joseph Santos,ymoore.3385@example.com,AZ,2023-06-23,Basic,4771.15
3386,Jamie Hines,thodge.3386@example.com,IQ,2024-07-25,Standard,19857.82
3387,Cody Padilla,tanyagould.3387@example.com,ME,2022-11-21,Basic,31902.36
3388,Abigail Carr,alexisramos.3388@example.com,TD,2024-05-10,Premium,10722.90
3389,Jason Miller,dthompson.3389@example.com,SB,2023-12-16,Basic,36046.08
3390,Lauren Williams,batesveronica.3390@example.com,AU,2025-07-30,Basic,38324.11
3391,Patrick Stafford,thomasjoseph.3391@example.com,CM,2020-02-10,Basic,23532.94
3392,Shane Mason,nwood.3392@example.com,PA,2026-02-08,Basic,22158.76
3393,Stuart Rodriguez,sarahthomas.3393@example.com,TJ,2024-02-17,Standard,40173.77
3394,Carolyn Jenkins,grace61.3394@example.com,BT,2025-10-15,Standard,33853.79
3395,Samantha Young,,NR,2021-02-03,Basic,3000.84
3396,Kyle Gutierrez,alyssaweeks.3396@example.com,VU,2020-11-19,Basic,15230.36
3397,Darius Vargas DDS,bennettthomas.3397@example.com,IS,2026-05-10,Basic,14472.31
3398,Jessica Moore,yguerrero.3398@example.com,MG,2026-08-10,Premium,21565.44
3399,Adrienne Jenkins,ksanders.3399@example.com,TL,2026-05-02,Basic,24356.47
3400,Shannon Thomas,kingjustin.3400@example.com,KH,2020-03-29,Premium,4617.18
3401,Brandi Miller,anthonyguzman.3401@example.com,BY,2021-10-15,Standard,36820.61
3402,Jacob Smith,laura65.3402@example.com,HT,2020-02-21,Premium,37161.22
3403,Daniel Smith,qandrews.3403@example.com,KH,2022-11-08,Basic,47908.76
3404,Cheryl Gonzalez,burchchelsea.3404@example.com,TH,2023-08-03,Standard,6184.95
3405,Anthony King,rmiller.3405@example.com,LI,2026-07-02,Standard,48943.38
3406,Hayden Griffin,pughellen.3406@example.com,SV,2020-08-12,Premium,40093.73
3407,Jeremy Perez,wilsonderrick.3407@example.com,GN,2024-06-05,Premium,8311.53
3408,Lindsay Green,lori30.3408@example.com,PS,2024-04-06,Basic,43829.45
3409,Timothy Bond,amygalvan.3409@example.com,SD,2020-03-10,Basic,41722.93
3410,Oscar Barnes,hsalinas.3410@example.com,KE,2024-02-06,Premium,47880.53
3411,William Jackson,petersonanthony.3411@example.com,BB,2024-12-15,Premium,13297.35
3412,Alan Conway,eric74.3412@example.com,SA,2024-11-13,Basic,32121.48
3413,Taylor Baird,anne22.3413@example.com,GQ,2020-07-12,Premium,21937.18
3414,Leah Lopez,,FM,2021-06-11,Premium,11025.91
3415,Grant Johnston,aroach.3415@example.com,DE,2025-10-23,Basic,12700.06
3416,Joseph Garcia,allisongutierrez.3416@example.com,AO,2022-02-11,Basic,23882.10
3417,Susan Ramirez,lori26.3417@example.com,IN,2025-12-26,Premium,174.03
3418,Amanda Silva,kathylong.3418@example.com,SN,2023-01-21,Premium,47790.31
3419,Jenna Moore,debrafrank.3419@example.com,CV,2021-01-13,Basic,8345.55
3420,Kayla Jenkins,alexander40.3420@example.com,KZ,2021-04-16,Premium,31396.48
3421,Melissa Foster,kwalker.3421@example.com,EC,2022-07-13,Standard,23125.99
3422,Louis Perez,daychelsey.3422@example.com,MU,2023-03-05,Premium,4227.04
3423,Ronald King,alexanderashley.3423@example.com,KG,2026-09-07,Basic,3734.06
3424,Peter Morris,williamsraymond.3424@example.com,SG,2024-08-12,Premium,26078.82
3425,Joyce Alvarez,russellsimmons.3425@example.com,DO,2020-07-21,Premium,17251.40
3426,David Walker,alexanderalvarez.3426@example.com,JM,2024-02-20,Basic,45812.35
3427,Erica Mccarthy,lmahoney.3427@example.com,RU,2020-11-10,Premium,11081.74
3428,Garrett Smith,charles09.3428@example.com,AR,2023-09-15,Standard,29861.63
3429,Tara Patrick,jeffsmith.3429@example.com,GW,2023-07-01,Standard,22758.66
3430,John Fisher,john84.3430@example.com,KI,2025-08-21,Basic,39794.63
3431,Michael Webb,rodriguezruth.3431@example.com,PY,2025-02-04,Premium,35878.69
3432,Jennifer Hartman,oconnorashley.3432@example.com,AD,2024-08-31,Basic,869.58
3433,Lisa Williams,laura25.3433@example.com,UA,2022-09-21,Standard,49485.04
3434,Paul Baker,dawngarcia.3434@example.com,EG,2020-08-09,Basic,12820.30
3435,Jason Clark,ccarson.3435@example.com,WS,2025-05-24,Premium,27085.86
3436,Nicholas Schultz,jamesewing.3436@example.com,TH,2021-12-11,Basic,28159.26
3437,William Ellis,kristina08.3437@example.com,BF,2025-03-23,Premium,2101.00
3438,Christopher Williams,matthew76.3438@example.com,NI,2020-08-25,Standard,31407.35
3439,Katrina Munoz,ldaniels.3439@example.com,KZ,2020-09-17,Premium,43077.72
3440,Thomas Riggs,megan94.3440@example.com,MG,2025-08-25,Basic,3886.64
3441,Dustin Hays,kaufmansamantha.3441@example.com,VE,2020-06-19,Basic,34908.68
3442,Danielle Edwards,yconner.3442@example.com,NO,2024-09-12,Standard,43408.83
3443,Connor Medina,mathisnicholas.3443@example.com,MZ,2024-12-26,Premium,14904.03
3444,Randy Brown,michelle24.3444@example.com,BD,2021-11-26,Standard,39548.35
3445,Andrew Roach MD,qgarrett.3445@example.com,BA,2021-05-22,Standard,23006.98
3446,Justin Taylor,riddletara.3446@example.com,LS,2024-05-21,Basic,16287.33
3447,Gregory Jensen,erikstone.3447@example.com,KP,2023-06-18,Premium,44406.33
3448,Heidi Gonzalez,maria23.3448@example.com,TV,2024-03-22,Standard,12913.72
3449,Todd Holder,curtispeter.3449@example.com,CG,2021-07-15,Premium,25478.07
3450,Lauren Lopez,cassie12.3450@example.com,VA,2026-02-28,Premium,43839.20
3451,Rebecca Castro,tuckershirley.3451@example.com,CA,2021-08-02,Basic,22634.46
3452,David Williams,hillscott.3452@example.com,US,2025-05-19,Premium,1788.48
3453,Jonathan Young,nicolebass.3453@example.com,SG,2024-08-11,Standard,564.44
3454,Edgar Nelson,leachmario.3454@example.com,PT,2025-11-06,Basic,22708.37
3455,Teresa Espinoza,yward.3455@example.com,CZ,2021-08-10,Basic,45488.95
3456,Linda Davis,lindseycrawford.3456@example.com,GM,2020-01-12,Basic,28308.09
3457,Karen Lane,jonathon88.3457@example.com,LI,2024-06-15,Basic,10541.28
3458,Norma Moreno,nancy48.3458@example.com,KE,2024-04-12,Basic,37605.79
3459,Craig Garza,edward95.3459@example.com,KP,2023-03-26,Basic,1449.22
3460,David Hernandez,shull.3460@example.com,CD,2022-03-09,Premium,42139.36
3461,Margaret Noble,kellerjason.3461@example.com,DO,2021-07-20,Basic,18447.41
3462,Melissa Glenn,alexis82.3462@example.com,IR,2021-05-02,Basic,7373.70
3463,Anna Serrano,owhitaker.3463@example.com,FI,2025-04-26,Basic,36205.79
3464,Jill Kennedy,douglas55.3464@example.com,LI,2022-04-01,Premium,22616.14
3465,Justin Hale,amora.3465@example.com,SK,2023-03-25,Basic,23915.67
3466,Thomas Frazier,ashaw.3466@example.com,BR,2021-03-31,Standard,7182.48
3467,Jamie Norris,dodsonjeremy.3467@example.com,IL,2024-06-27,Basic,48999.75
3468,Michael Chavez,pattersonrebecca.3468@example.com,MN,2025-08-29,Basic,29539.48
3469,Thomas Nunez,hcarter.3469@example.com,MV,2021-07-11,Standard,16992.71
3470,Michael Johnson,christine15.3470@example.com,HT,2025-04-12,Basic,10287.23
3471,Susan Burke,bmoore.3471@example.com,PT,2020-10-03,Premium,47666.98
3472,Howard Gonzales,brookevelasquez.3472@example.com,TT,2024-07-18,Premium,48843.95
3473,Linda Lara,kellynichols.3473@example.com,GQ,2022-09-01,Basic,44610.90
3474,Susan Clark,kimberly44.3474@example.com,SC,2020-07-18,Standard,28646.62
3475,Christian Johnson,shelbyreese.3475@example.com,IQ,2025-12-07,Basic,30332.92
3476,Scott Brown,maria79.3476@example.com,PE,2022-09-03,Standard,47841.83
3477,Holly Cantrell,hendersonrandall.3477@example.com,GR,2022-02-07,Standard,33520.05
3478,Ryan Hurley,justinroberts.3478@example.com,ZA,2020-03-30,Basic,46677.69
3479,Shannon Scott,hbryant.3479@example.com,SC,2023-04-19,Premium,39014.53
3480,Ashley Hart,shelby05.3480@example.com,NL,2024-05-01,Premium,28925.47
3481,Anthony Aguirre,jcunningham.3481@example.com,TL,2021-04-04,Basic,23065.63
3482,Ernest Thomas,jillsullivan.3482@example.com,MA,2025-02-27,Basic,42074.79
3483,Vanessa Navarro,kevin14.3483@example.com,LV,2022-04-23,Standard,41005.34
3484,Timothy Krueger,holmesamy.3484@example.com,AM,2025-02-20,Basic,3736.87
3485,Allison Smith,kjimenez.3485@example.com,ZA,2025-12-11,Basic,20837.80
3486,Shelley Knight,melanie02.3486@example.com,CV,2022-04-09,Basic,29467.72
3487,Charles Barker,fostermichael.3487@example.com,MM,2024-05-23,Premium,21810.52
3488,Thomas Harrington,adam40.3488@example.com,DJ,2021-10-09,Standard,19107.09
3489,Gary Barton,ericblake.3489@example.com,US,2024-07-05,Standard,33877.43
3490,David Hart,peckkathleen.3490@example.com,PS,2020-01-13,Standard,30745.15
3491,Rachel Mccarthy,anne39.3491@example.com,CH,2025-10-30,Premium,44698.45
3492,Roberto Wilson,matthew80.3492@example.com,CN,2024-05-19,Premium,32839.56
3493,Marie Jones,christinezhang.3493@example.com,KN,2024-03-01,Premium,20756.02
3494,John Cox,alexandriareynolds.3494@example.com,NL,2020-10-15,Premium,38931.32
3495,Shannon Roberts,kaitlynglover.3495@example.com,KM,2021-03-15,Basic,12729.61
3496,Tony Gallagher,amandanixon.3496@example.com,DK,2024-08-14,Premium,40258.26
3497,Dr. April Hanna,lyonsdana.3497@example.com,AL,2025-06-21,Standard,19683.57
3498,Margaret Black,clifford57.3498@example.com,MZ,2021-10-11,Basic,46170.72
3499,Richard Scott,yoderdeborah.3499@example.com,LC,2023-01-24,Standard,2242.35
3500,Sarah Bennett,matthewlucas.3500@example.com,AU,2022-11-20,Basic,6183.98
3501,Joshua Carr,rebecca18.3501@example.com,UA,2026-08-06,Premium,6073.76
3502,Mrs. Karen Allen,vfrench.3502@example.com,ZW,2024-11-14,Premium,37154.25
3503,Andres Boone,cruzangela.3503@example.com,UY,2020-09-03,Standard,33934.19
3504,Amy Hicks,johnsonronald.3504@example.com,NR,2022-06-24,Premium,28456.83
3505,Kerry Baker,yjones.3505@example.com,BB,2023-03-24,Basic,7999.69
3506,John Payne,michael16.3506@example.com,PT,2026-07-20,Standard,20455.38
3507,Jamie Marshall,dianecurtis.3507@example.com,FJ,2022-11-17,Premium,37890.09
3508,Janet Jackson,emathis.3508@example.com,IR,2021-04-17,Basic,44274.65
3509,Jacob Bryant,jamiebarry.3509@example.com,GA,2020-10-14,Basic,3495.67
3510,Shannon Turner,thomasgonzales.3510@example.com,OM,2022-12-24,Premium,47574.62
3511,Lisa Ibarra,williamspatrick.3511@example.com,JM,2023-03-29,Premium,6689.40
3512,Monica Jackson,ivillarreal.3512@example.com,KP,2023-11-18,Premium,24289.08
3513,Mark Booker,jennifer39.3513@example.com,AZ,2021-12-03,Basic,30342.27
3514,Vincent Ruiz,youngthomas.3514@example.com,BW,2022-04-22,Premium,26283.79
3515,Lauren Rowland,taylorcarrie.3515@example.com,GN,2024-06-11,Standard,39457.02
3516,Yolanda Foster,james95.3516@example.com,UG,2020-04-21,Premium,15846.93
3517,Samantha Kline,kyle65.3517@example.com,ZA,2022-02-07,Standard,8827.15
3518,Dr. Jessica Carter,gmarshall.3518@example.com,MX,2025-09-04,Premium,37311.11
3519,Danielle Richardson,kim19.3519@example.com,TM,2021-02-19,Premium,24989.22
3520,Kerry Gonzalez,thouse.3520@example.com,CM,2022-03-11,Premium,12714.06
3521,Andrea Copeland,paul14.3521@example.com,SM,2021-04-19,Premium,44132.71
3522,Randy Carson,joelferguson.3522@example.com,IR,2024-10-18,Standard,19501.07
3523,Rebecca Adams,devinvazquez.3523@example.com,ID,2025-10-06,Premium,27044.18
3524,Jerry Cummings,camposcynthia.3524@example.com,CO,2020-06-24,Premium,19280.91
3525,Jasmine Banks,jasonstanley.3525@example.com,PA,2024-01-15,Basic,8076.91
3526,Ryan Soto,xwhite.3526@example.com,BW,2023-03-05,Premium,19653.78
3527,Christopher Mays,callahanscott.3527@example.com,FJ,2022-11-14,Standard,32659.69
3528,Ashley Armstrong,keith71.3528@example.com,IS,2022-01-20,Premium,22666.72
3529,Jennifer Morgan,william24.3529@example.com,NR,2024-01-16,Premium,48541.67
3530,Anthony Elliott,pamelamoody.3530@example.com,CU,2024-01-25,Premium,8941.48
3531,Christopher Simon,phillipsjoshua.3531@example.com,AG,2022-02-19,Premium,43650.21
3532,Jason Ward,amber06.3532@example.com,TH,2020-04-02,Standard,2434.30
3533,Samuel Daniels,xaviergarrett.3533@example.com,KI,2023-07-01,Premium,1857.55
3534,Patrick Bishop,xjohnson.3534@example.com,MR,2020-10-15,Standard,13085.89
3535,Philip Cole,barrerapatricia.3535@example.com,BF,2023-08-22,Premium,45815.24
3536,Tyler Carter,denise49.3536@example.com,BR,2024-06-30,Standard,29699.81
3537,Derrick Williams,joy61.3537@example.com,AG,2020-09-04,Basic,34401.33
3538,Eric Mcclain,jessicafitzgerald.3538@example.com,KZ,2024-02-26,Standard,4682.00
3539,Thomas Strickland,brentanderson.3539@example.com,EC,2025-04-28,Premium,29205.89
3540,Adam Martin,roblespriscilla.3540@example.com,BY,2022-06-22,Standard,12137.12
3541,Julie Barnes,lindsayabbott.3541@example.com,ER,2025-01-15,Premium,29404.66
3542,Philip Nelson,tyler86.3542@example.com,CO,2023-12-11,Standard,18465.61
3543,Lindsay Salazar,devinwilliams.3543@example.com,BW,2025-07-29,Premium,10907.16
3544,Dawn Price,aortega.3544@example.com,MK,2026-04-07,Standard,41812.02
3545,Rachel Gilbert,bbishop.3545@example.com,BB,2025-09-03,Premium,47973.11
3546,Linda Jackson DDS,qedwards.3546@example.com,BN,2020-11-13,Basic,42159.86
3547,Morgan Fitzgerald,gbean.3547@example.com,RW,2021-07-10,Basic,33122.54
3548,Tasha Duncan,parkerjacob.3548@example.com,GE,2025-05-19,Premium,17728.39
3549,Christopher Perez,bryce92.3549@example.com,KG,2020-08-25,Premium,34560.21
3550,Brittany Carlson,bonnie66.3550@example.com,TD,2024-10-28,Standard,12285.02
3551,Susan Pace,colleen90.3551@example.com,BY,2025-03-19,Basic,39626.83
3552,Angela Warren MD,lburns.3552@example.com,LV,2026-04-11,Basic,47569.25
3553,Jon Carson,evanhiggins.3553@example.com,FJ,2022-09-02,Premium,15184.80
3554,Felicia Robertson,charles64.3554@example.com,AM,2020-03-02,Premium,31830.92
3555,Chelsea Stokes,jennifer02.3555@example.com,CM,2025-04-10,Standard,41909.70
3556,Paul Richards,burnettdavid.3556@example.com,BZ,2020-09-27,Standard,2734.36
3557,James Porter,owhite.3557@example.com,BZ,2025-08-02,Premium,3122.43
3558,Keith Patrick,jamesalvarez.3558@example.com,KP,2020-02-13,Standard,24247.34
3559,Stephanie Waller,james02.3559@example.com,SN,2021-04-18,Premium,5483.93
3560,Amber Dawson,sydneymarquez.3560@example.com,GE,2022-10-14,Premium,2054.76
3561,Kyle Williams,brucejohn.3561@example.com,DE,2023-04-20,Premium,12184.60
3562,Steve Garcia,williamsdylan.3562@example.com,LA,2023-06-23,Premium,19510.62
3563,Susan Holden,georgebrown.3563@example.com,CL,2023-03-01,Standard,3010.06
3564,Ronald Foster,tammyroman.3564@example.com,SM,2022-07-02,Standard,19467.36
3565,Sharon Fuller,marc35.3565@example.com,JO,2021-09-05,Basic,46852.29
3566,Susan Montoya,guzmanbrendan.3566@example.com,BG,2021-11-24,Basic,35740.64
3567,Randall Patterson,josephholden.3567@example.com,TW,2020-11-30,Standard,23447.54
3568,Shannon Golden,mendozajohn.3568@example.com,VU,2024-10-30,Standard,4618.00
3569,Angela Ramos,shawn30.3569@example.com,FJ,2023-01-11,Standard,6740.90
3570,Connie Huerta,clarkeandrea.3570@example.com,PT,2025-01-24,Premium,11357.53
3571,Brittany Haney,rnguyen.3571@example.com,RW,2022-06-03,Standard,43512.41
3572,Mrs. Vanessa Nelson,hardyrobert.3572@example.com,TJ,2024-12-15,Premium,36099.52
3573,Kent Stewart,tracy27.3573@example.com,PW,2020-09-24,Standard,39714.80
3574,Rodney Yang,xmartin.3574@example.com,ZA,2025-02-12,Standard,31538.68
3575,Cynthia Brown,alexanderkhan.3575@example.com,AD,2021-02-03,Standard,26357.55
3576,Michael Brown,stevensmelissa.3576@example.com,RU,2026-08-28,Basic,23322.89
3577,Victor Campbell,abigailmaldonado.3577@example.com,WS,2023-06-08,Basic,29365.97
3578,Martin York,bentleydarlene.3578@example.com,TW,2024-03-26,Basic,33945.65
3579,Jennifer Thomas,kathrynnguyen.3579@example.com,EG,2025-07-23,Basic,19269.10
3580,Sean Jones,danielramirez.3580@example.com,DM,2026-02-05,Premium,11595.72
3581,Jennifer Perez,donna92.3581@example.com,GH,2024-10-10,Basic,15510.73
3582,Ryan Cook,tiffanypeterson.3582@example.com,LB,2024-01-31,Premium,45345.34
3583,Cassandra Arnold,larryflowers.3583@example.com,FR,2025-12-30,Premium,16334.38
3584,Anthony Matthews,reneedavis.3584@example.com,PY,2023-12-09,Standard,29947.71
3585,Mary Curtis,asullivan.3585@example.com,CA,2025-03-05,Basic,19054.90
3586,Daniel Diaz,ehill.3586@example.com,GW,2023-10-15,Premium,44740.63
3587,Alexis Brown,,DE,2021-12-28,Premium,45017.26
3588,Chase Wallace,ycox.3588@example.com,NA,2021-03-15,Basic,36846.58
3589,Jacob Nguyen,kathryncannon.3589@example.com,UA,2024-11-07,Standard,4795.29
3590,Melissa Reed,celliott.3590@example.com,TL,2024-12-19,Basic,31409.60
3591,Matthew Flores,raymondjacob.3591@example.com,EG,2021-02-14,Premium,34436.50
3592,Jeanne Tucker,larry00.3592@example.com,SZ,2022-03-16,Basic,6820.66
3593,Tyler Patton,andrewhall.3593@example.com,EG,2022-09-22,Basic,6688.64
3594,Pam Smith,davisdavid.3594@example.com,AG,2025-05-10,Standard,49130.52
3595,Jacob Williams,waltonjennifer.3595@example.com,LA,2026-05-27,Premium,49161.48
3596,Carol Strong,thompsonbrandy.3596@example.com,ST,2020-08-28,Basic,20550.45
3597,Jennifer Robbins,bruce63.3597@example.com,DO,2025-04-26,Premium,40560.62
3598,Cody Marsh,kingjill.3598@example.com,ZA,2026-07-09,Standard,6042.96
3599,Jessica Hoffman,crystal99.3599@example.com,CD,2023-09-13,Standard,39405.03
3600,Robert Hudson,louis07.3600@example.com,CD,2024-07-24,Basic,12297.47
3601,Ryan Ray,david23.3601@example.com,KG,2026-03-11,Premium,5543.80
3602,Laurie Poole DDS,malikbeck.3602@example.com,HU,2022-07-28,Premium,28994.07
3603,Justin Johnson,nschmidt.3603@example.com,CV,2023-06-07,Premium,8914.45
3604,Deborah Edwards,melissamiddleton.3604@example.com,KN,2025-04-28,Standard,2479.66
3605,Shawn Torres,zrodriguez.3605@example.com,LT,2026-05-26,Premium,44720.51
3606,Jonathan Willis,ibrown.3606@example.com,TV,2026-01-29,Basic,30209.81
3607,Steven Cohen,cameron12.3607@example.com,CH,2025-12-01,Basic,18977.06
3608,Mark Perez,jamesmoore.3608@example.com,SI,2021-06-28,Standard,8566.71
3609,Kristy Carney,hallronald.3609@example.com,SZ,2024-01-24,Premium,44660.41
3610,Toni Sims,saundersjoseph.3610@example.com,LA,2025-12-29,Basic,44615.57
3611,Kristina Cohen,lacey97.3611@example.com,PH,2023-07-22,Basic,10744.91
3612,Michael Fernandez,krichard.3612@example.com,CD,2023-07-18,Standard,40220.67
3613,Marisa Werner,susanjackson.3613@example.com,AU,2023-09-27,Basic,20382.39
3614,Penny Murphy,alexanderlloyd.3614@example.com,CH,2025-02-09,Premium,19466.60
3615,Nicholas Williams,ashleycarol.3615@example.com,HT,2021-10-07,Standard,33201.37
3616,Benjamin Mercer,rosslindsay.3616@example.com,MZ,2022-08-05,Premium,30682.67
3617,Holly Ferguson,frankknight.3617@example.com,PT,2022-10-14,Standard,14769.00
3618,Richard Montoya,brian58.3618@example.com,KP,2026-08-07,Basic,6074.12
3619,Alyssa Huff,nbray.3619@example.com,GM,2026-05-31,Standard,40702.80
3620,Steven Lynch,mbaker.3620@example.com,MA,2021-01-03,Premium,32154.75
3621,Aaron Griffin,crystalwright.3621@example.com,AU,2024-05-13,Premium,23831.93
3622,James Davis,lisaorr.3622@example.com,BE,2024-04-24,Premium,31279.41
3623,Peggy Murphy,jacob17.3623@example.com,SC,2022-09-13,Premium,23272.55
3624,Debra Bridges,burkeamanda.3624@example.com,DJ,2020-08-15,Standard,37591.15
3625,Tina Johnson,leslie44.3625@example.com,VA,2022-08-18,Basic,14669.87
3626,Cynthia Walker,grahamrachel.3626@example.com,LR,2024-09-01,Premium,31479.96
3627,Bobby Crawford,qschneider.3627@example.com,GN,2020-07-23,Standard,7676.26
3628,Nathan Higgins,thompsonkelly.3628@example.com,CG,2021-02-01,Premium,40124.16
3629,Rhonda Rowland,louischen.3629@example.com,CO,2021-03-22,Basic,49695.55
3630,Cory Torres,smithregina.3630@example.com,IQ,2022-07-27,Premium,5992.20
3631,Melissa Freeman,roseevans.3631@example.com,UZ,2023-04-24,Basic,28563.06
3632,Jack Leblanc,amy81.3632@example.com,SR,2020-11-07,Basic,25641.37
3633,Jill Harrington,lamanita.3633@example.com,TM,2023-03-05,Basic,35343.55
3634,Brooke Pierce,langrebecca.3634@example.com,GT,2023-05-19,Standard,45882.79
3635,Jeffrey Lawson,gabriel12.3635@example.com,BA,2026-03-02,Premium,20293.20
3636,Christopher Cobb,amandacarrillo.3636@example.com,IR,2020-03-15,Standard,17939.08
3637,Anthony Long,rhondamooney.3637@example.com,FJ,2022-03-18,Standard,2930.72
3638,Donald Gutierrez,pearsonmaureen.3638@example.com,KW,2020-02-29,Standard,45489.30
3639,John Jenkins,,FI,2025-05-22,Premium,32397.85
3640,Lance White,gail66.3640@example.com,BA,2023-12-22,Premium,8958.65
3641,Margaret Garza,julie06.3641@example.com,MZ,2023-05-25,Premium,16372.04
3642,Jo Johnson,lozanoraymond.3642@example.com,NP,2024-05-15,Standard,263.41
3643,Jack Mcmahon,vthomas.3643@example.com,KP,2026-05-10,Basic,1247.01
3644,Daniel Hughes,carlwood.3644@example.com,BN,2026-08-22,Standard,38622.78
3645,Felicia Lewis,gonzalezdeborah.3645@example.com,PS,2023-07-03,Standard,18835.70
3646,Melissa Dalton,hmcdowell.3646@example.com,MX,2023-08-09,Standard,47869.02
3647,Rebecca Johnson,andrewwoods.3647@example.com,LY,2023-09-20,Premium,5548.34
3648,Shane Wood,garyallen.3648@example.com,MX,2020-04-06,Standard,39153.99
3649,John Mathis,creed.3649@example.com,BB,2026-08-06,Standard,6852.63
3650,Elizabeth Smith,robert93.3650@example.com,CA,2024-04-21,Premium,15904.46
3651,Craig Nelson,sean55.3651@example.com,CR,2024-02-02,Standard,18898.34
3652,Alan Sanders,cmarks.3652@example.com,NP,2024-01-02,Premium,5566.39
3653,Amy Lewis,yhernandez.3653@example.com,AD,2023-06-25,Premium,38201.15
3654,Jason Barker,vjones.3654@example.com,TH,2026-07-09,Standard,22492.52
3655,Maria Armstrong,mmorgan.3655@example.com,VU,2020-08-25,Premium,38206.44
3656,Vanessa Rodgers,bfowler.3656@example.com,ZW,2023-12-04,Basic,20060.53
3657,Kelly Nelson,jasmine24.3657@example.com,SC,2023-11-12,Premium,17989.49
3658,Christopher Allen,wfoster.3658@example.com,MY,2023-02-18,Basic,26725.53
3659,Amanda Harding,james24.3659@example.com,US,2025-11-05,Basic,17489.46
3660,Jeffrey Pearson MD,bstevens.3660@example.com,RU,2025-11-05,Basic,19250.59
3661,Susan Brown,hfisher.3661@example.com,LA,2021-11-29,Basic,8981.51
3662,Benjamin Riley,zvega.3662@example.com,AZ,2025-07-22,Standard,24248.70
3663,Timothy Sharp,kruegerkathryn.3663@example.com,ML,2024-06-25,Basic,25208.13
3664,Kara Garcia,ypratt.3664@example.com,MK,2024-05-08,Premium,42708.52
3665,Sarah Frank,rjones.3665@example.com,HN,2024-10-23,Standard,34461.91
3666,Teresa Garcia,linthomas.3666@example.com,ER,2024-03-26,Premium,42529.63
3667,Cassie Key,christopherbrown.3667@example.com,DK,2020-03-23,Premium,38507.90
3668,Mary Gonzales,psimpson.3668@example.com,CA,2020-06-14,Basic,21575.06
3669,Kelly Johnston,barnesmichele.3669@example.com,CH,2021-11-06,Standard,48743.87
3670,Martha Rogers,reedjoseph.3670@example.com,GY,2024-04-01,Basic,16197.78
3671,Mitchell Wise,qhernandez.3671@example.com,CN,2023-08-19,Premium,4219.30
3672,Adam Martinez,gonzalezluis.3672@example.com,JP,2026-01-03,Premium,25989.98
3673,Joshua Pace,gregory39.3673@example.com,MD,2026-02-13,Standard,17103.19
3674,Brandon Terrell,bowenlonnie.3674@example.com,CH,2022-05-24,Premium,16606.81
3675,Dylan Soto,cervanteskatherine.3675@example.com,SL,2025-03-28,Standard,20869.03
3676,Alyssa Coleman,zdonovan.3676@example.com,GE,2026-06-22,Premium,49030.41
3677,Timothy Arroyo,schmidtdaniel.3677@example.com,CN,2020-11-25,Basic,41427.34
3678,Alison Thomas,danielgaines.3678@example.com,BF,2022-08-01,Standard,45994.71
3679,Christopher Cameron,fgarcia.3679@example.com,MW,2022-10-28,Premium,7649.53
3680,Bryce Owens,luis28.3680@example.com,TV,2020-01-07,Premium,4914.91
3681,Heather King,kbartlett.3681@example.com,TZ,2023-05-08,Basic,15425.63
3682,Diana Davis,melissamunoz.3682@example.com,PS,2024-12-16,Premium,6253.14
3683,Justin Hurley,lgay.3683@example.com,DZ,2023-01-08,Standard,43539.90
3684,Michael Le,linda62.3684@example.com,CV,2024-08-12,Basic,23431.92
3685,Dustin Bishop,anitasummers.3685@example.com,LK,2022-12-28,Basic,3341.15
3686,Kimberly Reeves,hallhannah.3686@example.com,NP,2026-08-19,Standard,14784.10
3687,Stephanie Taylor,david66.3687@example.com,PL,2024-02-15,Premium,19884.42
3688,Amy French,kaylalowe.3688@example.com,KE,2022-12-10,Premium,35398.41
3689,John Mora,astanton.3689@example.com,GM,2026-06-05,Standard,33579.02
3690,Christina Ramos DDS,ncastillo.3690@example.com,UG,2021-02-13,Premium,14871.16
3691,Jessica Vincent,bensonmisty.3691@example.com,AF,2021-12-18,Basic,21869.67
3692,Paul White,rodriguezrichard.3692@example.com,PG,2022-08-09,Premium,31930.94
3693,Keith Caldwell,williammartin.3693@example.com,LC,2021-10-05,Basic,17188.66
3694,Ashley Kim,james10.3694@example.com,BD,2020-08-30,Premium,43768.17
3695,Nathan Perry,rwhite.3695@example.com,MZ,2020-11-29,Standard,40337.08
3696,Connie Olson,joshuaguzman.3696@example.com,KI,2021-07-10,Premium,27884.28
3697,Patricia Ward,uvaughn.3697@example.com,DJ,2021-10-21,Basic,3547.96
3698,Marcus Cooper,andrea88.3698@example.com,ME,2022-09-24,Basic,13604.66
3699,Andrew Johnson,clarksusan.3699@example.com,SR,2025-06-25,Basic,21864.37
3700,Stefanie Garrison,mark95.3700@example.com,AT,2022-03-18,Basic,25390.85
3701,William Perez,yolandatodd.3701@example.com,TZ,2020-01-23,Premium,26003.52
3702,Dawn Hampton,clarkkathleen.3702@example.com,VA,2026-04-03,Basic,28511.05
3703,Gary Moore,sarah11.3703@example.com,QA,2024-06-06,Basic,31680.28
3704,Kathleen Herman,scottadriana.3704@example.com,MX,2022-04-09,Basic,25995.28
3705,Laura Mcneil,tuckersheila.3705@example.com,BS,2020-03-19,Standard,41632.50
3706,James Foster,pricemonique.3706@example.com,PA,2020-04-11,Premium,34835.95
3707,Tracey Hoffman,llittle.3707@example.com,TO,2020-05-15,Standard,22139.57
3708,Bryan Brown,bwelch.3708@example.com,TH,2025-02-12,Standard,648.63
3709,Amy Hernandez,amber92.3709@example.com,CM,2021-05-16,Standard,46121.43
3710,Sarah Reid,cruzlarry.3710@example.com,SE,2024-12-20,Basic,20427.08
3711,William Johnson,arellanomichael.3711@example.com,JP,2026-01-04,Standard,29294.37
3712,Noah Smith,lgreen.3712@example.com,TG,2026-07-17,Basic,47218.57
3713,Mr. Alexander Klein,snowcarl.3713@example.com,LV,2021-10-01,Basic,33985.59
3714,Nancy Hart,richardweaver.3714@example.com,MN,2024-01-09,Standard,20650.39
3715,Lisa Doyle,ucampbell.3715@example.com,SN,2022-12-21,Premium,29620.17
3716,Lindsay Morgan,tina52.3716@example.com,TM,2026-03-20,Standard,48539.21
3717,Mr. Alan Frost Jr.,nadams.3717@example.com,TZ,2024-08-08,Premium,37369.48
3718,Robert Pugh,jessicakirk.3718@example.com,HU,2023-05-04,Premium,11380.62
3719,Tracy Carlson,ucombs.3719@example.com,CU,2020-09-08,Basic,42385.29
3720,Thomas Welch,williamvaughn.3720@example.com,KW,2025-03-27,Basic,35218.54
3721,Danielle White,william53.3721@example.com,LC,2021-05-27,Basic,49748.41
3722,Anthony Wiggins,emiller.3722@example.com,CR,2025-11-27,Premium,33124.03
3723,Renee Navarro,vhutchinson.3723@example.com,SG,2024-12-22,Premium,29771.36
3724,Nathan Thomas,ggomez.3724@example.com,MX,2023-04-14,Basic,15517.02
3725,Thomas Massey,doylevanessa.3725@example.com,ZA,2021-06-05,Standard,26202.13
3726,Joseph Sanchez,aaron24.3726@example.com,EC,2022-09-10,Premium,39337.94
3727,Katrina Williams,cochranshelia.3727@example.com,FR,2024-01-22,Basic,22138.66
3728,Brandy Nielsen,ana48.3728@example.com,BB,2021-01-09,Basic,22027.39
3729,Jesse Robertson,deborahparker.3729@example.com,MT,2022-10-26,Basic,6916.59
3730,Kenneth Larson,jhumphrey.3730@example.com,DE,2026-03-06,Basic,25310.18
3731,Christopher Andrews,evelyn76.3731@example.com,OM,2025-07-26,Standard,40834.21
3732,Sarah Johnson,usanchez.3732@example.com,AD,2022-03-31,Standard,1966.24
3733,Christopher Garcia,fosternicholas.3733@example.com,MU,2025-11-20,Premium,11111.42
3734,Mark White,smithdesiree.3734@example.com,PK,2024-06-25,Standard,24677.67
3735,Jason Mitchell PhD,katelynstone.3735@example.com,SL,2020-11-22,Basic,45659.48
3736,Christopher Steele,tommylewis.3736@example.com,DO,2024-08-11,Basic,30229.26
3737,Daniel Knight,paulnelson.3737@example.com,DM,2025-07-24,Premium,4761.19
3738,Kathleen Bell,jonathangallegos.3738@example.com,BD,2021-10-14,Premium,44494.04
3739,Danielle Riddle,troberts.3739@example.com,LT,2023-05-08,Standard,34114.69
3740,Tammy Jones,wcarlson.3740@example.com,MY,2025-10-13,Premium,9273.69
3741,Jacqueline Garcia,gaguilar.3741@example.com,KE,2024-06-27,Premium,14571.85
3742,Zachary Mclean,dparker.3742@example.com,AR,2026-03-04,Premium,37919.50
3743,Anna Orr,zlarson.3743@example.com,EE,2025-08-06,Basic,3180.31
3744,Adam Knight,johnsonlauren.3744@example.com,US,2022-10-24,Standard,19816.16
3745,Kathy Walters,emily54.3745@example.com,MV,2020-02-10,Premium,20601.55
3746,Mr. Leslie Le,westchristopher.3746@example.com,SD,2024-07-30,Premium,3740.14
3747,Robert Miller,davisdylan.3747@example.com,OM,2020-04-11,Premium,35956.75
3748,Steven Day,danielsummers.3748@example.com,AD,2024-08-09,Standard,38628.89
3749,Elizabeth Wells,tiffany40.3749@example.com,MT,2026-02-08,Standard,34491.38
3750,Nicolas Jones,parkerlisa.3750@example.com,UY,2026-09-15,Basic,24871.55
3751,Douglas Logan,devin23.3751@example.com,TD,2026-07-05,Basic,29903.15
3752,Erik Hill,fward.3752@example.com,KI,2023-10-20,Standard,24953.31
3753,Lisa Daniel,waltersjoseph.3753@example.com,SZ,2020-12-04,Standard,22799.81
3754,Jennifer Ford,smoore.3754@example.com,CU,2024-03-06,Standard,2864.02
3755,Diana Berg,mjoseph.3755@example.com,MZ,2024-08-04,Standard,11909.86
3756,Brenda Allen,reynoldsjeff.3756@example.com,CN,2020-07-12,Standard,43877.26
3757,Molly Morris,szimmerman.3757@example.com,KG,2023-08-09,Standard,44796.39
3758,Danielle Cummings,wadeamber.3758@example.com,SA,2023-09-28,Premium,46963.96
3759,Lisa Moore,smitheric.3759@example.com,GW,2023-01-28,Standard,44168.13
3760,Bruce James,vmontgomery.3760@example.com,YE,2020-04-09,Basic,24310.13
3761,Amy Jones,stephanieward.3761@example.com,FJ,2021-08-06,Basic,35077.92
3762,Mrs. Jennifer Banks,whiteheadmark.3762@example.com,DJ,2020-10-11,Standard,33085.50
3763,Tamara Lewis,andrewproctor.3763@example.com,BI,2022-10-16,Premium,39198.23
3764,Joshua Hebert,lmorales.3764@example.com,NP,2020-07-27,Standard,43951.72
3765,Amanda Adams,flemingmartha.3765@example.com,LR,2021-05-04,Standard,36052.55
3766,April Peterson,rshah.3766@example.com,MN,2020-02-28,Standard,44009.34
3767,Sonya Moreno,codyserrano.3767@example.com,CU,2022-01-10,Premium,24359.76
3768,Brenda Robertson,andrewmitchell.3768@example.com,BB,2022-11-04,Standard,13851.54
3769,Brooke Valdez,johnsonjames.3769@example.com,MA,2023-12-18,Basic,9334.55
3770,William Smith,lewisdonald.3770@example.com,CO,2021-10-16,Basic,21408.03
3771,Stacy Sweeney,dhernandez.3771@example.com,LB,2020-10-03,Standard,43028.77
3772,Lauren Rodriguez,anne90.3772@example.com,KM,2025-01-19,Standard,27732.63
3773,Melanie Martin,ojones.3773@example.com,UG,2024-06-03,Premium,5633.65
3774,Kimberly Keller,susanoliver.3774@example.com,BW,2020-09-22,Basic,17687.35
3775,Michael Francis,woodandre.3775@example.com,ME,2024-03-17,Standard,31991.77
3776,Lauren Smith,aaron40.3776@example.com,NI,2020-05-28,Premium,6142.73
3777,Abigail Williams,wilkinsdawn.3777@example.com,DE,2023-10-13,Standard,40563.29
3778,Michael Griffin,julie60.3778@example.com,ID,2021-06-07,Standard,18320.09
3779,Yvonne Thomas,mcgrathmegan.3779@example.com,UA,2020-03-28,Standard,6856.40
3780,Christopher Harmon,aguilarjeffery.3780@example.com,KE,2024-07-07,Standard,4704.49
3781,Timothy Lucas,nsanchez.3781@example.com,BE,2023-12-12,Standard,16561.66
3782,Michelle Brown,fitzpatricktracy.3782@example.com,KP,2021-08-25,Premium,41552.89
3783,Rebecca Nichols,ronnie91.3783@example.com,KZ,2025-08-19,Premium,22382.16
3784,Samantha Andrews,hallkimberly.3784@example.com,LY,2021-01-04,Premium,36072.49
3785,Ashley Walker,wclark.3785@example.com,LK,2025-09-19,Standard,15805.56
3786,Sarah Kirk,juliediaz.3786@example.com,KG,2022-03-22,Standard,24631.31
3787,Timothy Harrell,nenglish.3787@example.com,CH,2021-06-26,Standard,16956.76
3788,Brandon Bradley,kimberly14.3788@example.com,AL,2021-10-31,Standard,2686.74
3789,Jennifer Mann,stacy23.3789@example.com,BB,2023-10-09,Premium,31802.19
3790,Michael Matthews,seanpatel.3790@example.com,NI,2020-09-04,Premium,14808.87
3791,Douglas Patton,ryandaniels.3791@example.com,CA,2025-03-14,Premium,21540.82
3792,Charles Glass,elizabeth63.3792@example.com,RU,2022-03-19,Standard,23831.96
3793,Heather Ryan,brandon48.3793@example.com,IS,2024-05-02,Premium,45677.87
3794,William Harrison,user@example,LS,2020-03-29,Basic,23379.41
3795,Melissa Tucker,mmitchell.3795@example.com,BZ,2024-09-25,Basic,28158.96
3796,Lisa Snow,emann.3796@example.com,PE,2024-08-17,Basic,25064.24
3797,Ryan Walsh,zwilliams.3797@example.com,TO,2020-09-09,Basic,38221.05
3798,John Garcia,angelicaewing.3798@example.com,EG,2021-03-31,Basic,23559.70
3799,Jon Combs,tsimon.3799@example.com,ZA,2023-07-19,Basic,31140.36
3800,Abigail Murphy,hayley74.3800@example.com,LB,2020-06-08,Basic,29053.10
3801,Angela Edwards,roymoreno.3801@example.com,LV,2020-01-07,Standard,3519.09
3802,Isaac Long,grahamlisa.3802@example.com,ET,2025-04-13,Premium,11097.87
3803,Kimberly Vance,wlynch.3803@example.com,LK,2021-06-23,Premium,25058.28
3804,Craig Lyons,taramorris.3804@example.com,GB,2025-12-20,Standard,8632.64
3805,Katie Lopez,cathy74.3805@example.com,BI,2021-09-17,Premium,6169.73
3806,Megan Carlson,andrew42.3806@example.com,LU,2023-01-15,Basic,13984.60
3807,Christopher Grimes,portermichelle.3807@example.com,VC,2022-01-12,Standard,43305.10
3808,Stephen Miller,barry67.3808@example.com,BY,2020-10-05,Premium,22936.03
3809,Daniel Smith,not-an-email,BO,2020-10-03,Basic,4761.64
3810,Robert Herring,jennifer34.3810@example.com,ZW,2023-04-11,Standard,1088.02
3811,Shelley Vazquez,eric52.3811@example.com,BR,2020-04-16,Premium,19767.71
3812,Lisa Page,jeremysimmons.3812@example.com,NE,2024-05-20,Basic,22164.09
3813,Casey Stewart,uford.3813@example.com,JO,2020-02-09,Standard,743.16
3814,Lindsey Rhodes,kingrobert.3814@example.com,CR,2020-11-03,Basic,13911.92
3815,Emily Le,osbornmia.3815@example.com,CH,2021-04-04,Premium,28689.75
3816,Edward Barber,martinsusan.3816@example.com,KR,2024-01-07,Standard,45155.73
3817,Julie Lawrence,hbryant.3817@example.com,IS,2023-12-01,Premium,48051.72
3818,David Thompson,sharonevans.3818@example.com,DM,2020-05-25,Basic,45110.57
3819,Christopher Kerr,allisonthomas.3819@example.com,KN,2026-08-11,Basic,39176.29
3820,Ricardo Hill,parsonseric.3820@example.com,MM,2023-04-26,Premium,35342.34
3821,Brent Lee,xbutler.3821@example.com,SZ,2025-07-28,Basic,37666.46
3822,Thomas Jacobs,svalencia.3822@example.com,RS,2022-04-20,Premium,9703.24
3823,Benjamin Walsh,brianna75.3823@example.com,MA,2021-01-11,Standard,34565.79
3824,Renee Gomez,duncanjohn.3824@example.com,ST,2024-08-14,Premium,49319.51
3825,Maria Todd,xcole.3825@example.com,SO,2022-09-16,Standard,14622.03
3826,Clayton Massey,rowejuan.3826@example.com,EE,2021-06-01,Premium,43061.01
3827,Jordan Silva,mosesjames.3827@example.com,BD,2022-04-29,Basic,42428.04
3828,Kristie Anderson,bdiaz.3828@example.com,JP,2023-10-30,Premium,17707.04
3829,Jennifer Mclaughlin,walkerjulie.3829@example.com,TT,2020-09-26,Basic,37306.13
3830,Kathleen Kramer,vmedina.3830@example.com,IS,2020-02-13,Premium,43794.52
3831,Justin Edwards,hsmith.3831@example.com,ID,2024-02-14,Standard,17742.38
3832,Gary Liu,christophertaylor.3832@example.com,BG,2023-03-13,Premium,43066.75
3833,Shari Brooks,elittle.3833@example.com,MY,2021-02-12,Premium,3456.13
3834,Stacey Wright,francomichelle.3834@example.com,CU,2021-03-15,Basic,46539.26
3835,Mark Williams,laura35.3835@example.com,NZ,2022-05-05,Basic,23575.99
3836,Melissa Williams,wadetoni.3836@example.com,VA,2020-10-10,Standard,38290.28
3837,William White,cmason.3837@example.com,SK,2020-01-27,Basic,39666.08
3838,Robert Scott,jose95.3838@example.com,TO,2021-05-13,Basic,29028.95
3839,David Kramer,maciaspatrick.3839@example.com,VU,2022-10-18,Premium,20613.25
3840,Ronald Jones,fhouston.3840@example.com,GQ,2022-04-02,Standard,28614.14
3841,Kenneth Adams,gbradley.3841@example.com,AR,2026-03-22,Premium,46624.40
3842,Christina Valencia,icervantes.3842@example.com,NL,2020-01-19,Premium,34149.09
3843,Wesley Burns,john54.3843@example.com,KE,2024-06-27,Premium,45861.53
3844,Linda Wilson,johnmccall.3844@example.com,PY,2023-06-11,Standard,27778.02
3845,Amanda West,brandondavis.3845@example.com,CL,2025-01-21,Standard,37595.97
3846,Craig Velazquez,anna86.3846@example.com,MV,2021-11-14,Premium,47866.20
3847,Bradley Palmer,angelagutierrez.3847@example.com,AU,2026-04-14,Standard,40972.11
3848,Amy Tucker,ortegaamber.3848@example.com,KM,2025-04-27,Standard,49077.63
3849,Olivia Ward,tammywoods.3849@example.com,DZ,2020-04-02,Standard,21636.92
3850,Leslie Bradford,cannonkirsten.3850@example.com,BJ,2026-04-04,Basic,48117.58
3851,Ann Fowler,nancyfisher.3851@example.com,ZM,2020-06-13,Standard,21529.56
3852,Joshua Clark,carolcaldwell.3852@example.com,SI,2025-09-21,Standard,34656.87
3853,Andrew Haley,nicholas17.3853@example.com,MY,2023-08-15,Basic,29055.53
3854,David Jacobs,dthomas.3854@example.com,FR,2024-11-03,Standard,12615.47
3855,Jennifer Jones,jaimeturner.3855@example.com,CA,2022-07-13,Standard,49785.85
3856,James Marquez,kentchris.3856@example.com,IS,2024-10-20,Premium,27700.29
3857,Stephen Cook,adampeters.3857@example.com,GE,2021-09-04,Basic,49230.96
3858,Shirley Johnson,charles40.3858@example.com,IL,2023-12-26,Standard,31187.81
3859,Elijah Robbins,robyn97.3859@example.com,KP,2020-11-05,Premium,43458.72
3860,Margaret Johnson MD,sparker.3860@example.com,CI,2023-03-12,Premium,16728.57
3861,Adrian Hernandez,amanda49.3861@example.com,NZ,2022-05-11,Basic,37137.93
3862,Susan Hall,ramosanthony.3862@example.com,LY,2020-12-20,Basic,16592.62
3863,William Hampton,craigdavid.3863@example.com,SE,2025-01-17,Standard,15793.34
3864,Adam Lopez,nelliott.3864@example.com,TR,2023-05-14,Premium,36950.89
3865,Candace Wilson,imaldonado.3865@example.com,HN,2023-04-20,Premium,49894.68
3866,Christina Smith,gthompson.3866@example.com,CI,2023-11-22,Basic,24878.92
3867,Karen Gonzalez,olivia61.3867@example.com,SK,2020-10-08,Standard,11023.55
3868,Sarah Jones DVM,billy50.3868@example.com,KE,2020-08-22,Premium,48790.27
3869,Alicia Chang,mpierce.3869@example.com,NP,2023-06-15,Standard,29328.47
3870,Richard Brown,diane72.3870@example.com,CL,2020-01-18,Standard,22410.78
3871,Scott Garcia,cole62.3871@example.com,EG,2020-05-17,Premium,48081.48
3872,Steven Morgan,roweerik.3872@example.com,NP,2026-05-05,Basic,13738.93
3873,Jade Myers,moralespaul.3873@example.com,KI,2022-04-27,Basic,15054.62
3874,Brandon Sims MD,sancheztammy.3874@example.com,ZA,2024-12-17,Standard,34627.50
3875,Brittany Crane,rwarner.3875@example.com,ZW,2022-01-07,Standard,33831.95
3876,Bobby Patterson,rachelpratt.3876@example.com,LU,2023-02-25,Standard,36058.57
3877,Tony Henry,davidchoi.3877@example.com,GR,2026-05-25,Premium,44187.06
3878,Michelle Coffey,goodwinpeter.3878@example.com,DE,2025-02-02,Standard,25418.98
3879,Daisy Liu,johnsimpson.3879@example.com,IT,2022-07-25,Premium,16561.47
3880,Aimee Edwards,lisa13.3880@example.com,DE,2022-10-29,Basic,34412.24
3881,Lisa Klein,hillmark.3881@example.com,AD,2020-02-21,Basic,41436.01
3882,Sheri Cruz,jamescole.3882@example.com,ME,2024-05-11,Premium,29367.03
3883,Sydney Smith,esanchez.3883@example.com,KN,2020-12-30,Standard,23633.59
3884,Peter Patton,not-an-email,KG,2024-09-21,Basic,34620.98
3885,Sheena Turner,harriscynthia.3885@example.com,GQ,2025-01-03,Premium,35792.94
3886,Sandy Fuller DVM,jean77.3886@example.com,BW,2021-02-16,Basic,14993.74
3887,Megan Lozano,kduarte.3887@example.com,KG,2024-05-09,Basic,26870.79
3888,Sabrina Lester,powelltimothy.3888@example.com,DJ,2021-07-07,Premium,2345.68
3889,Mallory Scott,tayloramanda.3889@example.com,BB,2020-01-13,Premium,46306.83
3890,Mark Miller,stephanie31.3890@example.com,KG,2020-03-12,Basic,47830.32
3891,Megan Robinson,kaylaolson.3891@example.com,NL,2021-09-10,Premium,30896.46
3892,Katie Wolfe,sspencer.3892@example.com,HU,2023-05-25,Basic,34502.74
3893,Wendy Peterson,brownjulie.3893@example.com,RS,2021-10-01,Basic,40743.39
3894,Samuel Hart,williamsjudith.3894@example.com,ES,2022-02-14,Premium,22082.47
3895,Dominique Valdez,nicole56.3895@example.com,SL,2026-08-04,Standard,25947.42
3896,Jennifer Johnson,pjones.3896@example.com,KE,2025-11-04,Premium,17202.36
3897,Matthew Berry,stacey59.3897@example.com,TZ,2020-10-10,Standard,20952.72
3898,Steven Roberts,floydjohn.3898@example.com,JO,2025-04-19,Basic,6845.08
3899,Hannah Davis,astewart.3899@example.com,CH,2023-02-25,Basic,39279.13
3900,Stephen Olson,matthew06.3900@example.com,KH,2025-06-29,Standard,45247.09
3901,Christina Myers,james93.3901@example.com,MH,2022-05-04,Premium,44943.06
3902,Kathy Garcia DDS,whiterebecca.3902@example.com,CH,2023-08-02,Standard,11671.85
3903,Jodi Marks,christinaflynn.3903@example.com,CU,2021-09-25,Standard,25122.26
3904,Stephen Nielsen,ipeters.3904@example.com,MC,2023-12-28,Basic,30749.08
3905,Lisa Evans,lbarber.3905@example.com,LU,2021-03-18,Standard,3650.75
3906,Charles Carter,jasmine20.3906@example.com,BR,2025-08-31,Basic,42193.32
3907,Brian Lara,johnholland.3907@example.com,LI,2024-09-12,Basic,31582.68
3908,Kelsey Anderson,jacquelinewhite.3908@example.com,ID,2024-12-20,Basic,13442.97
3909,Hector Ramirez,brittanylowery.3909@example.com,HN,2023-05-21,Standard,45329.84
3910,Andrew Rodriguez,odonnellmolly.3910@example.com,TG,2025-01-06,Premium,4874.20
3911,Christopher Morris,timothysimpson.3911@example.com,CF,2023-02-09,Basic,36612.33
3912,Joanna Martin,ronald39.3912@example.com,SA,2026-02-11,Premium,40091.47
3913,Christina Choi,,SC,2022-09-23,Basic,28755.86
3914,Gina Benton,pamelawalker.3914@example.com,CZ,2023-10-13,Standard,11957.09
3915,James Cruz,deborahjuarez.3915@example.com,NG,2023-01-21,Basic,20584.35
3916,Elizabeth Hunt,howardvargas.3916@example.com,IQ,2020-04-13,Premium,17600.65
3917,Kelly Brown,collinstammy.3917@example.com,SE,2021-11-11,Basic,49576.37
3918,Jennifer Jackson,mbradley.3918@example.com,QA,2025-06-03,Standard,7886.50
3919,Troy Smith,apetty.3919@example.com,CF,2022-05-20,Standard,16954.52
3920,Evelyn Smith,taylortyler.3920@example.com,SC,2025-10-24,Premium,13543.30
3921,Ashley Glass,rodney00.3921@example.com,GH,2024-01-26,Standard,13573.05
3922,Rachel Owens,zacharyrowe.3922@example.com,OM,2025-08-19,Standard,7463.84
3923,Carla Johnson,deannawolf.3923@example.com,BD,2022-10-01,Premium,13648.29
3924,Cindy Horton,mbowers.3924@example.com,SR,2025-01-07,Standard,8824.16
3925,Sarah Wilson,zclark.3925@example.com,MC,2020-12-16,Standard,12403.63
3926,Mary Alvarez,riverakeith.3926@example.com,BY,2022-10-25,Basic,41992.05
3927,Melanie Griffith,taylorsamuel.3927@example.com,ML,2026-02-14,Standard,31859.59
3928,Madison Davis,juliastephens.3928@example.com,BI,2022-04-14,Standard,8033.84
3929,Ryan Sullivan,lwatkins.3929@example.com,NL,2026-04-20,Basic,22436.00
3930,David Young,daniel56.3930@example.com,SR,2021-07-01,Basic,23934.39
3931,John Snyder,christopher17.3931@example.com,KP,2020-12-01,Standard,34818.82
3932,Emily Erickson,charles77.3932@example.com,CD,2025-03-30,Standard,3707.08
3933,Harold Martin,pricekevin.3933@example.com,PA,2021-12-09,Standard,21979.51
3934,Nancy Rodriguez,uwilliams.3934@example.com,MH,2026-02-19,Premium,48929.87
3935,David Ward,elizabethhogan.3935@example.com,VC,2020-04-19,Premium,47242.14
3936,Loretta Moore,max93.3936@example.com,SO,2023-04-02,Standard,17571.04
3937,James Oneill,ahaynes.3937@example.com,PW,2020-06-02,Basic,34245.35
3938,James Richards,jhopkins.3938@example.com,FM,2024-05-29,Premium,8808.33
3939,Shelley Guzman,egoodwin.3939@example.com,MM,2021-02-02,Standard,28939.48
3940,Sabrina Payne,xblack.3940@example.com,PG,2023-06-17,Premium,27226.09
3941,Tonya Santos,nhuber.3941@example.com,TN,2020-02-05,Standard,45564.29
3942,Anthony Page,jeffrey30.3942@example.com,ES,2020-06-05,Basic,24395.30
3943,Heather Aguirre,qzamora.3943@example.com,NG,2022-11-09,Standard,32119.74
3944,Charles Patel,jessicamyers.3944@example.com,MA,2023-03-20,Standard,5870.89
3945,Pamela Kaiser,jstewart.3945@example.com,LA,2023-06-04,Premium,9605.98
3946,Maria Hudson,phillipgutierrez.3946@example.com,MN,2024-01-22,Basic,37317.08
3947,Marcus Bass,dawn02.3947@example.com,IN,2026-08-24,Basic,2929.58
3948,Mark Burns,brettharrison.3948@example.com,ID,2021-03-12,Basic,44288.24
3949,Timothy Foster,tammywheeler.3949@example.com,MR,2022-02-24,Premium,30562.39
3950,Michael Lowe,shanehenson.3950@example.com,DJ,2020-05-22,Standard,18597.67
3951,Carrie Barrett,amysalinas.3951@example.com,IE,2025-12-27,Standard,11764.37
3952,Donna Key,halltricia.3952@example.com,KH,2025-12-17,Standard,4519.86
3953,Mrs. Stephanie Moody MD,yucrystal.3953@example.com,CL,2026-04-25,Standard,27234.95
3954,Amanda Davis,millsleslie.3954@example.com,IL,2020-05-27,Basic,4393.42
3955,Shannon Hernandez,gardnerjaime.3955@example.com,SG,2026-04-02,Premium,35133.04
3956,John Gallagher,samuel30.3956@example.com,PT,2022-01-14,Standard,28964.90
3957,Tracy Williamson,dspencer.3957@example.com,FI,2021-09-05,Premium,45894.85
3958,Ernest Carey,kimberly87.3958@example.com,DO,2020-12-23,Premium,8383.04
3959,Arthur Williams,jonathan34.3959@example.com,TJ,2025-09-06,Standard,27089.14
3960,James Bell,eperez.3960@example.com,KE,2024-04-19,Basic,26853.85
3961,April Harris,jacob81.3961@example.com,TH,2022-02-03,Standard,24831.27
3962,Casey Gutierrez,pfarmer.3962@example.com,SL,2022-12-26,Basic,10685.36
3963,Nicole Ross,toddbrewer.3963@example.com,KH,2022-04-30,Premium,26893.26
3964,Matthew Lopez,laurabrown.3964@example.com,MR,2023-12-12,Premium,44547.12
3965,Christina Miller,zmaynard.3965@example.com,FM,2020-03-20,Basic,27967.14
3966,Jennifer Brewer,angela17.3966@example.com,HT,2022-04-09,Basic,28745.31
3967,Cassandra Kelley,davidbooker.3967@example.com,SE,2020-04-07,Premium,28608.58
3968,Michelle Lambert,sandramooney.3968@example.com,KI,2023-05-09,Basic,25684.64
3969,Kimberly Harper,ybowman.3969@example.com,RU,2023-09-08,Standard,28192.40
3970,Kayla Krause,phendricks.3970@example.com,CD,2025-01-23,Premium,28359.76
3971,Jennifer Brown,kristin80.3971@example.com,NI,2021-02-05,Standard,14478.12
3972,John Aguirre,stokesrebecca.3972@example.com,TW,2025-06-22,Premium,18428.63
3973,Joyce Phillips,davenportanthony.3973@example.com,SE,2025-09-28,Basic,41960.00
3974,Louis Villanueva,cookscott.3974@example.com,CG,2022-07-14,Basic,25731.34
3975,Crystal Cohen,wchavez.3975@example.com,GT,2024-11-06,Basic,6973.10
3976,Brittany Miller,john46.3976@example.com,HT,2024-08-16,Standard,18651.78
3977,Lisa Malone,marc66.3977@example.com,BH,2025-06-09,Basic,31511.02
3978,Mrs. Jessica Jensen MD,ysanchez.3978@example.com,AG,2022-11-14,Standard,24659.23
3979,Tiffany Sellers,justinstevenson.3979@example.com,CV,2026-01-06,Basic,46568.60
3980,Melinda Baker,mallorycampbell.3980@example.com,CG,2021-07-26,Standard,41102.54
3981,Amber Black,treynolds.3981@example.com,BY,2021-08-10,Basic,47365.71
3982,John Meyer,icordova.3982@example.com,KG,2022-01-07,Premium,45626.21
3983,Marvin Todd,joan39.3983@example.com,TW,2026-05-01,Standard,14509.73
3984,Michael Russell,christopher39.3984@example.com,AE,2021-05-29,Premium,14161.06
3985,Amanda Berger,petersjennifer.3985@example.com,TW,2024-02-25,Premium,4111.38
3986,Ricky Butler,michaelanderson.3986@example.com,PT,2020-10-14,Basic,30310.23
3987,Anthony Ward,james03.3987@example.com,BY,2023-10-18,Standard,25569.51
3988,Kerri Ramos,user@example,CF,2026-04-26,Basic,48103.90
3989,Ashley Cannon,millerbryan.3989@example.com,LR,2022-12-27,Premium,37111.33
3990,Andrew Jimenez,brownbryan.3990@example.com,CL,2020-10-28,Premium,42509.20
3991,Dylan Frost,lpeters.3991@example.com,IN,2020-11-10,Standard,34343.06
3992,Adam Patterson,stewartrobert.3992@example.com,IT,2026-06-02,Basic,11127.38
3993,Sarah Everett,ddudley.3993@example.com,VA,2022-09-25,Standard,45775.73
3994,Rebecca Fleming,sgay.3994@example.com,TN,2021-05-29,Basic,49917.60
3995,Alicia Frost,jgarrison.3995@example.com,BF,2023-07-30,Premium,14665.77
3996,Heather Dalton,xrojas.3996@example.com,HT,2021-11-01,Standard,2507.06
3997,Katrina Morton,jwong.3997@example.com,TH,2025-05-05,Premium,18844.95
3998,Jesus Nash,kgeorge.3998@example.com,FR,2023-11-18,Basic,1422.95
3999,Maria Blankenship,kevinday.3999@example.com,ZA,2022-05-28,Standard,31897.18
4000,Rachel Lynch,joshua94.4000@example.com,MK,2021-12-19,Basic,38191.49
4001,Steven Macdonald,david74.4001@example.com,TJ,2020-10-26,Premium,24553.42
4002,Adam Zuniga,alexanderpaul.4002@example.com,NA,2026-03-24,Standard,11475.47
4003,James Booth,wyoung.4003@example.com,TV,2020-01-30,Basic,12195.18
4004,Michael Chen,paul61.4004@example.com,TZ,2020-08-30,Standard,5122.29
4005,Edward Carson,youngmolly.4005@example.com,KE,2022-02-16,Basic,13238.04
4006,David Foster,david53.4006@example.com,BB,2020-07-13,Standard,13079.52
4007,Robert Butler,matthewwilliams.4007@example.com,BZ,2022-01-08,Basic,31657.10
4008,Patrick Franklin,marymaldonado.4008@example.com,SE,2025-04-19,Basic,16044.50
4009,Donald Glenn,kimberly72.4009@example.com,SV,2023-06-19,Premium,39328.83
4010,Sydney Rhodes MD,jacksondaniel.4010@example.com,GT,2026-01-19,Premium,21740.60
4011,Katherine Bird,kenneth13.4011@example.com,HT,2020-05-04,Premium,412.46
4012,Debra Vasquez DDS,kevin37.4012@example.com,DO,2022-10-24,Standard,7986.31
4013,Samantha White,brandonwright.4013@example.com,BB,2021-02-05,Standard,40411.61
4014,Melissa Martinez,chaneyjames.4014@example.com,AF,2022-10-14,Premium,15365.46
4015,Hannah Jones,edwin06.4015@example.com,VE,2024-12-28,Standard,24593.27
4016,William French,jennifercook.4016@example.com,GR,2021-04-13,Basic,49889.81
4017,Elizabeth Christian,ntapia.4017@example.com,SN,2025-12-30,Standard,28666.74
4018,Melissa Vargas,jacqueline40.4018@example.com,CD,2021-11-21,Basic,29515.35
4019,Danielle Matthews,gomezjustin.4019@example.com,BI,2021-07-16,Premium,36079.06
4020,Devin Barr,mariah92.4020@example.com,FI,2025-09-17,Standard,35101.10
4021,Jerry Hill,jeffreysmith.4021@example.com,GE,2025-02-13,Basic,23652.18
4022,James Jackson,aaron26.4022@example.com,CI,2020-02-23,Premium,11683.05
4023,Emily Diaz,wmoore.4023@example.com,CV,2024-01-13,Premium,29241.33
4024,Rodney Richardson,david22.4024@example.com,KN,2026-01-29,Premium,27540.13
4025,Jessica Jordan,ylittle.4025@example.com,NO,2026-03-31,Standard,30185.46
4026,Audrey Brown,carriemorgan.4026@example.com,NZ,2023-06-10,Standard,19459.70
4027,Joseph Patterson,smithkim.4027@example.com,KP,2025-09-19,Basic,47126.65
4028,Ashley Travis,bfreeman.4028@example.com,MA,2022-12-05,Standard,37115.98
4029,Sara Christensen,wwebb.4029@example.com,CA,2024-07-27,Basic,5171.49
4030,Randy Miller,walter27.4030@example.com,JO,2020-12-24,Standard,17591.40
4031,Joy Gutierrez,johnathansmith.4031@example.com,UG,2024-05-22,Basic,38910.63
4032,Heather George,tbarnes.4032@example.com,QA,2022-11-21,Premium,19647.08
4033,Gregory Miller,martinalexander.4033@example.com,IQ,2026-04-03,Premium,36871.23
4034,Jacob Cohen,johnnylarson.4034@example.com,SV,2020-11-30,Basic,43164.55
4035,Daisy Graham,rachel30.4035@example.com,FM,2020-11-18,Premium,44861.42
4036,Kenneth Williams,thomasjeremy.4036@example.com,KI,2020-06-07,Basic,1904.55
4037,Kayla Johnson,shorn.4037@example.com,AU,2020-01-02,Standard,18720.52
4038,Riley Lee,michaelrichard.4038@example.com,FJ,2021-06-24,Basic,43082.86
4039,Michael Warren,vyoung.4039@example.com,ZM,2020-05-17,Basic,8002.91
4040,Jason Neal,jeffrey45.4040@example.com,HR,2026-05-09,Basic,19743.38
4041,Hunter Arias,adamsandrew.4041@example.com,GR,2021-04-19,Basic,23723.62
4042,Dr. Valerie Ross DDS,santosashley.4042@example.com,MT,2024-03-31,Standard,40288.51
4043,Dr. Kathleen Sullivan,olsoncynthia.4043@example.com,KN,2021-09-07,Premium,49223.19
4044,Deanna Jones,pamela34.4044@example.com,GW,2024-11-09,Basic,21939.29
4045,Hannah Lowe,marilyn11.4045@example.com,AE,2020-03-16,Basic,29896.30
4046,Bradley Arellano,shepherdjamie.4046@example.com,AO,2020-11-17,Basic,12893.70
4047,Steven James,rjones.4047@example.com,SK,2023-04-01,Standard,42144.93
4048,David Shelton,bradleywu.4048@example.com,MT,2021-02-05,Standard,8344.57
4049,Jessica Mayo,connie49.4049@example.com,HT,2025-03-21,Basic,8228.12
4050,Amanda Anthony,djensen.4050@example.com,KZ,2023-06-02,Standard,35906.19
4051,Casey Bridges,gdavis.4051@example.com,PL,2021-03-18,Standard,36904.71
4052,Luke Lee,haleychandler.4052@example.com,QA,2020-03-06,Basic,27542.65
4053,Jessica Johnston,rcarlson.4053@example.com,US,2024-03-24,Premium,29726.07
4054,Amanda Montes,amanda36.4054@example.com,GD,2022-01-06,Premium,25976.44
4055,Spencer Morales,briangarcia.4055@example.com,NA,2023-06-28,Basic,23144.84
4056,Todd Shepherd,joseph01.4056@example.com,JP,2020-09-21,Basic,47207.70
4057,Wayne Sutton,whitakerbridget.4057@example.com,AF,2024-05-27,Premium,35449.01
4058,Natalie Best,cynthiatownsend.4058@example.com,SV,2023-08-09,Standard,3904.85
4059,Tyler Bray,thomassmith.4059@example.com,HU,2021-03-09,Basic,34230.14
4060,Nicole Harrison,stevengordon.4060@example.com,MA,2021-06-30,Basic,18222.80
4061,John Livingston,edwardsdanielle.4061@example.com,HT,2021-10-08,Premium,4945.92
4062,Elizabeth Chaney,scott36.4062@example.com,LS,2024-02-03,Basic,39156.99
4063,Kenneth Gutierrez,fischergabriel.4063@example.com,TO,2021-02-16,Premium,933.06
4064,Brian Taylor,campbellthomas.4064@example.com,ST,2024-09-19,Premium,41286.10
4065,Benjamin Morgan,vcarter.4065@example.com,AZ,2024-01-27,Standard,25949.28
4066,Joshua Lozano,gdominguez.4066@example.com,KE,2025-08-10,Premium,4619.10
4067,Stephen Lucas,sullivananthony.4067@example.com,GH,2021-11-19,Basic,19676.95
4068,Bryan Flores,skinnerlori.4068@example.com,ES,2026-07-25,Basic,47526.90
4069,Joshua Cross,hernandezraymond.4069@example.com,CV,2026-02-24,Basic,49532.52
4070,Daniel Oliver,ruth97.4070@example.com,IS,2021-10-11,Standard,13922.82
4071,Ashley King,wilkinsmitchell.4071@example.com,FR,2025-09-15,Standard,1591.35
4072,Sue Scott,williamsgrace.4072@example.com,SA,2021-10-28,Premium,4548.92
4073,Matthew Farrell,stephanie53.4073@example.com,JO,2023-11-15,Standard,49453.39
4074,Sarah Rodriguez,timothypage.4074@example.com,GE,2024-12-03,Premium,34196.46
4075,Stephanie Wood,suzanne39.4075@example.com,LB,2020-06-13,Basic,38500.26
4076,Whitney Lawrence,brianna74.4076@example.com,CY,2025-11-10,Standard,37076.04
4077,James Williams,leekristine.4077@example.com,BZ,2024-02-26,Premium,16167.58
4078,Carolyn Smith,paulwright.4078@example.com,RW,2022-06-09,Standard,25710.75
4079,Travis Davenport,agarcia.4079@example.com,SN,2023-12-15,Premium,19851.79
4080,Pamela Odom PhD,danielchristine.4080@example.com,DZ,2022-12-10,Basic,35971.51
4081,Justin Perez,deborah25.4081@example.com,AU,2025-12-29,Standard,10304.64
4082,Kevin Phillips,rmcdaniel.4082@example.com,RU,2026-03-14,Basic,40155.84
4083,Miguel Brown,sarahbartlett.4083@example.com,ID,2026-07-22,Premium,22464.92
4084,Sandra Mason,mvincent.4084@example.com,SO,2020-01-04,Premium,7839.25
4085,Henry Nguyen,caitlin09.4085@example.com,CU,2024-04-15,Basic,32164.59
4086,Jamie Henderson,jonbarnes.4086@example.com,MT,2025-09-06,Basic,40629.06
4087,Dale Bryant,anna95.4087@example.com,ST,2021-12-25,Basic,42581.82
4088,Richard Murphy,matthew03.4088@example.com,GA,2025-10-20,Premium,24636.83
4089,Heather Smith,vnicholson.4089@example.com,BT,2025-12-23,Premium,28949.24
4090,Keith Gutierrez,garciakatherine.4090@example.com,ER,2023-10-20,Basic,35294.36
4091,Terri Mercado,thomas06.4091@example.com,PL,2022-01-24,Premium,39563.44
4092,Terri Terry,john26.4092@example.com,NE,2020-01-18,Premium,5519.24
4093,Michelle Hobbs,livingstoncharlotte.4093@example.com,BJ,2024-11-06,Premium,35537.64
4094,Andrew Hughes,mendozadonald.4094@example.com,ER,2021-12-16,Premium,47263.80
4095,Anthony Reese,edward40.4095@example.com,SY,2022-05-31,Standard,35252.13
4096,Emily Benitez,michelle10.4096@example.com,GR,2022-01-20,Standard,42446.89
4097,Kara Calhoun,gflores.4097@example.com,PG,2022-06-21,Standard,26505.85
4098,Christopher Lopez,michellehutchinson.4098@example.com,GD,2021-07-29,Standard,38824.93
4099,Joseph Jennings,beckglen.4099@example.com,LC,2024-06-13,Standard,49970.17
4100,Veronica Hughes,bzhang.4100@example.com,NP,2022-01-02,Standard,40354.54
4101,James Sandoval,lowekristin.4101@example.com,IQ,2025-04-13,Premium,28631.99
4102,Ronald Lopez,wflynn.4102@example.com,SC,2023-05-28,Standard,29549.28
4103,Anthony Navarro,fcampbell.4103@example.com,CG,2025-08-09,Standard,38308.25
4104,Craig Patterson,jessica92.4104@example.com,MY,2026-07-12,Basic,33712.22
4105,Jennifer Le,millereric.4105@example.com,ET,2024-11-13,Premium,23348.14
4106,Crystal Duncan,stewartjennifer.4106@example.com,IN,2025-03-14,Premium,18584.89
4107,Catherine Gibbs,trevorjames.4107@example.com,IT,2020-08-04,Standard,6533.31
4108,Jaime Martin,robertmiller.4108@example.com,GE,2025-08-30,Basic,24668.49
4109,James Carter,flynnchristopher.4109@example.com,JP,2024-08-05,Standard,36981.39
4110,Jennifer Marshall,destinywilliams.4110@example.com,LV,2023-09-29,Standard,28575.80
4111,Patrick Stark,dustinpena.4111@example.com,MK,2024-07-18,Standard,34168.96
4112,Christopher Weaver,james95.4112@example.com,IL,2021-02-03,Basic,19455.80
4113,Jeremy Roberts,herreramorgan.4113@example.com,TZ,2024-04-14,Basic,3229.61
4114,Richard Wong,frykara.4114@example.com,SM,2023-10-10,Standard,27755.38
4115,Misty Bray,user@example,CN,2023-10-31,Standard,44326.31
4116,Douglas Todd,ysalinas.4116@example.com,SN,2023-12-27,Basic,39360.81
4117,Adam Bentley,msalazar.4117@example.com,FI,2026-05-06,Basic,24771.86
4118,Cheryl Bruce,vreid.4118@example.com,YE,2026-06-13,Basic,20483.85
4119,Tiffany Roberson,pfoster.4119@example.com,MZ,2022-01-25,Basic,22897.20
4120,Adam Johnson,oirwin.4120@example.com,MC,2023-06-25,Basic,5624.41
4121,Julie Williams,nvalenzuela.4121@example.com,NP,2026-08-15,Basic,42761.92
4122,Gabriel Morales,mark25.4122@example.com,AF,2023-12-03,Basic,15218.61
4123,Robert Freeman,richmatthew.4123@example.com,PE,2021-12-14,Premium,12269.72
4124,Rachel Wallace,abigailhoward.4124@example.com,KN,2023-12-31,Premium,31140.68
4125,Andrea Collier,,BJ,2026-05-09,Standard,19610.42
4126,Paige Ortega,paul66.4126@example.com,ZW,2025-10-23,Standard,47159.04
4127,Corey Cross,fostermario.4127@example.com,ID,2025-08-20,Premium,243.11
4128,William Owen,charles24.4128@example.com,NG,2025-10-05,Standard,32875.26
4129,Scott Gonzalez,tinapearson.4129@example.com,PL,2025-11-22,Premium,5686.97
4130,Zachary Sanchez,villegasandrew.4130@example.com,NE,2023-04-12,Standard,44486.94
4131,Nathan Garza,fowlermatthew.4131@example.com,KG,2021-04-27,Standard,28941.54
4132,John Shaffer,fbishop.4132@example.com,MU,2021-05-22,Standard,37098.28
4133,Patricia Sutton,amandawolfe.4133@example.com,SR,2025-10-31,Standard,13509.89
4134,Cassandra Harris,jamesholloway.4134@example.com,IN,2026-02-24,Standard,6674.49
4135,Jeremy Anderson,nancyochoa.4135@example.com,PY,2023-08-07,Standard,48910.66
4136,Dr. Timothy Bowen,barrettchristopher.4136@example.com,MG,2023-10-13,Premium,36290.28
4137,James Adams,munozkara.4137@example.com,MD,2026-01-11,Basic,2903.45
4138,Tammy Mccoy,iterry.4138@example.com,OM,2021-04-12,Standard,41421.77
4139,Lori Santiago,amberkelly.4139@example.com,TV,2023-04-08,Basic,47609.07
4140,Christine Brennan,brandon33.4140@example.com,PA,2022-09-16,Premium,30399.64
4141,Emily Frederick,joshua25.4141@example.com,AE,2022-11-13,Premium,31424.36
4142,Margaret Lee,joy03.4142@example.com,CI,2025-08-01,Basic,36031.60
4143,Bryan Keller,molly59.4143@example.com,GT,2025-09-05,Standard,11308.33
4144,Samantha Ryan,tyroneharris.4144@example.com,PE,2026-08-16,Premium,10458.40
4145,Melinda Conner,melinda17.4145@example.com,EE,2023-10-26,Basic,21712.90
4146,Derrick Flores,yjordan.4146@example.com,GN,2020-02-18,Basic,41587.14
4147,Lawrence Gilmore,robertpatel.4147@example.com,KP,2024-06-10,Premium,25681.70
4148,Robert Rodriguez,gregorykhan.4148@example.com,BY,2023-03-01,Premium,17087.94
4149,Molly Martinez,salazarlarry.4149@example.com,PG,2026-01-17,Basic,7503.85
4150,Rhonda Mathews,roger81.4150@example.com,JM,2024-02-08,Standard,45527.54
4151,Mallory Lynch,teresa42.4151@example.com,ZW,2025-06-18,Premium,5522.65
4152,David Kelly,holmesheather.4152@example.com,NI,2024-08-14,Basic,8987.32
4153,Steven Smith,robert32.4153@example.com,LS,2026-01-11,Standard,35175.89
4154,Donald Brady,alexisrodriguez.4154@example.com,GD,2023-05-26,Standard,48046.50
4155,Ashley Jackson,xwyatt.4155@example.com,LU,2022-08-14,Premium,30927.92
4156,Paul Phillips,brent33.4156@example.com,TV,2025-07-06,Standard,11456.59
4157,James Mason,andersenjoshua.4157@example.com,PG,2024-03-04,Standard,30824.21
4158,Jimmy Mitchell,connieaguilar.4158@example.com,TV,2025-09-15,Basic,13963.55
4159,Logan Martin,smithelizabeth.4159@example.com,IL,2024-03-07,Standard,48034.17
4160,Jeremy Bates,bsmith.4160@example.com,IR,2025-07-04,Standard,41210.68
4161,David Jones,xrush.4161@example.com,TR,2020-02-23,Standard,18139.05
4162,Roger Martinez,zwalker.4162@example.com,LU,2021-06-23,Premium,22925.33
4163,Andrea Fuentes,reginaldayala.4163@example.com,LB,2026-04-02,Standard,27729.02
4164,Veronica Anderson,wking.4164@example.com,LC,2020-12-10,Premium,10484.67
4165,Michael Thompson,pwest.4165@example.com,RS,2024-04-05,Basic,17466.73
4166,Mary Chavez,daniellewis.4166@example.com,GW,2021-12-02,Basic,23581.69
4167,Stephen Lopez,webbdonald.4167@example.com,JO,2024-08-29,Basic,13541.03
4168,Danny Cooley,sabrina86.4168@example.com,CR,2023-02-19,Standard,49646.04
4169,Alexandra Price,travisgarcia.4169@example.com,MK,2024-09-17,Basic,8597.74
4170,Donald Knapp,robert98.4170@example.com,ML,2021-02-07,Premium,17681.48
4171,Pamela Jones,jholmes.4171@example.com,CI,2023-02-11,Standard,36382.30
4172,Chad Myers,emilyhenry.4172@example.com,ZM,2020-11-13,Standard,33596.69
4173,Jeremy Jones,jason23.4173@example.com,BE,2026-01-30,Premium,2822.32
4174,Karen Walker,carlos79.4174@example.com,LC,2021-01-09,Standard,13868.45
4175,Kelly Roberts,jmorgan.4175@example.com,ZA,2025-10-04,Standard,35031.72
4176,Stacy Jones,fwoods.4176@example.com,VE,2026-07-03,Standard,10048.79
4177,Virginia Faulkner,gregorywalker.4177@example.com,KW,2025-05-23,Basic,47481.16
4178,David Carter,rossmanuel.4178@example.com,OM,2025-03-25,Premium,1156.82
4179,Chad Jimenez,fjones.4179@example.com,GE,2026-03-22,Basic,30837.48
4180,John Taylor,jocelynmiller.4180@example.com,MK,2026-04-24,Premium,36089.07
4181,Kenneth Pacheco,samantha20.4181@example.com,IE,2026-08-23,Premium,40607.84
4182,Martha Johnson,katherinebolton.4182@example.com,CF,2026-05-22,Premium,24624.20
4183,Jason Gonzalez,stephanie20.4183@example.com,CG,2023-04-22,Standard,47725.45
4184,Gregory Holmes,wochoa.4184@example.com,CM,2022-11-20,Premium,1137.11
4185,Adam Edwards,pedwards.4185@example.com,ES,2021-08-16,Premium,5569.06
4186,William Sharp,hatfieldmelissa.4186@example.com,PG,2023-01-14,Premium,3802.85
4187,Lindsay Phillips,monicaclements.4187@example.com,BI,2023-04-08,Standard,46779.21
4188,Eduardo Houston,lisa08.4188@example.com,PT,2022-11-22,Standard,18289.29
4189,Katie Sanchez,johnfrench.4189@example.com,NG,2024-06-28,Standard,47264.67
4190,Sandy Michael,cfranklin.4190@example.com,BH,2024-09-08,Standard,30532.43
4191,John Patterson,howardrobert.4191@example.com,ES,2022-09-06,Basic,35551.34
4192,Rebecca Lopez,nwood.4192@example.com,RO,2022-12-19,Standard,14927.80
4193,Carla Thomas,stewartkelsey.4193@example.com,SA,2021-04-09,Standard,20358.28
4194,Sarah Sims,kylie21.4194@example.com,SR,2026-04-23,Standard,45432.21
4195,Valerie Martin,balljessica.4195@example.com,CU,2024-03-29,Premium,12712.22
4196,Colton Lynn,randallsmith.4196@example.com,MW,2022-07-19,Premium,46798.74
4197,Christopher Benson,christina36.4197@example.com,HN,2021-03-21,Premium,32441.71
4198,Paul Harrison,whiteheadomar.4198@example.com,NI,2022-05-13,Premium,48956.24
4199,Sue Scott,roberthuffman.4199@example.com,CA,2020-02-13,Standard,46200.61
4200,Anthony Lane,user@,AT,2020-04-18,Standard,42336.77
4201,Traci Krause,walkercourtney.4201@example.com,ES,2022-06-09,Premium,37723.65
4202,Jill Oneill,gloriamartinez.4202@example.com,DZ,2020-11-10,Basic,33590.47
4203,Karen Lewis,doylejody.4203@example.com,DE,2021-06-14,Premium,11442.84
4204,Sylvia Watkins,kennethlewis.4204@example.com,PH,2021-11-28,Standard,1712.32
4205,Alyssa Thompson,olsenwalter.4205@example.com,UY,2025-10-28,Basic,42950.20
4206,Kathryn Rivas,carolynsummers.4206@example.com,TN,2021-04-20,Standard,44271.67
4207,Jessica Myers,ijackson.4207@example.com,BW,2024-07-26,Premium,30369.97
4208,Robert Torres,sandrafields.4208@example.com,ST,2025-02-03,Standard,46450.87
4209,David Green MD,vasquezdavid.4209@example.com,KE,2023-10-24,Basic,3502.16
4210,Brianna Morse,mmurphy.4210@example.com,CH,2021-03-21,Premium,43191.34
4211,Michelle Elliott,truiz.4211@example.com,TW,2022-05-12,Basic,24637.17
4212,Carol Norris,iwong.4212@example.com,AT,2024-07-11,Standard,35930.82
4213,Kelsey Solomon,johnortiz.4213@example.com,DZ,2021-01-11,Basic,42801.41
4214,John Clark,haynesolivia.4214@example.com,TH,2025-07-01,Premium,6057.69
4215,Angela Morgan,vwolfe.4215@example.com,CU,2022-06-13,Basic,38456.17
4216,Dawn Blankenship,smithgabriel.4216@example.com,TJ,2020-04-16,Standard,31674.56
4217,Stephanie Forbes,roger12.4217@example.com,BE,2022-10-07,Premium,13779.56
4218,Sharon West,taylorlisa.4218@example.com,BJ,2024-12-11,Basic,47324.86
4219,Wendy Jacobs,zacharypeterson.4219@example.com,SE,2022-07-06,Standard,23652.51
4220,Ashley Stewart,kyle30.4220@example.com,PE,2020-08-31,Basic,46825.02
4221,Tammie Gregory,raymond64.4221@example.com,FJ,2024-03-17,Standard,16381.95
4222,William Aguilar,qbarnes.4222@example.com,UA,2022-06-26,Standard,17081.31
4223,Jeremy Harper,terribates.4223@example.com,NI,2020-06-10,Basic,39215.86
4224,Laura Medina,mbryant.4224@example.com,TM,2021-09-24,Basic,38013.54
4225,Jacob Church,clarkrachel.4225@example.com,PL,2023-12-31,Premium,38361.81
4226,Sherry Thomas,hunter19.4226@example.com,PA,2023-03-15,Basic,49490.24
4227,Shaun Bowers,iruiz.4227@example.com,CF,2024-09-23,Standard,16867.89
4228,Sara Myers,wmoore.4228@example.com,BI,2026-03-03,Premium,45856.96
4229,Jeremy Johnson,alijeremy.4229@example.com,HR,2023-04-07,Standard,18383.04
4230,Heather Preston,elizabethfox.4230@example.com,BO,2024-03-06,Premium,16454.09
4231,Megan Lang,mhill.4231@example.com,TL,2020-12-25,Premium,10791.71
4232,Ryan Brooks,robert03.4232@example.com,PY,2022-09-14,Basic,23975.80
4233,Bianca Bradford,haroldcombs.4233@example.com,ST,2024-07-03,Premium,48560.11
4234,Marc Sloan,james88.4234@example.com,BI,2024-03-16,Premium,45184.54
4235,Marcus Johnson,xwall.4235@example.com,CI,2023-04-21,Standard,6382.38
4236,Barbara Sanchez,kevinkim.4236@example.com,GQ,2025-11-04,Premium,28498.79
4237,Kelly Robinson,allenrebecca.4237@example.com,GE,2024-12-05,Basic,14542.60
4238,Richard Mcdonald,hthompson.4238@example.com,SA,2024-03-19,Basic,38726.96
4239,Samuel Chang,angeladaniels.4239@example.com,LT,2024-08-03,Basic,1534.53
4240,Alicia Gilmore,billyclark.4240@example.com,TZ,2021-08-14,Standard,32136.00
4241,Todd Hunter,coopercrystal.4241@example.com,PH,2022-09-26,Standard,21463.89
4242,Stephanie Rivera,michellearnold.4242@example.com,MR,2025-03-16,Standard,45680.32
4243,Tracy Kennedy,ltrujillo.4243@example.com,CZ,2023-08-21,Standard,2348.13
4244,Pamela Valdez,bradley38.4244@example.com,SG,2024-12-31,Premium,25692.43
4245,Andrew Graham,chennicole.4245@example.com,WS,2022-10-21,Basic,48962.91
4246,Jennifer Anderson,michael14.4246@example.com,LT,2022-03-26,Premium,20605.73
4247,Cynthia Oconnell,barbara49.4247@example.com,VN,2021-07-06,Basic,34801.93
4248,Christopher Russo,kgonzalez.4248@example.com,BD,2020-12-13,Basic,44365.10
4249,Nicole Mcmillan,helenfowler.4249@example.com,VE,2026-09-13,Basic,26548.46
4250,Jill Mcguire,hollyestes.4250@example.com,NA,2021-09-05,Standard,48111.64
4251,Miguel Chandler,baldwindeanna.4251@example.com,GQ,2023-10-20,Premium,22141.07
4252,Kathy Lee,dalexander.4252@example.com,DO,2024-05-18,Basic,28220.62
4253,Jeremy Nelson,zbell.4253@example.com,NP,2026-05-07,Basic,6832.23
4254,Dr. Connie Green,pamelaolson.4254@example.com,IQ,2020-04-09,Premium,15517.33
4255,Kevin Johns,wmunoz.4255@example.com,TW,2022-06-20,Premium,20967.20
4256,Joy Kelley,adriankelly.4256@example.com,DZ,2026-04-29,Standard,9464.45
4257,Lynn Jordan,dianacunningham.4257@example.com,BZ,2024-11-11,Standard,39536.70
4258,Sharon Mcdowell,oross.4258@example.com,ZW,2022-01-14,Standard,27188.62
4259,Stephanie Carrillo,othornton.4259@example.com,RS,2020-09-13,Basic,33389.82
4260,Laura Lowery,fberger.4260@example.com,DE,2020-11-09,Standard,22807.63
4261,Tammy Weber,zhayes.4261@example.com,AE,2025-09-29,Premium,41964.15
4262,Christopher Villegas,susan06.4262@example.com,YE,2024-12-31,Premium,11011.28
4263,Jason Baldwin,,BI,2025-04-02,Premium,15502.45
4264,Seth Nicholson,annehaney.4264@example.com,GW,2026-07-04,Basic,26639.43
4265,Erin Freeman,dnguyen.4265@example.com,LT,2022-04-18,Basic,85.62
4266,Cameron Padilla,dennis88.4266@example.com,SV,2022-08-30,Standard,34378.14
4267,Rose Greene DDS,dukejonathan.4267@example.com,NP,2025-07-31,Standard,35293.54
4268,James Young,phammatthew.4268@example.com,SO,2023-06-24,Standard,5414.65
4269,Cole Paul,ohodge.4269@example.com,KH,2020-07-26,Basic,26725.47
4270,Teresa Henderson,zchristian.4270@example.com,SL,2021-07-15,Standard,16825.65
4271,Cynthia Fields,pattondennis.4271@example.com,LK,2022-04-19,Premium,22510.46
4272,Maria Mcneil,swallace.4272@example.com,GD,2024-08-17,Premium,46412.50
4273,Dr. Victor Walker,michael72.4273@example.com,BR,2023-12-02,Premium,36806.60
4274,Jamie Nash,lydiaevans.4274@example.com,NP,2022-06-13,Premium,3644.92
4275,Kristen Lee,tdiaz.4275@example.com,DE,2023-05-29,Basic,18291.86
4276,Anthony Nicholson,joshua03.4276@example.com,GY,2025-12-21,Standard,27684.21
4277,Vanessa Gonzalez,landrykimberly.4277@example.com,EE,2024-06-16,Basic,4440.29
4278,Jonathan Bishop,pgarcia.4278@example.com,AU,2026-03-02,Standard,34745.59
4279,John Santos,angelabanks.4279@example.com,ZW,2026-01-09,Standard,29436.86
4280,Phillip Parker,william89.4280@example.com,CG,2026-03-03,Standard,42116.72
4281,Dr. Terry Roberts,djones.4281@example.com,AT,2024-08-21,Premium,18312.04
4282,Michael Watts,qlevine.4282@example.com,NP,2020-01-13,Premium,9458.59
4283,Leslie Thompson,emma86.4283@example.com,CU,2024-10-21,Unknown,4844.93
4284,James Young,vsmith.4284@example.com,GT,2024-05-27,Basic,24069.62
4285,Christy Hunter,lindsey88.4285@example.com,SN,2021-10-01,Basic,42744.28
4286,Richard Bowen,idavis.4286@example.com,GH,2022-09-01,Standard,13157.95
4287,John Ward,shane70.4287@example.com,UA,2024-04-17,Premium,45076.62
4288,Lisa Wolfe,jonesrebecca.4288@example.com,JP,2020-09-29,Premium,1912.67
4289,Thomas Aguirre,egomez.4289@example.com,CL,2021-09-05,Basic,22870.99
4290,Alexandra Rodriguez,fedwards.4290@example.com,SO,2025-07-14,Standard,28512.35
4291,Erika Ruiz,danielbowers.4291@example.com,GB,2025-01-28,Standard,29941.11
4292,Norma Lewis,zharvey.4292@example.com,MM,2022-03-17,Basic,18501.96
4293,John Mccarthy,alex35.4293@example.com,MX,2023-12-18,Basic,8811.95
4294,Richard Gonzalez,stricklandkimberly.4294@example.com,IL,2020-07-25,Basic,1546.71
4295,Brandon Case,fisherchristina.4295@example.com,BD,2021-06-28,Basic,18640.80
4296,David Graves,wlee.4296@example.com,BA,2022-08-26,Premium,30382.54
4297,Jose Farley,pauljackson.4297@example.com,EE,2022-08-11,Basic,49927.28
4298,Erin Russell,,KG,2024-06-02,Basic,48700.85
4299,Dr. James Smith,angela84.4299@example.com,BF,2026-05-28,Premium,23751.61
4300,Jonathan Miles,sjones.4300@example.com,BZ,2025-02-27,Basic,32243.38
4301,Frank Brown,david70.4301@example.com,AE,2022-06-03,Premium,12592.54
4302,Anthony Freeman,vdeleon.4302@example.com,MD,2022-08-03,Basic,37645.53
4303,Kathryn Lozano,user@,BG,2020-08-13,Basic,20089.63
4304,William Cochran,adamsnicholas.4304@example.com,CY,2021-05-22,Basic,29434.42
4305,James Lewis,fhernandez.4305@example.com,TO,2023-02-09,Basic,36052.14
4306,Crystal Berry,jill42.4306@example.com,GR,2023-05-25,Standard,32346.30
4307,Stephen Davis,umiller.4307@example.com,LV,2023-03-23,Premium,24674.94
4308,Patrick Murphy,rachelharris.4308@example.com,TT,2025-09-16,Premium,1169.48
4309,Mike Brown,rhayes.4309@example.com,CU,2020-12-26,Basic,13519.88
4310,Mark Brock,nallen.4310@example.com,SL,2020-06-29,Standard,36200.95
4311,Danny Rodgers,vperez.4311@example.com,TW,2022-07-01,Basic,19867.51
4312,Melanie Wright,jacqueline39.4312@example.com,MY,2020-01-07,Basic,17181.33
4313,Tyler Carpenter,billygonzalez.4313@example.com,UA,2021-01-06,Premium,5562.16
4314,Nicole Foster,jaclynkennedy.4314@example.com,LB,2021-06-20,Standard,30373.64
4315,Justin Matthews,jessicajohnson.4315@example.com,BB,2021-02-22,Basic,35449.90
4316,Theresa Gray,cherylserrano.4316@example.com,EC,2024-06-08,Premium,24467.07
4317,William Mercado,lisa73.4317@example.com,QA,2025-07-21,Standard,24536.07
4318,Kyle Hutchinson,arthursantiago.4318@example.com,SB,2021-06-09,Standard,14583.22
4319,Susan Simmons,grodriguez.4319@example.com,BD,2022-06-11,Standard,35228.65
4320,Francisco Wilkins,ryan60.4320@example.com,TN,2022-09-17,Basic,18687.42
4321,Sherry Sanchez,dorothylucero.4321@example.com,NG,2026-02-13,Basic,181.68
4322,Mark Munoz,eshepard.4322@example.com,AL,2022-11-11,Basic,35122.54
4323,Jeffery Price,reedmichael.4323@example.com,GN,2020-02-18,Basic,34334.43
4324,Brittany Oconnor,pameladavenport.4324@example.com,MK,2020-08-19,Basic,21997.53
4325,Eric Wilkinson,wthomas.4325@example.com,MV,2024-11-23,Basic,35817.40
4326,Barbara Moore,chavezdwayne.4326@example.com,KP,2023-12-20,Basic,16850.32
4327,Carrie Mckenzie,rnunez.4327@example.com,PA,2022-06-17,Basic,46537.52
4328,Scott Fisher,lbowman.4328@example.com,CM,2024-04-10,Standard,36361.85
4329,Robert Nielsen,donald21.4329@example.com,MG,2021-01-18,Premium,21969.63
4330,Jonathan Castillo,cnichols.4330@example.com,ID,2020-08-24,Basic,42268.16
4331,Kevin Case,kathleen64.4331@example.com,GW,2021-06-05,Premium,48441.28
4332,Lisa Snyder,chad46.4332@example.com,TR,2022-07-21,Premium,27474.41
4333,Brandon Thomas,angela76.4333@example.com,BZ,2023-01-31,Premium,10131.25
4334,Jennifer Wilson,brittanyparker.4334@example.com,NO,2025-09-18,Basic,31539.38
4335,Stephanie Foster,ufischer.4335@example.com,MW,2023-12-19,Basic,9544.81
4336,Julian Craig,andrea86.4336@example.com,FR,2022-12-27,Standard,44816.59
4337,Ethan Reed,yvonnebond.4337@example.com,VU,2024-11-09,Standard,32527.39
4338,Patrick Graves,amanda01.4338@example.com,NA,2022-11-23,Basic,10350.39
4339,Victor Munoz,rodneycortez.4339@example.com,TZ,2025-11-05,Basic,496.64
4340,Jason Mcmahon,ian99.4340@example.com,HN,2025-09-13,Premium,32394.44
4341,Dr. Robert Gomez,kyliesummers.4341@example.com,CG,2025-09-06,Premium,35089.23
4342,James Saunders,alexandra97.4342@example.com,GW,2021-07-09,Standard,5304.85
4343,Pamela Jenkins,ryan65.4343@example.com,AD,2025-03-13,Standard,7765.51
4344,Garrett Clark,abigailmayo.4344@example.com,OM,2024-03-04,Standard,23813.39
4345,Andrew Phillips,timothynunez.4345@example.com,PY,2020-06-22,Standard,8834.72
4346,John Hall,rojasphyllis.4346@example.com,BF,2026-05-28,Standard,46574.55
4347,David Christian,ybush.4347@example.com,BJ,2021-08-03,Premium,17008.50
4348,Nicholas Morgan,rbarnett.4348@example.com,CG,2021-06-29,Premium,48457.39
4349,Billy Phillips,stephensonnicholas.4349@example.com,CZ,2022-10-09,Basic,16697.35
4350,Stephanie Collins,zfrederick.4350@example.com,BR,2022-11-05,Basic,1759.64
4351,Melissa Cox,nicole79.4351@example.com,IN,2022-03-05,Basic,13017.21
4352,Robert Moore,vazquezmary.4352@example.com,CR,2026-06-18,Standard,6716.36
4353,Scott Ryan,christopherlamb.4353@example.com,RO,2020-01-21,Standard,32234.24
4354,Erica Daniels,nathanielperry.4354@example.com,MA,2021-07-21,Basic,43237.59
4355,Derek Barnett,lance29.4355@example.com,MA,2020-10-09,Basic,40674.67
4356,Olivia Hill,marilynwilson.4356@example.com,CI,2022-09-08,Standard,16348.02
4357,Sean Tran,ybarnes.4357@example.com,KP,2024-11-20,Basic,37281.14
4358,Phyllis Ross,fisherryan.4358@example.com,CO,2025-06-06,Premium,36159.94
4359,Kenneth Ferguson,calderonpamela.4359@example.com,LK,2024-11-24,Basic,38023.37
4360,Erin Pugh,natalie17.4360@example.com,TT,2021-10-29,Standard,46586.74
4361,Patricia Lee,alyssarandall.4361@example.com,OM,2024-05-19,Standard,22294.55
4362,Sandra Rojas,copelandjillian.4362@example.com,CA,2022-04-28,Premium,10209.68
4363,Melissa Simmons,nicolewashington.4363@example.com,BB,2024-08-11,Basic,10422.85
4364,Andrew Koch,amy77.4364@example.com,LR,2020-10-31,Standard,24331.78
4365,Shannon Butler,melissa76.4365@example.com,UY,2026-01-25,Premium,44364.45
4366,Kathleen Moore,emma67.4366@example.com,MN,2025-04-12,Standard,10869.55
4367,Kristy Golden,tcarter.4367@example.com,EG,2024-01-20,Premium,17521.33
4368,John Burns,ovazquez.4368@example.com,NO,2023-09-24,Premium,42191.20
4369,Travis Blair,solispamela.4369@example.com,NA,2025-09-16,Standard,13393.12
4370,Jamie Lynn,isabelwilliams.4370@example.com,GY,2020-01-31,Standard,15337.50
4371,Andrew Byrd,petersclaudia.4371@example.com,MA,2023-09-30,Premium,46780.29
4372,Deborah Haney,beckkelly.4372@example.com,KG,2021-02-14,Basic,9895.42
4373,Christopher Tate,morenojames.4373@example.com,MN,2020-09-19,Basic,41288.76
4374,Barbara Smith,james92.4374@example.com,BW,2023-10-17,Premium,45706.83
4375,Kelly Cameron,robin27.4375@example.com,US,2021-03-29,Basic,2770.40
4376,Christine Mitchell,watsonanthony.4376@example.com,FM,2025-11-23,Basic,45800.39
4377,Mr. William Hernandez,blake59.4377@example.com,GN,2023-11-26,Premium,37531.04
4378,Samantha Ibarra,gfarley.4378@example.com,CZ,2024-02-15,Basic,37007.59
4379,Antonio Curry,sherry37.4379@example.com,AZ,2024-03-09,Premium,49323.14
4380,Annette Smith,emily32.4380@example.com,KI,2025-05-27,Premium,47514.30
4381,John Christensen,anthony28.4381@example.com,RO,2025-11-02,Premium,13992.04
4382,Diane Reynolds,leepeter.4382@example.com,CD,2023-07-13,Premium,1890.50
4383,Michelle Ross,howardkayla.4383@example.com,ER,2025-03-03,Standard,4691.39
4384,Brian Sanders,bingram.4384@example.com,CG,2021-06-06,Standard,26351.26
4385,Victor Lopez,dmoore.4385@example.com,TM,2020-01-19,Basic,44579.31
4386,Adam Bond,meyerana.4386@example.com,BH,2020-10-12,Standard,5774.21
4387,Jennifer Marshall,aglass.4387@example.com,LA,2021-04-07,Basic,14044.99
4388,Benjamin Olson,gbanks.4388@example.com,DK,2024-09-18,Basic,211.60
4389,Bradley Mcintyre,serranocraig.4389@example.com,MR,2026-03-01,Standard,24458.03
4390,Steven Robinson,wgreen.4390@example.com,JO,2025-12-26,Standard,32012.34
4391,John Levy,amandahall.4391@example.com,CF,2021-01-02,Premium,16158.54
4392,Daniel Robinson,michael46.4392@example.com,LY,2020-11-17,Basic,42447.90
4393,Linda Wilson,dayalex.4393@example.com,RS,2020-11-05,Basic,26698.27
4394,Sergio James,marcia64.4394@example.com,BZ,2026-03-13,Standard,43905.21
4395,Katie Ballard,raymondeaton.4395@example.com,SN,2021-12-15,Basic,34827.31
4396,Melody Lam,hadams.4396@example.com,JO,2020-04-19,Basic,23474.50
4397,Hayley Taylor,bmartinez.4397@example.com,BD,2023-10-14,Premium,24110.40
4398,Jessica Taylor,rodriguezbryce.4398@example.com,ZA,2026-06-15,Basic,16601.75
4399,William Sherman,tylersmith.4399@example.com,SA,2020-01-23,Premium,27046.34
4400,Maria Miller,ibarrett.4400@example.com,TR,2022-05-03,Basic,25773.79
4401,Elizabeth Nelson,angela88.4401@example.com,KG,2021-01-14,Standard,5704.71
4402,Kyle Martin,amiller.4402@example.com,MU,2021-05-17,Standard,45721.18
4403,Steven Dorsey,fischerbelinda.4403@example.com,IS,2020-05-21,Standard,31000.12
4404,Alexander Johnson,glen38.4404@example.com,MA,2020-03-06,Premium,25164.96
4405,Amanda Arnold,ckent.4405@example.com,NA,2022-05-13,Standard,2043.82
4406,Levi Mercado,qhuang.4406@example.com,SM,2026-04-24,Basic,35015.43
4407,Julie Francis,patrick15.4407@example.com,BN,2022-01-02,Standard,25179.05
4408,Whitney Smith,darlene16.4408@example.com,SM,2023-12-23,Basic,32689.57
4409,Jordan Lewis,tyler61.4409@example.com,DO,2023-05-17,Standard,21950.90
4410,Monica Roach,laurafrank.4410@example.com,GM,2020-10-16,Standard,45299.19
4411,Dale Gallegos,hickslindsay.4411@example.com,BS,2023-05-01,Standard,38445.50
4412,William Grant,blackrobert.4412@example.com,DJ,2026-07-16,Premium,32529.96
4413,Shawna Baker,josephsanchez.4413@example.com,QA,2023-11-19,Standard,28111.40
4414,Heather Williams,kabbott.4414@example.com,KI,2024-10-26,Standard,8521.03
4415,Breanna Vasquez,holtamanda.4415@example.com,NE,2026-01-09,Premium,45118.84
4416,Thomas Tyler MD,tiffany31.4416@example.com,KH,2021-06-08,Basic,47037.81
4417,Sean Hoffman,ywalker.4417@example.com,TM,2021-05-23,Basic,26868.19
4418,Steven Meyer,sophia71.4418@example.com,GR,2020-12-17,Basic,26001.67
4419,Julia Smith,elizabethcarter.4419@example.com,ZW,2021-05-29,Premium,41312.96
4420,Kristine Klein,turnerdarrell.4420@example.com,ST,2024-03-10,Standard,4944.87
4421,Nicole Rhodes,christopherjackson.4421@example.com,TR,2022-02-26,Premium,13058.55
4422,Samantha Rosales,darrylespinoza.4422@example.com,SN,2024-04-30,Standard,44667.74
4423,Javier Rodriguez,julianvaldez.4423@example.com,BW,2026-06-13,Premium,44805.78
4424,Mary Barnes,carolynmejia.4424@example.com,PT,2020-07-30,Basic,37893.51
4425,Lorraine Moreno,heidi73.4425@example.com,PL,2023-11-24,Basic,13586.24
4426,Randy Anderson,jenkinsjamie.4426@example.com,LB,2020-06-28,Premium,24445.70
4427,Patrick Russo,,MV,2024-09-30,Basic,10699.14
4428,Cheryl Jones,ymorris.4428@example.com,AR,2020-10-20,Basic,41901.01
4429,James Johnson,sschneider.4429@example.com,GD,2020-11-13,Basic,36629.83
4430,Jennifer Mendez,cheryl69.4430@example.com,CI,2026-04-10,Premium,14122.43
4431,Jon Mcmillan,ubaker.4431@example.com,UG,2023-05-27,Basic,12838.70
4432,Paula Peterson,tonya03.4432@example.com,ET,2024-08-22,Basic,6358.76
4433,Nathan Smith,williamsjames.4433@example.com,TV,2022-11-05,Basic,8502.15
4434,Tanya Golden,ann03.4434@example.com,BF,2020-10-24,Premium,1795.15
4435,Jesse Graham,ydaniels.4435@example.com,NE,2024-09-12,Standard,24522.37
4436,Derek Jones,diane83.4436@example.com,CM,2020-08-17,Standard,20113.06
4437,Kristin Blanchard,guzmanaaron.4437@example.com,MU,2022-11-03,Standard,8843.99
4438,James Hernandez,melanie82.4438@example.com,CF,2022-01-22,Premium,10482.22
4439,Natasha Richardson,kimberlymurphy.4439@example.com,MA,2023-11-08,Premium,32796.45
4440,Kelly Leblanc,wadams.4440@example.com,IN,2025-09-14,Standard,27076.41
4441,Ivan Rodriguez,ggomez.4441@example.com,AG,2022-06-22,Unknown,21714.27
4442,Louis Watson,fmcconnell.4442@example.com,NG,2022-04-25,Premium,42101.02
4443,Gina Miller,jamesbaker.4443@example.com,SB,2023-08-04,Basic,14981.86
4444,John Riley,jamie75.4444@example.com,SV,2021-01-11,Standard,41565.78
4445,Stephanie Riley,rebecca47.4445@example.com,JM,2022-03-19,Basic,27416.99
4446,John Brennan,bryan93.4446@example.com,IR,2021-07-01,Standard,44708.48
4447,Danielle Hawkins,clarkaustin.4447@example.com,IR,2025-04-02,Premium,49132.78
4448,Margaret Bishop,michael95.4448@example.com,BJ,2022-06-12,Basic,32694.05
4449,James Miller,susan24.4449@example.com,NR,2020-04-03,Basic,40629.22
4450,Christine Ferguson,morgannewman.4450@example.com,BA,2020-07-10,Premium,1948.04
4451,Jeffrey Gardner,ronaldpena.4451@example.com,DO,2023-03-14,Basic,5257.23
4452,Amber Lowery,collinslisa.4452@example.com,VA,2022-01-08,Premium,36995.34
4453,Stephanie Vasquez,rlopez.4453@example.com,PE,2026-08-25,Basic,42684.25
4454,Shane Jones,john24.4454@example.com,LU,2026-01-14,Basic,37399.45
4455,Luis Anderson,trevor63.4455@example.com,QA,2026-03-05,Premium,22044.92
4456,Christopher Jordan,rebeccathompson.4456@example.com,MZ,2022-10-05,Premium,36448.26
4457,Amanda Moore,donald60.4457@example.com,SY,2025-09-03,Basic,8910.26
4458,Kayla Marks,fuentesmatthew.4458@example.com,PA,2026-04-02,Premium,46180.93
4459,Sheri Campos,freemankenneth.4459@example.com,KH,2026-01-14,Basic,12520.56
4460,Helen Smith,michellebarron.4460@example.com,MZ,2020-10-26,Standard,41621.65
4461,Ariel Chavez,anna18.4461@example.com,BF,2022-10-05,Standard,1030.78
4462,Elaine Watson,brandonbrown.4462@example.com,LU,2024-04-21,Standard,43314.87
4463,Alan Smith,zwilliams.4463@example.com,LT,2024-07-02,Basic,31249.98
4464,Jennifer Rodriguez,esmith.4464@example.com,IS,2024-07-30,Premium,28560.26
4465,Antonio Howe,michael55.4465@example.com,KI,2020-05-04,Basic,6347.27
4466,Mary Khan,tpatel.4466@example.com,NO,2025-10-23,Standard,46353.96
4467,William Sullivan,portiz.4467@example.com,TT,2025-04-02,Basic,14802.24
4468,Robert Bryant,cody08.4468@example.com,HR,2022-04-18,Premium,28990.06
4469,Anne Gomez,hancockemily.4469@example.com,EG,2023-01-23,Premium,25969.38
4470,Amber Sanchez,ryanramirez.4470@example.com,BO,2020-03-26,Premium,29816.32
4471,James Herrera,rmiller.4471@example.com,UA,2021-06-27,Basic,17900.07
4472,Donna Smith,philipdominguez.4472@example.com,AZ,2023-04-27,Premium,30626.55
4473,Ricky Pierce,morgantorres.4473@example.com,PW,2020-05-16,Standard,6517.62
4474,Carrie White,vstone.4474@example.com,BR,2024-01-29,Standard,49066.25
4475,Nicole Beck,wandaramirez.4475@example.com,NO,2024-06-11,Basic,28034.35
4476,Sabrina Ramirez,mware.4476@example.com,BG,2020-01-16,Standard,1900.58
4477,Thomas Tapia,justin94.4477@example.com,IL,2026-07-17,Basic,5560.15
4478,Katie Harvey,kcline.4478@example.com,CD,2021-07-15,Premium,41335.72
4479,Devin Clark,turnerthomas.4479@example.com,GA,2022-07-08,Basic,15672.05
4480,Christian Martinez,peterterrell.4480@example.com,DO,2020-04-03,Basic,24369.53
4481,Rachel Wilcox,fkelly.4481@example.com,ST,2022-01-03,Standard,49581.67
4482,Sonya Barr,kristablair.4482@example.com,PH,2021-03-13,Premium,34119.78
4483,Brittany Reynolds,angelaturner.4483@example.com,RO,2023-03-06,Premium,43912.76
4484,Janet Moore,hwaters.4484@example.com,NZ,2020-09-17,Basic,2656.98
4485,Mason Robertson,,LA,2021-06-09,Premium,12795.92
4486,Charles Reed,clarkkelsey.4486@example.com,SY,2020-03-16,Basic,25051.20
4487,Lori Foley,zguzman.4487@example.com,SV,2024-09-26,Standard,25949.85
4488,Katrina Johnson,kbryant.4488@example.com,VE,2020-10-30,Standard,257.34
4489,Mrs. Jaime Harris,kingjennifer.4489@example.com,GN,2021-08-08,Standard,43307.53
4490,Jennifer Bryant,taylorjennifer.4490@example.com,SO,2021-02-23,Standard,21537.48
4491,Terry Smith,rsutton.4491@example.com,CD,2020-12-13,Standard,34564.37
4492,Paul Mcdonald,,AO,2025-01-31,Premium,31118.01
4493,Diana Hill DDS,trojas.4493@example.com,CL,2024-02-04,Premium,27795.88
4494,Tracy Gutierrez,proctorscott.4494@example.com,SB,2021-06-27,Standard,38852.75
4495,David Harris,,MD,2020-07-08,Basic,24221.72
4496,Antonio Anthony Jr.,jnguyen.4496@example.com,DO,2025-02-25,Standard,46284.25
4497,Bobby Ford,wongcaleb.4497@example.com,SD,2021-11-07,Premium,25033.43
4498,John Davies,jason00.4498@example.com,CG,2023-03-23,Standard,1841.23
4499,Timothy Lozano,aperez.4499@example.com,RU,2023-10-07,Basic,6704.74
4500,Elizabeth Williams,adamsstephanie.4500@example.com,BZ,2025-10-07,Basic,20553.74
4501,Rachel Morton,jamesriley.4501@example.com,CF,2026-09-11,Standard,10449.54
4502,Dawn Lyons,danielroberts.4502@example.com,LC,2021-12-14,Standard,34760.71
4503,Carrie Walsh,wmiller.4503@example.com,NL,2026-03-26,Standard,17726.80
4504,Susan Boyd,burnettdawn.4504@example.com,KH,2021-07-21,Premium,20718.42
4505,Brian Barrett,david59.4505@example.com,CF,2020-10-28,Premium,25238.79
4506,Rebecca Melton,vross.4506@example.com,KG,2020-10-04,Premium,48971.75
4507,Jason Bennett,hopkinsjoseph.4507@example.com,EC,2020-07-30,Standard,15310.70
4508,Amber Miller,itorres.4508@example.com,KI,2020-10-19,Standard,2379.20
4509,Christopher Osborn IV,tburns.4509@example.com,CH,2020-12-13,Standard,33941.04
4510,Jasmine Lowe,matthew44.4510@example.com,RW,2020-05-31,Standard,5253.87
4511,Katherine Reed,williamgoodwin.4511@example.com,ZA,2020-08-01,Basic,43245.34
4512,Jason King,barbara81.4512@example.com,AD,2025-03-13,Premium,45434.11
4513,Rachel Hall,jessicafrancis.4513@example.com,TM,2025-08-30,Basic,44663.48
4514,David Anderson,johnsteele.4514@example.com,PS,2021-11-06,Premium,21405.32
4515,Shannon Hall,gomezdonna.4515@example.com,CF,2022-05-05,Standard,13985.69
4516,Ricardo Russell,syoung.4516@example.com,RS,2021-11-15,Premium,844.16
4517,Christopher Montgomery,evanjones.4517@example.com,IR,2024-07-12,Standard,13291.35
4518,Michael Daniels,veronica60.4518@example.com,BO,2021-04-25,Premium,33419.17
4519,Marc Mullins,brian68.4519@example.com,BO,2022-04-12,Basic,47475.54
4520,Jeffrey Navarro,xhayes.4520@example.com,MG,2025-06-03,Basic,28645.20
4521,Robert Richardson,blevinsraymond.4521@example.com,UG,2024-04-03,Basic,24160.53
4522,Reginald Johnson,leejessica.4522@example.com,EG,2023-10-04,Standard,18606.88
4523,William Moore,michael89.4523@example.com,MN,2020-10-16,Basic,25901.31
4524,Dr. Rachel Blake,marieortiz.4524@example.com,DZ,2020-04-12,Premium,33882.91
4525,Jennifer Hunt,justinbutler.4525@example.com,AM,2022-07-01,Premium,19416.07
4526,Jessica Robinson,wilsonalyssa.4526@example.com,AT,2026-04-12,Basic,12026.04
4527,Felicia Moses,gjensen.4527@example.com,TT,2025-12-29,Standard,23278.46
4528,Rachel Barrett,patelgabrielle.4528@example.com,BW,2024-12-27,Premium,12360.45
4529,Gina Bridges,orrbryce.4529@example.com,CO,2022-03-23,Standard,33998.01
4530,Aaron Gregory,nwilkinson.4530@example.com,FR,2025-04-16,Premium,37157.48
4531,Tristan Green,joshua45.4531@example.com,CU,2024-07-09,Standard,40612.83
4532,Sarah Ponce,fwright.4532@example.com,US,2021-01-03,Premium,18886.96
4533,Curtis Carter,amandavance.4533@example.com,EE,2020-05-02,Premium,37415.30
4534,Richard Perez,robert96.4534@example.com,FM,2023-10-13,Premium,22995.87
4535,Christopher Clark,ashley57.4535@example.com,YE,2022-05-24,Basic,610.63
4536,Aaron Nelson,wendy94.4536@example.com,ST,2020-05-21,Premium,16476.49
4537,Austin King,imartin.4537@example.com,GH,2024-05-29,Standard,31288.92
4538,Katie Guerra,ayoung.4538@example.com,TO,2026-02-27,Premium,44228.53
4539,Vanessa Shepherd,john81.4539@example.com,BS,2023-11-29,Premium,40845.44
4540,Kristin Cole,sylviabrown.4540@example.com,RO,2023-11-10,Premium,10792.07
4541,Christine Suarez,paulbrooks.4541@example.com,VE,2021-02-08,Standard,49196.68
4542,Matthew Odonnell,jason08.4542@example.com,EE,2020-09-09,Basic,4200.45
4543,Mrs. Kathy Ramirez,michael55.4543@example.com,TN,2021-07-14,Premium,18907.76
4544,Tracy Miller,qberg.4544@example.com,SZ,2021-04-05,Premium,38502.87
4545,Andrew Knox,ashley94.4545@example.com,CM,2021-07-24,Basic,41980.21
4546,Roy Watkins,diazanthony.4546@example.com,UY,2022-11-22,Basic,49699.86
4547,James Hayes,bturner.4547@example.com,UA,2024-09-07,Premium,26925.66
4548,Elizabeth Hughes,andersonmark.4548@example.com,KN,2026-03-01,Standard,29924.62
4549,Ashley Perry,michael75.4549@example.com,MH,2021-04-18,Standard,39132.43
4550,Sharon Hughes,jwatts.4550@example.com,ZA,2021-03-08,Basic,44309.34
4551,Linda Castro,amy20.4551@example.com,HN,2024-01-12,Standard,11147.89
4552,Parker Casey,warnerchristine.4552@example.com,BS,2025-01-31,Basic,17268.49
4553,Derrick Allen,jacksonjames.4553@example.com,PK,2026-03-22,Standard,24779.61
4554,Christopher Baker,codygriffin.4554@example.com,CO,2021-07-19,Basic,7700.03
4555,Christopher Mora,chad09.4555@example.com,IE,2023-01-23,Basic,40684.13
4556,Andrew Schmitt,lowemichael.4556@example.com,SI,2020-05-03,Standard,79.82
4557,Stephanie Rogers,zacharymitchell.4557@example.com,SY,2025-08-01,Standard,950.36
4558,Barbara Brown,ibarrajustin.4558@example.com,MR,2026-03-06,Standard,43336.91
4559,Hannah Santos,sullivanmelanie.4559@example.com,EC,2020-12-23,Basic,9125.88
4560,Robin Rowland,bjones.4560@example.com,HT,2025-06-23,Standard,48870.53
4561,Pamela Dominguez,rodriguezjeffery.4561@example.com,SI,2022-10-01,Basic,44904.92
4562,Tami Macias,thomasgiles.4562@example.com,SY,2022-12-24,Premium,48608.08
4563,Christopher Keller,heathercolon.4563@example.com,KN,2024-03-31,Basic,7908.98
4564,Michael Scott,kjones.4564@example.com,NZ,2020-05-27,Standard,21065.40
4565,Stacey Wilson,knightshawn.4565@example.com,KP,2022-09-23,Basic,25063.76
4566,John Lucero,dfisher.4566@example.com,TV,2023-02-14,Premium,36124.78
4567,Lisa Cross,abishop.4567@example.com,KG,2021-09-26,Basic,12521.58
4568,Emily Davidson,savannah09.4568@example.com,TO,2022-10-06,Basic,15397.55
4569,John King,davisrachel.4569@example.com,DJ,2021-01-21,Premium,24548.40
4570,April Powell,grahamgeorge.4570@example.com,DM,2021-12-19,Standard,25686.26
4571,Adam Lopez,nrivera.4571@example.com,BD,2025-11-12,Basic,9437.02
4572,Ashley Thompson,cynthiafrey.4572@example.com,MH,2023-09-14,Standard,45808.33
4573,Nicholas King,dburke.4573@example.com,MD,2021-05-09,Standard,20118.37
4574,Matthew Wallace,sarah98.4574@example.com,LV,2021-07-08,Basic,26982.08
4575,Andrew Juarez,mckinneylisa.4575@example.com,SK,2023-09-20,Standard,41886.70
4576,Kathy Herrera,markspatricia.4576@example.com,DO,2025-12-01,Basic,6536.90
4577,Fred Fleming,angela79.4577@example.com,PT,2024-05-04,Basic,47776.42
4578,Todd Wilson,andrewmullen.4578@example.com,PW,2024-09-30,Basic,946.34
4579,Dustin Hodge,gregory69.4579@example.com,ER,2021-03-09,Premium,38701.73
4580,Judy Thomas,jacqueline97.4580@example.com,LB,2021-10-01,Premium,45529.95
4581,Cody Zimmerman,andrew37.4581@example.com,LT,2023-12-13,Basic,40169.14
4582,Marcus Smith,dschultz.4582@example.com,MW,2022-02-21,Standard,5721.57
4583,Linda Chavez,hbrown.4583@example.com,CL,2025-06-11,Premium,21729.40
4584,Kristen Jacobson,michelle58.4584@example.com,DE,2020-11-01,Premium,44456.30
4585,Cassandra Collins,nathantorres.4585@example.com,SM,2022-12-09,Basic,14704.04
4586,Dean Finley,rtate.4586@example.com,HU,2020-08-17,Standard,14151.79
4587,Craig Montoya,derek73.4587@example.com,TR,2023-11-04,Premium,40952.13
4588,Linda Crosby,,UY,2021-05-13,Basic,37722.21
4589,William Andrews,smitherik.4589@example.com,SO,2021-04-21,Basic,2825.94
4590,Colton Brewer,erose.4590@example.com,VN,2026-04-06,Premium,25775.86
4591,Amber Richards,paula05.4591@example.com,BE,2024-05-03,Basic,2505.44
4592,Ronald May,cookrebecca.4592@example.com,DK,2024-01-10,Basic,25929.18
4593,Angela Murphy,jamieellis.4593@example.com,KP,2026-07-10,Standard,25424.19
4594,Alexander White,maydarius.4594@example.com,BO,2024-06-25,Basic,33124.43
4595,Tammy Williams,denisemcdonald.4595@example.com,MK,2022-09-20,Premium,32717.26
4596,Roger Mcguire,dcunningham.4596@example.com,MT,2024-03-16,Standard,26162.04
4597,Eric Vaughan,garciabarbara.4597@example.com,PE,2026-07-09,Basic,8054.11
4598,Mandy Reynolds,john92.4598@example.com,KR,2022-10-04,Standard,8338.81
4599,Jonathan Maynard,gwilliams.4599@example.com,MY,2023-04-19,Premium,43188.23
4600,Michelle Smith,cynthia04.4600@example.com,PH,2022-02-13,Standard,6162.14
4601,Danny Lee,wilsonjoan.4601@example.com,VA,2020-05-07,Premium,12806.25
4602,Kyle Hubbard,jessica89.4602@example.com,KZ,2024-09-08,Standard,23796.50
4603,Michael Reid,ojohnson.4603@example.com,AU,2024-01-03,Premium,18993.52
4604,Sarah Lopez,pellis.4604@example.com,PT,2026-06-20,Basic,14034.40
4605,Jorge Wright,samantha35.4605@example.com,MW,2023-08-25,Premium,35120.24
4606,Jennifer Esparza,muellerwilliam.4606@example.com,SV,2020-10-29,Standard,14294.64
4607,Ashley Hall,tjohnson.4607@example.com,KI,2024-08-04,Premium,23870.98
4608,Christine Thompson,kgaines.4608@example.com,CY,2020-06-13,Premium,43560.44
4609,Mike Little,dpayne.4609@example.com,HN,2023-04-24,Basic,31189.43
4610,Sierra Smith,frank62.4610@example.com,KZ,2022-07-03,Premium,9626.76
4611,Christian Brown,nancy12.4611@example.com,WS,2024-02-09,Basic,13173.58
4612,Ronnie Jackson,jrussell.4612@example.com,PE,2022-07-09,Premium,31686.09
4613,Selena Foster,colemanlisa.4613@example.com,AO,2023-02-15,Standard,23459.57
4614,Scott Cruz,edwardsmatthew.4614@example.com,BS,2024-04-01,Premium,25992.41
4615,Aaron Morales,brittany23.4615@example.com,CR,2021-09-20,Premium,14481.74
4616,Taylor Hahn,ahunter.4616@example.com,CV,2023-07-16,Standard,40221.93
4617,James Graves PhD,khanelizabeth.4617@example.com,BA,2024-11-28,Basic,12462.13
4618,Keith Martin,gonzalesjames.4618@example.com,ER,2020-03-30,Premium,15744.21
4619,Jennifer Sullivan,xtorres.4619@example.com,SZ,2024-08-01,Standard,25298.49
4620,Mary Hernandez,rodney51.4620@example.com,KI,2024-05-02,Premium,35441.92
4621,Charles Simpson,sharonsmith.4621@example.com,CV,2026-04-29,Premium,29215.86
4622,James Bradley,dana42.4622@example.com,NL,2023-07-03,Premium,15937.43
4623,Thomas Sanchez,mariagonzalez.4623@example.com,HN,2024-10-10,Premium,15664.65
4624,Steven Ray,zgray.4624@example.com,CY,2024-07-26,Premium,45452.67
4625,Nicholas Perkins,bishopsherri.4625@example.com,DE,2025-05-29,Premium,20307.98
4626,Megan Hughes,ugarcia.4626@example.com,LV,2025-06-16,Premium,12481.23
4627,Pamela Reeves,danielle70.4627@example.com,GD,2021-05-05,Standard,44618.74
4628,Barbara Stewart,shawn75.4628@example.com,KI,2020-08-28,Basic,43174.06
4629,Shelley Kennedy,paulrussell.4629@example.com,BO,2021-07-03,Premium,31638.57
4630,Joseph Brown,tammywoodard.4630@example.com,GA,2026-03-30,Premium,33466.19
4631,Scott Santos,laura69.4631@example.com,TD,2022-09-17,Standard,19955.74
4632,Stephanie Ellis,tfitzgerald.4632@example.com,QA,2020-11-07,Basic,24368.93
4633,Aaron Price,anelson.4633@example.com,ER,2025-08-30,Standard,21663.98
4634,Dawn Williams,okirk.4634@example.com,YE,2025-11-29,Basic,4618.39
4635,Frank Cole,rosejackson.4635@example.com,CV,2026-08-25,Standard,1028.03
4636,Amanda Ferrell,lauren95.4636@example.com,SY,2025-04-04,Basic,40949.00
4637,Adam Collins,denise55.4637@example.com,PH,2025-03-28,Basic,9191.56
4638,James Taylor,paulbond.4638@example.com,DJ,2021-07-31,Standard,39267.02
4639,Peggy Jackson,mikehill.4639@example.com,TH,2022-01-20,Premium,12512.08
4640,Sara Caldwell,dcook.4640@example.com,CG,2026-07-15,Premium,19822.11
4641,Tamara Estrada,danielreeves.4641@example.com,FM,2021-01-21,Premium,10013.95
4642,Kelsey Ross,dean73.4642@example.com,MK,2023-10-29,Premium,3915.58
4643,Veronica Le,elizabeth68.4643@example.com,KE,2024-03-25,Premium,47967.35
4644,Joshua Chavez,jennifer27.4644@example.com,SK,2026-07-29,Standard,46952.19
4645,Darlene Carter,ihowell.4645@example.com,NG,2024-10-07,Standard,9910.66
4646,Kristin James,ramosmichelle.4646@example.com,BN,2023-02-16,Basic,29936.82
4647,Donald Townsend,clarkjonathan.4647@example.com,MT,2020-10-25,Standard,3463.45
4648,Jeanette Pearson,maryjohnson.4648@example.com,NR,2022-12-25,Basic,15090.57
4649,Mrs. Shelly Coleman,mark07.4649@example.com,SK,2025-12-24,Basic,42093.79
4650,Anne Brown,edwardsvictoria.4650@example.com,LC,2023-06-10,Standard,31087.27
4651,Patrick Parker,ronaldrivera.4651@example.com,KP,2022-03-16,Standard,48625.97
4652,Christina Jefferson,ellisashley.4652@example.com,AE,2022-06-06,Basic,5561.44
4653,Shannon Ford,umyers.4653@example.com,MH,2026-07-16,Basic,14603.13
4654,Linda Powers,holmesjennifer.4654@example.com,GB,2023-01-24,Premium,36350.00
4655,James White,ramirezrebecca.4655@example.com,KR,2022-08-09,Standard,49002.23
4656,Melissa Acevedo,amaldonado.4656@example.com,DE,2024-01-29,Premium,46203.82
4657,Christie Flowers,qwilliams.4657@example.com,RO,2024-04-09,Standard,23688.89
4658,Mark Wolfe Jr.,gswanson.4658@example.com,MR,2025-11-08,Standard,15789.28
4659,Sheryl Lopez,todd50.4659@example.com,EC,2024-07-12,Standard,48275.68
4660,Colton Olson,millsbruce.4660@example.com,DJ,2024-04-30,Basic,11333.01
4661,Kristen Green,kimberly24.4661@example.com,MG,2022-09-16,Basic,6912.76
4662,Christine Frazier,floydchristopher.4662@example.com,BH,2022-09-25,Premium,11335.89
4663,Robert Cruz,littlelisa.4663@example.com,KR,2024-05-27,Premium,2031.52
4664,Ryan Huang,soneill.4664@example.com,SK,2024-12-17,Basic,6223.95
4665,Kyle Deleon,danielross.4665@example.com,FI,2024-04-04,Premium,31455.43
4666,Troy Lopez,hwalker.4666@example.com,LA,2020-11-07,Premium,7356.93
4667,Ashley Dominguez,pattonjohn.4667@example.com,HN,2025-04-06,Premium,31699.16
4668,James Schmitt,trujillodesiree.4668@example.com,VE,2020-06-26,Premium,41563.68
4669,Jason Williams,thomas19.4669@example.com,US,2024-05-18,Basic,48309.24
4670,Andrew Ortiz,ramirezchristine.4670@example.com,TV,2021-09-02,Basic,31541.29
4671,Jennifer Gonzales,yhudson.4671@example.com,RW,2021-12-26,Standard,14923.99
4672,Mary Callahan,nicoleesparza.4672@example.com,KG,2020-09-22,Premium,41124.61
4673,Joshua Cain,sarah15.4673@example.com,VU,2020-05-23,Basic,19356.67
4674,Victoria White,pswanson.4674@example.com,CF,2025-03-21,Standard,31075.46
4675,Krista Adkins,ianhurst.4675@example.com,BW,2025-10-01,Standard,5601.17
4676,Michael Robbins,randolphmichael.4676@example.com,CV,2025-12-06,Premium,41886.28
4677,Robert Johnson,hrobertson.4677@example.com,ST,2023-10-25,Basic,16936.73
4678,Robin Sanchez,bthompson.4678@example.com,BB,2023-05-25,Premium,901.16
4679,Randall Adams,ericaedwards.4679@example.com,CY,2024-08-29,Premium,13838.80
4680,Lisa Cabrera,ohenry.4680@example.com,GY,2026-06-29,Standard,42169.11
4681,Christopher Jones,qowen.4681@example.com,MC,2023-04-20,Standard,11434.97
4682,Jamie Black,erikastevens.4682@example.com,MM,2022-05-14,Premium,5788.68
4683,Melissa Moore,kellymadeline.4683@example.com,VA,2024-08-02,Premium,28402.07
4684,Teresa Santiago,marylee.4684@example.com,LT,2023-05-28,Premium,39281.25
4685,Melissa White,nicole47.4685@example.com,HR,2022-12-14,Standard,48141.11
4686,Robert Costa,todd21.4686@example.com,IT,2025-04-06,Basic,37430.03
4687,Samantha Cox,danamalone.4687@example.com,BJ,2020-03-23,Basic,28039.59
4688,Angela Ortega,amber37.4688@example.com,GE,2020-03-28,Standard,19671.22
4689,William Kent,thomascook.4689@example.com,TN,2026-03-26,Standard,16922.25
4690,Mrs. Amber King,hayesjoseph.4690@example.com,GN,2025-07-18,Premium,35310.89
4691,Hannah Robinson,dfisher.4691@example.com,UA,2025-09-01,Premium,21899.26
4692,Gabriela Gates,ryan20.4692@example.com,SG,2020-09-30,Premium,8698.53
4693,Michael Calhoun,charles60.4693@example.com,TD,2024-05-15,Premium,26884.40
4694,Michelle Dean,fwells.4694@example.com,MY,2020-03-30,Premium,27615.18
4695,Johnny Mcdonald,xkrause.4695@example.com,SD,2026-03-29,Basic,30358.93
4696,Jeffrey Hoffman,poncesarah.4696@example.com,RW,2022-01-09,Basic,4917.28
4697,Karla Nelson,cooperscott.4697@example.com,SZ,2020-02-10,Premium,3593.32
4698,Christy Mason,martinkelly.4698@example.com,KM,2021-05-07,Premium,4899.33
4699,Melissa Moreno,simpsonkevin.4699@example.com,FR,2022-09-04,Basic,11013.78
4700,Andrew Camacho MD,austinevans.4700@example.com,MR,2024-12-11,Premium,37859.06
4701,Anthony Gonzalez,james57.4701@example.com,HT,2023-09-21,Premium,26352.98
4702,Andrea Whitney,william49.4702@example.com,PK,2025-07-11,Premium,23498.33
4703,Maria Donovan,peckmorgan.4703@example.com,SZ,2021-11-22,Standard,36074.49
4704,George Huffman,carmen96.4704@example.com,MD,2021-05-08,Standard,15254.56
4705,Justin Elliott,andrew22.4705@example.com,IQ,2022-11-05,Premium,12686.34
4706,Elizabeth Long,fgeorge.4706@example.com,LA,2021-09-25,Standard,32688.64
4707,John Davis,julie29.4707@example.com,KE,2024-12-02,Premium,44092.77
4708,Andrew Cole,deanwong.4708@example.com,BE,2020-02-07,Basic,49633.50
4709,Charles Martinez,karlrodriguez.4709@example.com,FR,2023-11-18,Basic,28002.74
4710,Jeffrey Baker,adkinsmelissa.4710@example.com,ZW,2020-12-02,Standard,30329.47
4711,Steven Washington,holly24.4711@example.com,KR,2023-01-08,Standard,9274.38
4712,Ricardo Gray,sonya76.4712@example.com,LV,2022-09-06,Basic,7209.35
4713,Amy Edwards,whernandez.4713@example.com,AM,2026-02-24,Premium,29516.87
4714,Wendy Miller,denise76.4714@example.com,OM,2026-02-07,Premium,21832.91
4715,Melissa Saunders,fbishop.4715@example.com,SD,2022-08-19,Standard,45668.25
4716,Michael Brown,rdennis.4716@example.com,MG,2020-07-05,Standard,7043.13
4717,Matthew Johnson,tylermichael.4717@example.com,TJ,2022-09-09,Premium,46015.54
4718,Jonathon Stokes,kellymeghan.4718@example.com,MH,2022-01-27,Premium,12638.23
4719,Mr. Raymond Holmes Jr.,jeffrey84.4719@example.com,BR,2020-01-03,Basic,15150.26
4720,Lisa Carney,dochoa.4720@example.com,LV,2023-07-04,Standard,40042.34
4721,Ryan Barnes,reynoldsamanda.4721@example.com,RO,2023-09-12,Standard,25223.91
4722,Gabriel Moon,carla27.4722@example.com,HU,2026-01-10,Premium,47881.48
4723,Monica Salas,hthomas.4723@example.com,SE,2021-01-29,Standard,24119.59
4724,Roy Tyler,padillamike.4724@example.com,JO,2023-12-07,Standard,11636.36
4725,Tracey Vargas,nrodriguez.4725@example.com,WS,2022-11-16,Basic,44306.54
4726,Philip Sanders,susanjones.4726@example.com,DK,2020-12-08,Premium,37973.86
4727,Mr. Lawrence Smith,banksdavid.4727@example.com,TN,2022-03-12,Standard,31483.48
4728,Nicole Whitney,hickmanrobin.4728@example.com,LA,2024-06-19,Standard,16414.16
4729,Randall Ponce,webbmelinda.4729@example.com,KP,2025-01-25,Standard,30490.28
4730,Matthew Arellano,rburke.4730@example.com,VE,2021-03-05,Premium,21095.52
4731,Rebecca Roberts,wagnerjustin.4731@example.com,MT,2020-08-31,Basic,23663.89
4732,Isaac Wilson,katherine43.4732@example.com,LC,2025-07-15,Premium,46286.30
4733,Brandi Richards,feliciaarmstrong.4733@example.com,CR,2023-08-16,Premium,4024.88
4734,Mrs. Angelica Baird DDS,elaine04.4734@example.com,PG,2026-04-14,Standard,26028.18
4735,Gregory Baker,potterjessica.4735@example.com,GA,2025-10-28,Premium,23132.95
4736,Misty Martin,catherine92.4736@example.com,GH,2026-02-18,Basic,27770.35
4737,Troy Giles,drussell.4737@example.com,MD,2025-10-03,Standard,8896.15
4738,Thomas Ramirez,hooverleonard.4738@example.com,BY,2021-03-08,Standard,35277.42
4739,Tonya Parker,emily07.4739@example.com,IS,2022-05-24,Premium,38791.54
4740,Sydney Meyer DDS,christine04.4740@example.com,LS,2023-08-03,Basic,24410.26
4741,Peter Bullock,justin90.4741@example.com,NA,2024-04-20,Premium,15387.86
4742,Trevor Pennington,mistyjohnson.4742@example.com,SN,2022-04-05,Premium,16865.18
4743,Colleen Mclean,lewisjonathon.4743@example.com,BW,2020-04-01,Premium,41706.78
4744,Brian Oconnor,terrismith.4744@example.com,MA,2020-12-01,Basic,35346.56
4745,Christopher Sweeney,andrewadams.4745@example.com,CN,2024-07-06,Premium,44934.96
4746,Stephen Parker,gary01.4746@example.com,KR,2024-04-11,Premium,7298.02
4747,Noah Woods,margaret73.4747@example.com,YE,2022-10-03,Premium,38103.90
4748,Margaret Bruce,aaronscott.4748@example.com,SL,2025-12-24,Standard,14629.98
4749,Derek Garcia,john22.4749@example.com,BF,2020-09-01,Standard,5658.12
4750,Dr. Rebecca Garrett,davenportjesus.4750@example.com,TR,2020-02-21,Basic,2993.84
4751,Mark Mcgee Jr.,lopezmichael.4751@example.com,AE,2020-07-15,Standard,10318.38
4752,Jonathan Delgado,rachel78.4752@example.com,NA,2021-09-12,Basic,3055.77
4753,Jonathan Vargas,bernardchristina.4753@example.com,PL,2022-02-10,Premium,13872.39
4754,Corey Stewart,johnsonerin.4754@example.com,PS,2025-01-18,Standard,45373.86
4755,Laura Roberts,christopher74.4755@example.com,TZ,2021-11-26,Basic,19755.54
4756,Theresa Sanchez,sabrinapeterson.4756@example.com,DO,2023-09-20,Unknown,47410.86
4757,Sergio White,douglas48.4757@example.com,EC,2020-07-15,Basic,40919.30
4758,Christopher Ruiz,edwardrice.4758@example.com,ID,2021-01-06,Premium,1499.45
4759,Allison Brown,nkrause.4759@example.com,GH,2024-12-25,Standard,23935.95
4760,Mrs. Megan Hoffman,lhamilton.4760@example.com,FR,2021-08-24,Standard,1295.85
4761,Sean Humphrey,dennis29.4761@example.com,TV,2023-08-28,Basic,44246.43
4762,Kevin Thomas,kanesarah.4762@example.com,GE,2026-08-02,Premium,21946.34
4763,Craig Austin,mary97.4763@example.com,FR,2026-07-22,Standard,21588.69
4764,James Colon,ricedenise.4764@example.com,TL,2023-10-09,Premium,6052.23
4765,Kathleen Ortiz,rcampos.4765@example.com,IR,2021-10-12,Basic,15166.84
4766,Micheal Bruce,marcia49.4766@example.com,LY,2026-01-29,Basic,239.81
4767,Katherine Davis,reidrhonda.4767@example.com,GE,2020-02-02,Basic,723.37
4768,Ms. Gloria Blanchard DDS,danielle60.4768@example.com,KM,2026-03-25,Standard,39926.31
4769,Steven Ross,lmeyer.4769@example.com,RS,2025-08-10,Standard,1946.65
4770,Troy Mcguire,clarkrobert.4770@example.com,MC,2024-09-23,Premium,19160.50
4771,David Barajas,daniel88.4771@example.com,DJ,2026-07-18,Basic,19257.34
4772,Ricky Rollins,cynthialeonard.4772@example.com,TO,2021-05-12,Basic,18343.73
4773,Jamie Blackburn,zgray.4773@example.com,LB,2022-04-03,Basic,40110.95
4774,Michael Johns,zcrawford.4774@example.com,TG,2022-02-01,Basic,34833.10
4775,Jasmine Sanders,michaelsutton.4775@example.com,AT,2026-01-07,Standard,27826.26
4776,Mary Miller,sarah26.4776@example.com,LV,2025-08-31,Premium,46911.20
4777,Jordan Carter,carolyn64.4777@example.com,KM,2020-08-13,Premium,33072.80
4778,Stanley Reed,camachogregory.4778@example.com,KN,2025-04-26,Standard,37513.70
4779,Stephanie Ewing,jonesanthony.4779@example.com,DO,2026-08-24,Standard,43854.65
4780,Megan Ross,johnsonmark.4780@example.com,MX,2021-11-02,Standard,23544.78
4781,Joann Wallace,qfrey.4781@example.com,ZW,2024-05-14,Premium,44779.78
4782,Benjamin Jackson,paul10.4782@example.com,ML,2022-07-12,Standard,21729.04
4783,Dr. Christopher Phelps,tamara59.4783@example.com,JO,2024-12-20,Basic,20584.77
4784,Suzanne Herrera,brandonmelendez.4784@example.com,SO,2022-05-02,Premium,10321.62
4785,Tonya Obrien,paulagarcia.4785@example.com,LK,2021-12-27,Standard,4040.44
4786,Stacey Santiago,ycarson.4786@example.com,UY,2026-06-10,Premium,25197.36
4787,Amber Harding,hcrawford.4787@example.com,GE,2026-01-31,Premium,46666.31
4788,Paul Lewis,williamscorey.4788@example.com,FM,2024-01-14,Premium,31651.32
4789,Bryan Brady,christophermyers.4789@example.com,GY,2025-10-07,Standard,46700.01
4790,Bryan Bauer,mooredavid.4790@example.com,AT,2020-04-08,Standard,2765.75
4791,Janet Juarez,lowerobert.4791@example.com,TG,2023-06-06,Standard,15622.69
4792,Garrett Singleton,fbrown.4792@example.com,MZ,2026-05-29,Standard,48797.10
4793,Barbara Miller,jross.4793@example.com,CI,2024-09-30,Standard,642.93
4794,Donald Watson,tracy39.4794@example.com,LV,2021-06-23,Basic,39953.56
4795,Daniel Leon,royadams.4795@example.com,SK,2025-07-29,Standard,30239.44
4796,Hector Villarreal,amandacarrillo.4796@example.com,LC,2026-05-06,Premium,43085.68
4797,Erin Sims,lclarke.4797@example.com,VE,2025-08-12,Standard,20427.15
4798,Kristina Smith,lorimccormick.4798@example.com,PK,2023-09-21,Premium,27405.95
4799,Angela Moore,adamsmark.4799@example.com,AL,2023-02-14,Basic,19193.31
4800,Mackenzie Lee,umiles.4800@example.com,EC,2025-12-20,Premium,16902.48
4801,Angela Scott,suarezwilliam.4801@example.com,NG,2024-05-21,Premium,8004.79
4802,Melissa Estrada,,SY,2024-08-16,Basic,9202.47
4803,Tiffany Martin,zhall.4803@example.com,AF,2021-11-12,Premium,1774.25
4804,James Cain,kelly17.4804@example.com,UZ,2020-07-18,Standard,6093.05
4805,Margaret Madden,vthomas.4805@example.com,LB,2022-05-25,Premium,35776.64
4806,Charles Short,scott17.4806@example.com,KN,2023-02-01,Basic,2363.84
4807,Mitchell King,james56.4807@example.com,VN,2025-09-14,Premium,18723.59
4808,Mike Todd,alexandernicholson.4808@example.com,YE,2020-12-17,Premium,5795.32
4809,Katherine Ortega,evanssharon.4809@example.com,TH,2023-01-09,Premium,30511.78
4810,Michelle Mclaughlin,cody24.4810@example.com,BN,2021-05-15,Premium,33575.60
4811,Tiffany Owens,xdavis.4811@example.com,SI,2022-06-14,Premium,47252.00
4812,Angela Lewis,malonejeffrey.4812@example.com,MV,2025-10-17,Basic,23681.83
4813,Dr. Monica Carrillo,barrondavid.4813@example.com,BO,2022-12-22,Premium,40646.09
4814,Joseph Strong,brianallison.4814@example.com,TM,2020-09-11,Standard,17261.09
4815,Melinda Bryan,cdelacruz.4815@example.com,SO,2025-06-13,Premium,29519.09
4816,Susan Massey,hector74.4816@example.com,BI,2025-05-05,Standard,39659.20
4817,Tamara Duran,kenneth74.4817@example.com,SK,2023-04-15,Premium,32278.60
4818,Nicholas Vazquez,michelle55.4818@example.com,AU,2023-06-23,Basic,7728.51
4819,William Christian,mdavis.4819@example.com,DM,2026-01-03,Premium,15863.06
4820,Michele Brown,ashleymcguire.4820@example.com,MM,2022-03-13,Premium,48284.34
4821,Wendy Clements,cchandler.4821@example.com,CN,2021-10-04,Premium,5430.92
4822,Brent Walters,justindiaz.4822@example.com,TM,2025-10-21,Premium,14486.12
4823,Christina Miller,christopher64.4823@example.com,FJ,2022-05-11,Standard,38505.58
4824,Tracey Henderson,rtaylor.4824@example.com,AO,2022-10-19,Basic,24913.48
4825,Kristi Grant,gramirez.4825@example.com,CD,2020-10-16,Standard,44507.45
4826,Erika Gilmore,melissa54.4826@example.com,GE,2024-11-26,Standard,15030.05
4827,Catherine Johnson,hjones.4827@example.com,EC,2021-04-07,Basic,43536.78
4828,Morgan Johnson,donna72.4828@example.com,AG,2021-08-21,Basic,6487.32
4829,Brian Rodriguez,zreid.4829@example.com,BF,2024-01-26,Basic,42348.39
4830,Sherry Tran,leejennifer.4830@example.com,LR,2020-05-03,Standard,33871.67
4831,Morgan Schroeder,jessicathomas.4831@example.com,CA,2020-09-11,Premium,14515.73
4832,Megan Ellis,nsilva.4832@example.com,SR,2021-12-07,Basic,46546.38
4833,Emily Estrada,gregorywilson.4833@example.com,TJ,2025-10-16,Premium,3689.05
4834,Anita Fitzgerald,icarter.4834@example.com,ER,2023-05-30,Standard,46381.25
4835,Luke Bell,renee62.4835@example.com,TT,2021-05-28,Basic,33323.49
4836,Andrea Morris,jchristian.4836@example.com,AF,2020-11-13,Premium,41837.19
4837,Emily Ward,dyoung.4837@example.com,ML,2020-12-09,Standard,7382.74
4838,Anthony Jones,vcooper.4838@example.com,KN,2020-10-16,Basic,10961.14
4839,Brad Mason,hallregina.4839@example.com,PG,2024-11-13,Basic,17050.33
4840,Elizabeth Lee,qsummers.4840@example.com,PY,2024-04-30,Basic,36980.18
4841,David Parker,randy05.4841@example.com,MK,2020-11-16,Standard,8896.83
4842,Carlos Crawford,butlergabriela.4842@example.com,TR,2026-08-24,Basic,2440.28
4843,James Moran,donnasaunders.4843@example.com,BY,2020-10-05,Standard,25403.94
4844,Richard Davis,zroberts.4844@example.com,HN,2021-04-08,Standard,36186.85
4845,Robert Estrada,bkelly.4845@example.com,SM,2020-10-25,Basic,14447.65
4846,Todd Simmons,glopez.4846@example.com,ER,2020-06-03,Standard,15295.53
4847,Valerie Brown,donaldallen.4847@example.com,PL,2023-02-15,Premium,26270.80
4848,Diane Sanders,portertiffany.4848@example.com,TG,2024-10-19,Basic,42755.45
4849,Deborah Freeman,rebeccale.4849@example.com,SZ,2025-05-08,Premium,14363.07
4850,John Peterson,ggregory.4850@example.com,SC,2022-03-18,Premium,30286.24
4851,Peter Harper,nwalker.4851@example.com,CM,2022-09-15,Standard,1573.16
4852,Elizabeth Bailey,ologan.4852@example.com,LS,2021-06-19,Basic,23396.03
4853,Dean Hamilton,imartinez.4853@example.com,VE,2026-01-27,Basic,35074.73
4854,Theresa Taylor,william73.4854@example.com,MT,2020-08-13,Basic,41533.15
4855,Mario Duke,marylong.4855@example.com,GN,2025-08-29,Standard,16976.07
4856,James Craig,stanleykelly.4856@example.com,MW,2026-06-30,Basic,18809.01
4857,Stacy Parker,sparker.4857@example.com,TO,2023-07-07,Standard,47439.22
4858,Edward Meadows,mcdowellkrystal.4858@example.com,FM,2020-05-28,Premium,7407.36
4859,Gina Ferguson,mcintyrecrystal.4859@example.com,CG,2026-01-23,Standard,38206.22
4860,Sandra Owens,jessica14.4860@example.com,CD,2025-10-20,Standard,47182.16
4861,Adam Garcia,yramirez.4861@example.com,CH,2025-02-02,Basic,33819.51
4862,Amanda Phillips,wdickerson.4862@example.com,UA,2024-12-16,Basic,22674.42
4863,Sabrina Johns,james53.4863@example.com,IL,2022-04-12,Basic,48226.30
4864,Thomas Lynch,pgriffin.4864@example.com,DK,2020-04-27,Standard,16489.76
4865,Laura Pollard,csmith.4865@example.com,BA,2022-10-05,Standard,16715.95
4866,Laura Carlson,robertjones.4866@example.com,IQ,2023-01-14,Premium,17718.96
4867,James Spears,miranda43.4867@example.com,BR,2023-02-04,Basic,23139.27
4868,Ashley Brandt,williamsalexandra.4868@example.com,TJ,2023-08-24,Basic,28121.11
4869,Alex Nichols,ufreeman.4869@example.com,NI,2022-03-27,Basic,22658.90
4870,Charles Dorsey,moorekyle.4870@example.com,NG,2020-12-27,Premium,30704.07
4871,George Lewis,jessicaadams.4871@example.com,GM,2026-06-29,Premium,2516.34
4872,Justin Bell,robertsalazar.4872@example.com,CO,2025-10-06,Basic,13916.93
4873,Tiffany Serrano,jonathananderson.4873@example.com,SY,2023-04-05,Standard,4812.24
4874,Megan Rodriguez,jamiegreene.4874@example.com,NL,2022-09-17,Standard,15967.07
4875,Lisa Johnson,juan74.4875@example.com,CG,2025-01-18,Standard,49721.95
4876,Alexis Gardner,petergreen.4876@example.com,SE,2026-08-17,Basic,30912.56
4877,Jordan Zuniga,wellsjulie.4877@example.com,TL,2024-02-03,Basic,16528.37
4878,Linda Booker,meyerdanielle.4878@example.com,SB,2021-09-13,Premium,44660.59
4879,Rachael Williams,iharrison.4879@example.com,FI,2025-08-11,Basic,2516.40
4880,Morgan Fitzgerald,mathewsjenna.4880@example.com,VN,2024-12-02,Standard,47675.48
4881,Michael Fleming,marcussanford.4881@example.com,TG,2021-02-02,Premium,30653.44
4882,Cynthia Brown,michael50.4882@example.com,DK,2023-05-08,Premium,39161.70
4883,Stephen Palmer,fostercasey.4883@example.com,OM,2026-02-08,Premium,41397.16
4884,Joy Bishop,michelle91.4884@example.com,BT,2020-12-02,Basic,22876.20
4885,Vicki Spencer,robinroberts.4885@example.com,TD,2022-07-12,Premium,17404.67
4886,Kathleen Shaw,millerrebecca.4886@example.com,IE,2024-03-27,Basic,10567.23
4887,Stephanie Young,fwilliams.4887@example.com,DO,2024-08-17,Standard,17652.53
4888,Nicole Cantu,pamela76.4888@example.com,IQ,2021-12-16,Basic,35293.29
4889,Alex Barr,christopher80.4889@example.com,IE,2025-02-02,Basic,34515.85
4890,Jennifer Rogers,wongerin.4890@example.com,ER,2020-12-01,Basic,44032.69
4891,Ryan Jackson,shahstephen.4891@example.com,SD,2025-08-05,Standard,1604.70
4892,Keith Hoffman,donnamorrison.4892@example.com,MR,2026-05-01,Premium,12375.94
4893,Sue Davis,whardin.4893@example.com,RW,2025-05-01,Standard,47530.92
4894,Kayla Pruitt,sallymason.4894@example.com,LC,2025-12-16,Premium,32241.69
4895,Deborah Rose,turnermelanie.4895@example.com,FJ,2022-03-29,Premium,38718.24
4896,Shannon Freeman,duffydonna.4896@example.com,EE,2026-01-30,Premium,43649.12
4897,James Logan,davidharrison.4897@example.com,SG,2025-07-27,Premium,44858.68
4898,Michael Cox,atkinscrystal.4898@example.com,NZ,2023-01-08,Premium,17124.22
4899,Kevin Daugherty,pward.4899@example.com,LB,2023-08-17,Premium,27689.94
4900,Andrew Conner,russell38.4900@example.com,GR,2020-12-18,Standard,9388.14
4901,Michael Bowen,larry43.4901@example.com,GQ,2022-04-15,Standard,29642.75
4902,Victoria Ortiz,eduardomcdonald.4902@example.com,PA,2021-06-17,Premium,49057.19
4903,Katelyn Washington,brownpatricia.4903@example.com,PH,2024-05-20,Premium,25825.64
4904,Sue White,ricardomartinez.4904@example.com,DK,2026-01-18,Premium,49348.99
4905,Sean Castillo,richardcastro.4905@example.com,DZ,2021-04-01,Basic,28635.44
4906,Joseph Davenport,marycollins.4906@example.com,DO,2022-01-12,Basic,16845.61
4907,Paul Ramirez,brownashley.4907@example.com,BA,2026-04-28,Standard,26298.84
4908,Jennifer Lewis,christopher21.4908@example.com,ME,2021-01-31,Basic,27542.59
4909,Jessica Fitzgerald,rossamanda.4909@example.com,CU,2024-03-05,Standard,44257.94
4910,Joel Carter,hflores.4910@example.com,MT,2026-04-22,Premium,11556.58
4911,Katherine Lewis,jonesjasmine.4911@example.com,FI,2020-09-18,Basic,49156.77
4912,Lindsey Jones,timothy01.4912@example.com,PK,2024-07-31,Premium,11201.76
4913,William Morgan,laura20.4913@example.com,OM,2023-11-17,Standard,34710.71
4914,Jennifer Taylor,gonzalesjoseph.4914@example.com,SB,2021-11-23,Standard,13679.74
4915,Julie Martinez,vmann.4915@example.com,WS,2025-11-18,Standard,49965.65
4916,Justin Mendoza,rebecca22.4916@example.com,AU,2022-02-21,Basic,49998.03
4917,Christine Ross,martinvictoria.4917@example.com,CU,2023-04-08,Premium,39488.79
4918,Gary Adkins,annreid.4918@example.com,JO,2025-11-09,Premium,40162.57
4919,William Nash,christinarobinson.4919@example.com,TO,2024-04-27,Basic,5587.30
4920,Andrew Brown,judy88.4920@example.com,AF,2025-11-08,Standard,28148.00
4921,Sean Greene,robertjohnson.4921@example.com,TN,2020-11-03,Standard,42513.71
4922,Gwendolyn Griffin,scott48.4922@example.com,SK,2023-08-02,Basic,19076.11
4923,Vickie Johnston,donaldsosa.4923@example.com,LT,2025-11-03,Basic,44010.99
4924,Heather Mcgee,kathryn24.4924@example.com,LI,2020-11-15,Basic,30031.78
4925,Rachael Smith,sean01.4925@example.com,IT,2020-07-13,Basic,26196.33
4926,Lisa Kelley,sjones.4926@example.com,TV,2023-01-20,Premium,33129.71
4927,James Ruiz,josephlewis.4927@example.com,LY,2024-04-15,Premium,1252.87
4928,Sydney Brewer,wyatttimothy.4928@example.com,MT,2020-07-17,Standard,3295.59
4929,Thomas Rodriguez,ellenmorgan.4929@example.com,BR,2025-09-16,Standard,14237.24
4930,Jerry Green,reynoldsjuan.4930@example.com,SD,2021-08-19,Premium,9719.92
4931,Christopher Walker,msingleton.4931@example.com,HN,2022-08-25,Standard,32688.14
4932,Robert Mathis,tiffanyday.4932@example.com,DK,2024-03-29,Standard,2640.34
4933,Elizabeth Ford,perryhendricks.4933@example.com,MD,2023-11-26,Premium,30813.29
4934,Amanda Scott,millermelissa.4934@example.com,RW,2025-09-30,Basic,39591.71
4935,Bailey Anderson,hthompson.4935@example.com,TT,2022-12-30,Standard,5298.31
4936,Philip Collins,cjohnson.4936@example.com,MW,2022-01-26,Standard,10447.84
4937,Amber Wade,michelleestes.4937@example.com,VU,2020-04-03,Standard,32452.08
4938,Hannah Bates,austinschneider.4938@example.com,ML,2020-02-02,Standard,23707.54
4939,Lisa Beck,rcampbell.4939@example.com,BY,2026-06-25,Basic,31880.03
4940,Stanley Golden,johnsonfernando.4940@example.com,ST,2026-01-28,Basic,15415.44
4941,Mark Page,vduran.4941@example.com,RO,2025-08-15,Premium,23798.51
4942,Adam Sherman,cassandra78.4942@example.com,AE,2023-12-27,Standard,1768.30
4943,Robert Zimmerman,michele63.4943@example.com,AU,2024-12-08,Standard,28482.45
4944,Cheryl Luna,alyssamcdowell.4944@example.com,FI,2022-05-04,Premium,48714.58
4945,Kevin Nunez DVM,elizabeth52.4945@example.com,RS,2023-12-27,Basic,6945.77
4946,Jason Ramirez,jenkinsrichard.4946@example.com,RU,2021-11-07,Basic,29399.96
4947,Gregg Edwards,gerald51.4947@example.com,CY,2023-12-05,Basic,24897.06
4948,John Carrillo,kathy27.4948@example.com,MZ,2020-11-09,Basic,14665.95
4949,Barbara Valdez,yangrobert.4949@example.com,LB,2026-01-23,Standard,7852.20
4950,Kimberly Duran,denisesimpson.4950@example.com,TD,2021-06-01,Standard,35269.23
4951,Mariah Rivers,vcraig.4951@example.com,IS,2021-04-04,Premium,22596.05
4952,Benjamin Williams,dale95.4952@example.com,LV,2023-07-29,Basic,15637.28
4953,Jessica Salazar,stanleylisa.4953@example.com,BG,2023-11-01,Basic,6258.48
4954,Jonathan Rose,bruceelizabeth.4954@example.com,CZ,2020-03-23,Basic,23894.69
4955,Melody Andrade,gonzalezmark.4955@example.com,JM,2021-11-21,Standard,17143.66
4956,Tamara George,michelleguerrero.4956@example.com,PW,2024-03-23,Basic,24693.78
4957,Joshua Kerr,nathanmoore.4957@example.com,MH,2021-03-26,Basic,3151.95
4958,Edwin Miller,harringtonmary.4958@example.com,MU,2023-05-05,Standard,20493.39
4959,Michael Gardner,obaker.4959@example.com,IS,2024-11-09,Premium,36419.47
4960,Amanda Montgomery,obrienkelsey.4960@example.com,TR,2022-08-25,Basic,335.14
4961,Janice Moore,emilyshaffer.4961@example.com,AL,2020-02-26,Basic,16579.95
4962,Kayla Green,bishopangela.4962@example.com,JO,2022-11-22,Standard,490.55
4963,Deborah Dunn,edward09.4963@example.com,NA,2025-02-28,Standard,34791.26
4964,James Atkinson,susan54.4964@example.com,VE,2023-08-15,Basic,28298.99
4965,Nicholas Rodriguez,georgelopez.4965@example.com,MU,2021-08-01,Basic,12941.99
4966,Geoffrey Booth DDS,catherine75.4966@example.com,VN,2021-05-26,Standard,20445.46
4967,Marcus Pearson,nicholsondaniel.4967@example.com,CO,2021-09-01,Premium,49177.76
4968,Robert Reed,mbenson.4968@example.com,BA,2024-01-20,Premium,31874.15
4969,Whitney Graham,rebecca20.4969@example.com,EE,2026-05-22,Premium,29054.22
4970,Lisa Smith,jennifer67.4970@example.com,TO,2025-06-27,Premium,17279.53
4971,Angelica Hall,lozanobrian.4971@example.com,IS,2020-09-18,Basic,20812.92
4972,Colton Taylor,tylerromero.4972@example.com,RW,2024-01-03,Premium,49136.34
4973,Brittany Winters DDS,karenhoffman.4973@example.com,IL,2024-12-06,Basic,22246.80
4974,Taylor Romero,lstevens.4974@example.com,KZ,2024-12-26,Basic,27730.06
4975,Angela Mendoza,georgejennifer.4975@example.com,IQ,2020-05-29,Basic,16177.96
4976,Mike Wallace,corey83.4976@example.com,JM,2022-02-21,Standard,7379.13
4977,Nancy Newton,qdunlap.4977@example.com,DJ,2024-06-24,Standard,2983.78
4978,Monica Thomas,wbeard.4978@example.com,GY,2021-01-01,Standard,35442.46
4979,Joann Murphy,nicholaswilliams.4979@example.com,CL,2025-11-02,Premium,23654.19
4980,Wayne Perez,romanjacqueline.4980@example.com,BI,2021-03-20,Standard,29179.19
4981,Amy Johnson,wandapotts.4981@example.com,TW,2022-01-21,Premium,25159.83
4982,Amanda Buchanan,gdean.4982@example.com,MV,2021-03-04,Basic,26920.66
4983,Bradley Ramirez,smithpaul.4983@example.com,UY,2023-09-11,Premium,30620.39
4984,Lori Wise,rachel81.4984@example.com,PK,2021-09-01,Premium,45489.17
4985,Jon Jackson,gbrown.4985@example.com,LI,2024-07-31,Standard,39164.21
4986,Justin Reeves,salinasmichael.4986@example.com,GR,2023-03-07,Basic,20673.88
4987,Eugene Moore,spatel.4987@example.com,YE,2023-12-22,Standard,19748.52
4988,Julie Bender,fhamilton.4988@example.com,CR,2020-03-24,Standard,1933.71
4989,Jeremy Wood,charles66.4989@example.com,CO,2022-07-07,Standard,26744.22
4990,Jamie Lewis,rrodriguez.4990@example.com,FJ,2020-02-25,Premium,39401.93
4991,Kelly Walker,tayloreric.4991@example.com,CU,2021-11-28,Premium,10375.25
4992,Denise Gomez,oallen.4992@example.com,MR,2020-09-15,Basic,35690.53
4993,Joseph Green,amccarthy.4993@example.com,SL,2021-06-11,Standard,44196.77
4994,Richard Wang,travis85.4994@example.com,AZ,2021-03-19,Standard,27074.12
4995,Michele Jones,nlivingston.4995@example.com,DE,2022-11-20,Standard,25757.01
4996,Kevin Tapia,davidfaulkner.4996@example.com,AZ,2021-07-15,Premium,11265.20
4997,Sandra Ramirez,andersonwayne.4997@example.com,SD,2023-10-19,Premium,48932.46
4998,Jonathan Willis,elizabeth45.4998@example.com,BG,2026-01-24,Premium,44762.81
4999,Brent Callahan,lawrence79.4999@example.com,TM,2026-07-17,Basic,8494.05
5000,Adam Griffin,anthonyedwards.5000@example.com,BF,2023-12-23,Standard,14891.45
5001,Michelle Henderson,thomaspamela.5001@example.com,MM,2020-11-20,Basic,36048.86
5002,Chad Adams,wjimenez.5002@example.com,MH,2020-10-21,Basic,26637.47
5003,Derek Johnson,markdowns.5003@example.com,EE,2021-02-10,Standard,7204.79
5004,Amanda Taylor,matthew36.5004@example.com,FR,2023-05-16,Basic,37944.09
5005,Gabriel Bolton,millerterri.5005@example.com,CD,2024-11-12,Standard,26564.53
5006,Lauren Ramirez,gibbsjonathan.5006@example.com,TN,2024-07-26,Standard,45187.86
5007,Jeffrey Thomas,esanchez.5007@example.com,KE,2025-02-25,Premium,2615.22
5008,Jesse Zimmerman,katrinawallace.5008@example.com,KI,2020-06-27,Basic,49087.54
5009,Eric Allen,palmerchristian.5009@example.com,EG,2025-04-11,Premium,31815.94
5010,Ricky Nunez,christopherchambers.5010@example.com,OM,2024-11-19,Premium,23469.10
5011,Linda Li,marcus97.5011@example.com,FI,2026-02-02,Premium,1879.71
5012,Christopher Avila,smithphillip.5012@example.com,CU,2023-05-26,Basic,35738.95
5013,Jennifer Torres,terri19.5013@example.com,LR,2020-05-16,Basic,45249.88
5014,Matthew Green,royirwin.5014@example.com,AE,2023-05-17,Premium,20259.59
5015,Tara Wolfe,christopher90.5015@example.com,BH,2023-01-12,Premium,25308.15
5016,Rebecca Silva,allengary.5016@example.com,YE,2021-09-14,Basic,38649.59
5017,Ellen Mills,crystal83.5017@example.com,CA,2021-04-20,Standard,16561.02
5018,Sandra Johnson,rebecca55.5018@example.com,MD,2023-09-22,Premium,32813.50
5019,Lindsey Cordova,williamskaren.5019@example.com,TV,2023-09-23,Premium,8684.34
5020,Brenda Fleming,carolynsmith.5020@example.com,MD,2022-10-05,Basic,2861.21
5021,Elizabeth Jones,catkinson.5021@example.com,NA,2026-06-08,Basic,12074.86
5022,Amanda Harrell,jenniferwalker.5022@example.com,GM,2020-05-28,Standard,34684.52
5023,Amanda Shah,ricardo75.5023@example.com,TZ,2021-01-23,Premium,19375.81
5024,Natasha Pruitt,michael61.5024@example.com,VN,2024-10-22,Standard,15308.49
5025,Joshua Cortez,fmyers.5025@example.com,GH,2026-05-16,Standard,34662.92
5026,Ryan Weber,saraross.5026@example.com,AZ,2024-02-22,Basic,25351.95
5027,Angela Pennington,clementsdustin.5027@example.com,SZ,2020-03-07,Premium,49964.47
5028,Jonathan Moyer,brownstacey.5028@example.com,ZW,2021-02-07,Standard,4624.02
5029,Kimberly Arnold,etaylor.5029@example.com,LU,2022-05-28,Standard,48690.43
5030,Jamie Rice,xwright.5030@example.com,MV,2024-02-24,Basic,24699.82
5031,Mary Cannon,adammyers.5031@example.com,ER,2025-04-14,Basic,14564.47
5032,Megan Brown,fnovak.5032@example.com,DZ,2024-07-30,Standard,13417.95
5033,Janice Norris,staylor.5033@example.com,KG,2023-11-04,Standard,7684.45
5034,Evan Gutierrez,emilygarcia.5034@example.com,CG,2021-03-31,Basic,44577.86
5035,Jonathan Atkinson,christinarodgers.5035@example.com,ES,2025-03-30,Standard,31059.96
5036,Kathleen Williams,colonrhonda.5036@example.com,CG,2026-04-04,Standard,31066.18
5037,Matthew Collins,mitchellbrian.5037@example.com,GY,2023-02-01,Standard,28771.72
5038,Kelsey Bond,travisstephens.5038@example.com,OM,2023-12-19,Basic,15459.41
5039,Ryan Snyder,wdonovan.5039@example.com,AE,2023-07-08,Standard,36547.16
5040,Andrea Allen,lhubbard.5040@example.com,PK,2021-04-19,Premium,21880.97
5041,William Graham,tracyjordan.5041@example.com,VC,2025-03-28,Premium,43505.82
5042,Beth Brown,seansmith.5042@example.com,FM,2023-07-12,Standard,27956.67
5043,Thomas Cunningham,gwhite.5043@example.com,IT,2021-08-25,Basic,19772.28
5044,Sabrina Adams,frostthomas.5044@example.com,SB,2026-08-31,Premium,14172.94
5045,Dennis Gonzalez,ndonovan.5045@example.com,RU,2024-10-04,Premium,10694.54
5046,Joseph Reyes,jhouse.5046@example.com,UY,2022-02-18,Basic,40775.23
5047,Brian Owen,marcus52.5047@example.com,SA,2023-09-23,Standard,40522.63
5048,Mark Hill DDS,tamara15.5048@example.com,EG,2025-11-28,Basic,38958.63
5049,Diane Hampton,amykennedy.5049@example.com,TJ,2020-08-29,Premium,24864.04
5050,Mrs. Gabriela Patterson PhD,heather44.5050@example.com,TV,2023-12-24,Basic,9964.15
5051,Miranda Pearson,amy29.5051@example.com,QA,2024-01-11,Standard,31610.88
5052,Craig Holt,brownangela.5052@example.com,EE,2023-01-18,Standard,44358.56
5053,Samuel Le,yatesrachel.5053@example.com,BR,2020-06-21,Standard,22913.58
5054,Kathleen Reid,howardjohn.5054@example.com,NZ,2022-09-02,Basic,19538.11
5055,Amber Mitchell,fharmon.5055@example.com,SG,2020-11-01,Premium,19958.92
5056,Gregory Gardner,castrochristopher.5056@example.com,AM,2021-04-24,Standard,26297.00
5057,Melissa Young,deannamack.5057@example.com,LT,2022-11-22,Premium,35496.36
5058,Thomas Davis,lindsay34.5058@example.com,UZ,2024-11-19,Premium,10778.44
5059,Stacy Stewart,gloria28.5059@example.com,TH,2020-02-20,Basic,34105.51
5060,Tyler Martin,lisamason.5060@example.com,GD,2020-02-23,Basic,3734.05
5061,Christopher Logan,lauraward.5061@example.com,GB,2026-01-27,Basic,49043.94
5062,Danielle Smith,moorecynthia.5062@example.com,NA,2020-02-14,Premium,25127.96
5063,David Mata,codycampbell.5063@example.com,KE,2021-11-11,Premium,24104.24
5064,William Wallace,erikawilson.5064@example.com,FJ,2026-04-02,Standard,41504.17
5065,Monica Parker,andersonmarcus.5065@example.com,CI,2020-07-22,Premium,14367.16
5066,Zachary Wade,timothy27.5066@example.com,KZ,2024-06-26,Standard,49133.09
5067,Tiffany Hill,aramirez.5067@example.com,AG,2026-04-05,Standard,14799.16
5068,Jennifer Beltran,theresahuber.5068@example.com,LA,2023-03-15,Premium,47940.35
5069,Sara Sanchez,dtucker.5069@example.com,OM,2021-11-24,Standard,44058.44
5070,Cody Thompson,jesse82.5070@example.com,NI,2024-04-06,Standard,814.74
5071,Sara Calderon,kentalexandria.5071@example.com,GH,2024-04-11,Basic,30454.32
5072,Larry Hess,wjones.5072@example.com,DE,2025-01-24,Premium,24531.36
5073,Samuel Oconnor,spencerandrews.5073@example.com,GN,2022-08-25,Standard,24976.51
5074,Rachel Ward,larry14.5074@example.com,KW,2021-05-31,Basic,27052.17
5075,John Steele,maryclark.5075@example.com,MM,2020-06-12,Standard,45549.19
5076,Vicki Phillips,rpowell.5076@example.com,BB,2021-04-25,Basic,30150.78
5077,Mark Gallagher,okane.5077@example.com,MX,2026-05-04,Basic,41945.53
5078,Angela Brown,rachelgomez.5078@example.com,MD,2024-05-02,Premium,7898.72
5079,Terry Moore,walterthomas.5079@example.com,TG,2020-09-27,Standard,38859.15
5080,Matthew Rice,brownchris.5080@example.com,BA,2025-12-18,Basic,36789.51
5081,Cynthia Barr,tammy50.5081@example.com,PK,2026-03-16,Standard,44324.34
5082,Erin Johnson,jenniferboone.5082@example.com,VN,2021-12-09,Basic,20303.21
5083,Megan Martinez,browndonald.5083@example.com,BW,2023-12-26,Premium,22795.01
5084,Shelly Franklin,matthew35.5084@example.com,LU,2021-11-12,Standard,26549.96
5085,Morgan Reed,pearsonjoseph.5085@example.com,CA,2023-01-31,Premium,6924.40
5086,Glenn Ross,yreid.5086@example.com,BN,2023-08-22,Premium,19351.19
5087,Jessica Gilbert DVM,sshah.5087@example.com,NA,2025-04-07,Premium,188.32
5088,Kyle Williams,aaronstanley.5088@example.com,GN,2023-11-29,Standard,39382.09
5089,Joyce Anderson,fitzgeraldjeremy.5089@example.com,BT,2025-06-16,Basic,12732.39
5090,Stephanie Melendez,cardenaserika.5090@example.com,GR,2025-04-17,Basic,25506.01
5091,Carl Marshall,sotoangela.5091@example.com,SN,2021-03-22,Basic,39807.37
5092,David Black,ehogan.5092@example.com,GE,2024-02-21,Premium,16738.21
5093,Tonya Hayes,tanyachavez.5093@example.com,PT,2026-01-11,Basic,1793.59
5094,Jason Scott,sbuckley.5094@example.com,MA,2021-01-27,Standard,25372.75
5095,Eric Johnson,alice30.5095@example.com,TL,2023-04-16,Standard,25345.65
5096,Justin Massey,patricia33.5096@example.com,IT,2023-05-11,Premium,6547.91
5097,Mike Rubio,cookstephen.5097@example.com,UZ,2025-06-25,Premium,41935.33
5098,Laura Vargas,nicole48.5098@example.com,SE,2021-11-25,Basic,9190.04
5099,Kristin Barrera,michael98.5099@example.com,MT,2023-09-08,Standard,21739.68
5100,April Fernandez,barberphillip.5100@example.com,NG,2026-05-09,Standard,43688.82
5101,Robert Martinez,katelynmiller.5101@example.com,KE,2026-04-01,Standard,2876.66
5102,Dr. Jonathan Clark,aguirreadam.5102@example.com,NG,2022-09-04,Standard,23245.50
5103,Katherine Mcmillan,caitlyn43.5103@example.com,CU,2021-09-27,Basic,1706.89
5104,Richard Hoffman DVM,troydunn.5104@example.com,IL,2022-01-10,Basic,1577.15
5105,Paul Ramirez,stephanienoble.5105@example.com,MD,2025-08-15,Basic,30119.99
5106,Rebecca Marquez,crawfordkathryn.5106@example.com,PT,2020-03-09,Premium,16581.88
5107,Jennifer Rocha,zmcmahon.5107@example.com,BF,2023-06-07,Premium,22700.05
5108,David Barnes,webershelby.5108@example.com,BN,2021-06-29,Premium,45571.35
5109,Larry Berry,arthurhammond.5109@example.com,BW,2021-10-12,Premium,11834.53
5110,Marcus Leblanc,lwatkins.5110@example.com,ML,2022-05-02,Standard,45929.84
5111,Douglas Mcintyre,lisamatthews.5111@example.com,SY,2021-07-17,Basic,35941.78
5112,Adam Moore,ashley82.5112@example.com,ID,2022-05-29,Basic,35425.98
5113,Ronald Smith,flucas.5113@example.com,TJ,2026-07-27,Premium,44524.37
5114,Roy Lowe,felicia95.5114@example.com,NG,2022-11-13,Basic,19353.58
5115,Lisa Hernandez,wileybrandi.5115@example.com,TN,2022-10-07,Premium,42243.29
5116,Angela Mack,cfrey.5116@example.com,ST,2024-02-01,Premium,32261.53
5117,Robert Hall,efry.5117@example.com,UG,2021-04-16,Standard,42277.76
5118,Luke Smith,pgriffith.5118@example.com,MH,2020-12-29,Standard,3459.14
5119,Megan Bradford MD,elizabeth46.5119@example.com,BA,2021-11-26,Standard,11705.92
5120,Laurie Martin,zamorakevin.5120@example.com,JO,2022-06-08,Basic,36776.18
5121,Marisa Lucas,umeza.5121@example.com,GA,2021-11-19,Premium,679.12
5122,Jonathan White,bhuerta.5122@example.com,LB,2023-09-14,Premium,38821.54
5123,Aaron Hubbard,tom41.5123@example.com,GA,2021-08-08,Premium,14552.34
5124,Lisa Kramer,tarakim.5124@example.com,PA,2020-07-20,Basic,15904.51
5125,Shannon Logan,brookspaula.5125@example.com,MA,2023-02-02,Basic,17947.54
5126,Erika Young,carolynhicks.5126@example.com,ET,2021-10-30,Basic,5847.91
5127,Victoria Duarte,scottsmith.5127@example.com,KM,2022-06-09,Standard,45646.49
5128,Dana Gilmore,tracydavis.5128@example.com,KW,2025-08-04,Standard,3253.09
5129,Ashley Bates,trujillomichael.5129@example.com,KM,2021-07-24,Standard,30793.43
5130,Amber Hamilton,levybeth.5130@example.com,KG,2020-05-07,Basic,36008.05
5131,Lynn Zimmerman,leewilkins.5131@example.com,CR,2021-09-09,Basic,3663.80
5132,Mary Blackwell,james81.5132@example.com,HT,2026-05-11,Standard,46843.02
5133,Melissa Evans,jenniferkelly.5133@example.com,PW,2022-05-21,Basic,21077.21
5134,Rhonda Leach,isabellajohnson.5134@example.com,NO,2021-01-06,Basic,44043.76
5135,Nancy Walker,derrickrandolph.5135@example.com,KZ,2024-01-24,Standard,34752.71
5136,Martin Scott,carloswilliams.5136@example.com,MK,2020-08-20,Premium,17234.10
5137,Alex Harris,vanessa00.5137@example.com,LY,2023-06-05,Basic,21874.55
5138,Danielle Cole,steven11.5138@example.com,BE,2021-12-12,Standard,30781.92
5139,Dominique Garcia,frances49.5139@example.com,IS,2022-12-24,Premium,13554.05
5140,Brandon Carlson,jessica71.5140@example.com,ML,2025-08-12,Standard,11603.55
5141,David Fletcher,gailsampson.5141@example.com,TH,2024-02-08,Premium,42556.92
5142,Donald Maldonado,esanchez.5142@example.com,PG,2023-09-21,Premium,25470.83
5143,Lisa Mack,zsullivan.5143@example.com,BE,2020-07-16,Basic,30759.09
5144,Charles Johnson,amber64.5144@example.com,IQ,2020-07-15,Premium,34468.16
5145,Adriana Holt,jeffrey01.5145@example.com,ES,2021-10-20,Standard,44445.03
5146,Jason Burgess,rmoore.5146@example.com,NE,2026-08-17,Standard,16477.61
5147,Kayla Reynolds,hilljoanne.5147@example.com,US,2020-10-18,Basic,39481.31
5148,Jennifer Warren,crystaldavis.5148@example.com,KI,2023-09-17,Standard,40532.73
5149,Erika Price,chapmanlouis.5149@example.com,RO,2020-11-20,Premium,12096.01
5150,Russell Williams,meyerskevin.5150@example.com,JP,2021-12-01,Standard,22397.15
5151,Donna Harrell,welchbrian.5151@example.com,TD,2025-03-23,Premium,1248.74
5152,Louis Walker,melanie28.5152@example.com,PS,2021-05-30,Standard,8832.43
5153,Kendra Branch,yweiss.5153@example.com,KH,2021-05-17,Standard,26368.27
5154,Brian Henson,glennpratt.5154@example.com,EE,2025-01-19,Standard,21745.81
5155,Joseph Vaughn,kurtromero.5155@example.com,LC,2026-05-14,Standard,8738.89
5156,Steven Mills,baileyhaley.5156@example.com,IR,2022-03-31,Basic,121.49
5157,Christopher Page,kristenray.5157@example.com,AT,2020-05-12,Premium,22361.88
5158,Stephen Cannon,ksmith.5158@example.com,WS,2026-04-17,Basic,15493.35
5159,Emily Hodges,ewoods.5159@example.com,DJ,2025-09-16,Standard,36832.97
5160,Teresa Parker,laurie67.5160@example.com,KI,2022-01-13,Basic,2327.61
5161,Mr. Joshua Daniels MD,petergibbs.5161@example.com,CA,2026-08-25,Premium,32287.04
5162,David Baldwin MD,frenchmanuel.5162@example.com,GR,2024-05-26,Standard,4492.16
5163,Whitney Smith,jesus20.5163@example.com,SM,2025-03-05,Basic,27492.88
5164,Jodi Williams,jamesconway.5164@example.com,PS,2022-08-14,Basic,26739.24
5165,Christopher Johnson,ericabrown.5165@example.com,IE,2023-01-27,Basic,44482.08
5166,Edward Wright,laurawilliamson.5166@example.com,GD,2026-01-17,Standard,29405.13
5167,Sue Jackson,eileenscott.5167@example.com,FJ,2025-05-07,Premium,6860.82
5168,Michael Smith,wrightkimberly.5168@example.com,BN,2022-02-19,Basic,21848.01
5169,April Bates,juliereyes.5169@example.com,VN,2021-09-03,Premium,13525.13
5170,Brandon Anderson,kchristian.5170@example.com,PS,2026-08-10,Basic,49135.08
5171,Erika Ramos DDS,lamberterica.5171@example.com,GT,2021-03-15,Basic,27969.14
5172,Tiffany Stewart,brianhess.5172@example.com,KH,2020-01-29,Premium,14570.29
5173,Jesus Stevenson,hebertevan.5173@example.com,AT,2021-06-03,Premium,21489.36
5174,Leslie Stone,nicole46.5174@example.com,HT,2020-04-21,Standard,25081.93
5175,Bryan Ramirez,tiffanypeck.5175@example.com,CY,2021-09-29,Standard,47890.25
5176,Patricia Lynch,vsims.5176@example.com,LT,2020-07-09,Basic,33294.82
5177,Rebecca Owen,jacobroberts.5177@example.com,CM,2022-02-19,Standard,6517.72
5178,Sara Chapman,lisa28.5178@example.com,LK,2020-04-17,Standard,25177.40
5179,Aaron Hester,,GW,2025-06-01,Standard,37588.60
5180,David Day DDS,estradachase.5180@example.com,AU,2025-03-02,Standard,728.34
5181,Jessica Glenn,amandafleming.5181@example.com,SD,2020-11-01,Premium,21684.86
5182,Sara Cowan,joelgriffin.5182@example.com,VN,2026-01-04,Basic,16012.23
5183,Laura Williams,dana58.5183@example.com,LT,2022-11-20,Basic,15412.20
5184,Jessica Savage,bishopsusan.5184@example.com,JO,2021-05-30,Basic,31834.53
5185,Gina Best,wardalicia.5185@example.com,PE,2025-07-31,Basic,39780.04
5186,Keith Santos,aguilarjames.5186@example.com,EE,2023-09-25,Standard,34033.13
5187,Linda Oliver,lauren14.5187@example.com,CD,2023-07-24,Standard,5658.25
5188,Kimberly Patel,veronicaking.5188@example.com,SR,2024-10-12,Basic,592.92
5189,Parker Bowers,zhall.5189@example.com,KG,2025-03-05,Basic,9802.55
5190,Robert Hunt,bdiaz.5190@example.com,GY,2026-02-25,Premium,6992.32
5191,Melanie Acevedo,jacobsshawn.5191@example.com,SE,2025-10-25,Standard,42441.67
5192,James Livingston,seanmiller.5192@example.com,BO,2025-05-18,Standard,12529.56
5193,Mariah Fitzpatrick,twilson.5193@example.com,BF,2021-06-05,Premium,25006.28
5194,Amanda Dyer,jerry54.5194@example.com,BO,2021-02-15,Standard,29980.45
5195,Amy Sanchez,troygalloway.5195@example.com,BY,2020-09-16,Standard,34889.87
5196,Lori Gonzalez,daltonrachel.5196@example.com,KW,2021-04-19,Basic,42162.38
5197,Michael Harris,katherinebarron.5197@example.com,NL,2024-08-14,Premium,48224.13
5198,Timothy Smith,daniel15.5198@example.com,ST,2026-02-11,Premium,28065.59
5199,Brian Scott,qchavez.5199@example.com,SY,2026-02-15,Basic,29239.22
5200,Lisa Moore,lbrown.5200@example.com,AO,2021-10-25,Premium,36759.73
5201,Mr. Donald Green,zcohen.5201@example.com,NZ,2025-11-11,Premium,12229.81
5202,Colleen Scott,zwhitaker.5202@example.com,SN,2022-12-13,Basic,43695.10
5203,Beth Meyer,wadams.5203@example.com,CM,2021-07-06,Basic,41605.27
5204,Ryan Miller,deanchristopher.5204@example.com,RU,2024-12-19,Standard,15032.54
5205,Sandra Kaufman,mcdanieljoanne.5205@example.com,TV,2023-07-24,Premium,16178.07
5206,Timothy Nguyen,xnelson.5206@example.com,BN,2026-06-14,Basic,9633.58
5207,Ryan Dixon,carolyn81.5207@example.com,ID,2020-10-08,Basic,39486.88
5208,Mr. Joseph Bradley,gabriellawson.5208@example.com,TJ,2023-01-11,Standard,44572.85
5209,Anthony Hoffman,christopherwood.5209@example.com,HU,2020-12-22,Premium,480.67
5210,Michelle Atkinson,melanie62.5210@example.com,ID,2024-03-07,Basic,45475.02
5211,Chris Lee,samanthahenry.5211@example.com,US,2021-12-22,Standard,11037.64
5212,Alyssa Martin,christopherestrada.5212@example.com,CZ,2023-02-11,Premium,45790.27
5213,Barbara Garza,tammysanders.5213@example.com,FJ,2022-04-20,Premium,35063.58
5214,Mary Rodriguez,efrancis.5214@example.com,SC,2024-12-06,Basic,37917.46
5215,Ronald Hays,cherylgarcia.5215@example.com,CH,2025-11-06,Basic,1811.66
5216,Kristi Garcia,francesgould.5216@example.com,HN,2020-05-12,Standard,35536.43
5217,Mrs. Susan Villarreal,weisscharles.5217@example.com,KM,2024-11-06,Basic,46096.28
5218,Amber Fowler,jennifersolis.5218@example.com,ME,2022-01-24,Standard,18727.45
5219,Ryan Davis,smithchristopher.5219@example.com,QA,2024-02-12,Standard,1458.39
5220,Kayla Walsh,davismelinda.5220@example.com,TW,2022-01-20,Standard,36368.00
5221,Brett Johnson,cohenstacey.5221@example.com,CO,2025-01-04,Premium,760.71
5222,Phillip Daniel,icarpenter.5222@example.com,MW,2023-06-13,Standard,2988.49
5223,Kevin Smith,gwatts.5223@example.com,PY,2024-07-26,Premium,19080.05
5224,Eric Chapman,sarah02.5224@example.com,SV,2025-04-04,Standard,3119.01
5225,Michael Perez,brittany35.5225@example.com,NI,2022-05-01,Basic,43869.62
5226,Jocelyn Lopez,gsanchez.5226@example.com,LA,2023-05-30,Standard,14286.84
5227,Carlos Stevenson,madisonroberts.5227@example.com,FM,2024-01-23,Standard,44805.15
5228,Nathan Sheppard,oreeves.5228@example.com,DE,2020-01-07,Standard,49782.91
5229,David Rios,ccamacho.5229@example.com,MX,2024-09-04,Premium,18781.66
5230,Brian Lopez,ashley25.5230@example.com,MY,2025-06-14,Basic,36359.06
5231,Emily Harris,shudson.5231@example.com,ST,2024-12-26,Basic,16282.91
5232,James Salazar,mcdonaldmaria.5232@example.com,ML,2024-12-29,Premium,44368.69
5233,Jennifer Terrell,andrewpeters.5233@example.com,KR,2024-07-04,Basic,30899.93
5234,Whitney Williamson,jerry72.5234@example.com,MZ,2021-12-23,Basic,33728.27
5235,Michelle Williams,dmyers.5235@example.com,LC,2022-07-23,Basic,13509.43
5236,Dr. Frank Walls Jr.,ngrant.5236@example.com,NO,2025-06-05,Basic,16552.30
5237,William Fleming,amandamcintosh.5237@example.com,PK,2025-03-30,Standard,21403.54
5238,Shelly Mills MD,ltanner.5238@example.com,HN,2022-05-10,Basic,3875.60
5239,Mr. Thomas Mendez,joannestrickland.5239@example.com,BD,2026-08-05,Standard,29354.25
5240,Amanda Tran,wschneider.5240@example.com,SN,2022-04-20,Basic,48378.54
5241,Paul Lin,stevensjames.5241@example.com,NI,2022-07-20,Basic,16104.87
5242,Carolyn Garrison,nbutler.5242@example.com,ST,2023-06-29,Premium,39950.72
5243,Anthony Reyes,kellerpaul.5243@example.com,MZ,2020-07-11,Premium,42927.12
5244,Trevor Shaffer,walshbrandon.5244@example.com,VE,2023-02-07,Standard,15958.18
5245,Maxwell Wheeler,jonesjonathan.5245@example.com,KI,2025-05-23,Premium,24013.83
5246,Beth Wheeler,wyatt11.5246@example.com,KI,2025-05-03,Standard,47287.05
5247,Patricia Gregory,joshua93.5247@example.com,CY,2021-01-21,Premium,45469.88
5248,Kurt Moreno,alanmedina.5248@example.com,PL,2021-10-10,Basic,24639.93
5249,Matthew Olsen,dylan90.5249@example.com,AG,2020-10-28,Standard,42175.01
5250,Lawrence Schneider,sharonhale.5250@example.com,DM,2025-10-28,Standard,23312.34
5251,Chad Velazquez,clarencehernandez.5251@example.com,BS,2022-05-06,Basic,23473.96
5252,Robert Johnson,kinglinda.5252@example.com,WS,2021-07-07,Premium,45509.01
5253,Debra Mccarthy,mary27.5253@example.com,MZ,2023-08-07,Premium,46863.68
5254,Melissa Nguyen,adrianewing.5254@example.com,GD,2025-09-03,Standard,44688.19
5255,Brian Chapman,bcook.5255@example.com,SY,2024-02-07,Standard,47261.04
5256,Miranda Kim,perrymichael.5256@example.com,UA,2020-03-05,Premium,40561.13
5257,Leslie Coffey,,KP,2023-05-24,Premium,19151.61
5258,Jennifer Cherry,johnwilliams.5258@example.com,AR,2021-05-26,Standard,27116.10
5259,Carlos Lee,james78.5259@example.com,ZW,2022-01-24,Standard,41259.84
5260,Robert Nguyen,nolson.5260@example.com,GD,2025-05-28,Basic,4535.64
5261,Kendra Beck,jcox.5261@example.com,BR,2020-06-17,Basic,33615.73
5262,Terry Vincent,njohnson.5262@example.com,CI,2023-04-25,Standard,38634.38
5263,Dawn Fisher,kimberlyyoung.5263@example.com,BR,2024-07-11,Premium,28307.73
5264,Scott Ramos,kelly23.5264@example.com,BH,2024-12-27,Premium,11032.11
5265,Mary Cooke,harpermary.5265@example.com,MT,2024-06-04,Standard,7260.36
5266,Andrew Brown,wesley41.5266@example.com,KN,2022-05-03,Standard,41827.42
5267,Michael Morris,julianguyen.5267@example.com,GA,2026-06-20,Premium,23544.84
5268,Dawn Rhodes,megan39.5268@example.com,TW,2021-02-13,Standard,10440.99
5269,Daniel Romero,dryan.5269@example.com,VN,2024-09-20,Standard,38281.89
5270,William Hampton,tiffanywhite.5270@example.com,CO,2022-10-19,Premium,35509.24
5271,Jesse Hicks,cwest.5271@example.com,PY,2020-03-31,Standard,13112.16
5272,Lisa Brewer,potterpatricia.5272@example.com,MA,2024-02-04,Premium,1122.42
5273,Robert Marquez,cbryan.5273@example.com,LY,2021-05-26,Basic,18992.31
5274,Amber Snyder,natalie41.5274@example.com,EC,2023-12-06,Premium,18638.63
5275,Phillip Ferguson,rogersnicholas.5275@example.com,GM,2021-05-28,Standard,36693.73
5276,Diane Goodman,millervalerie.5276@example.com,BW,2024-08-28,Standard,48546.77
5277,Patrick Moss,rmartinez.5277@example.com,OM,2023-09-19,Standard,25234.60
5278,Timothy Roberts,eric46.5278@example.com,NA,2021-10-09,Standard,14565.54
5279,Daniel Sherman,michelle58.5279@example.com,EG,2025-03-07,Basic,10610.82
5280,Stacy Johnson,stephen97.5280@example.com,PK,2022-05-20,Basic,7052.42
5281,Justin Baker,larryjones.5281@example.com,IE,2022-03-18,Basic,48861.18
5282,Michael Schmidt,robin67.5282@example.com,BN,2022-04-06,Standard,23482.53
5283,Sharon Morales,michaelbarker.5283@example.com,GE,2024-06-02,Premium,3119.51
5284,Samuel Wilson,kevingreen.5284@example.com,SL,2025-11-13,Basic,22874.44
5285,Nicholas King,lpayne.5285@example.com,TN,2022-09-25,Premium,45196.15
5286,Lauren Fischer,ramostimothy.5286@example.com,BD,2023-06-24,Standard,42697.44
5287,Timothy Obrien,tmurphy.5287@example.com,DE,2021-12-15,Premium,21890.18
5288,Nicole Peters,usolomon.5288@example.com,ER,2021-07-16,Standard,25092.46
5289,Anna Lewis,martinmartinez.5289@example.com,RU,2021-05-10,Basic,31510.00
5290,Stephanie Burch,georgestephen.5290@example.com,BH,2026-08-01,Basic,9090.06
5291,Christopher Acosta,dennissanchez.5291@example.com,PL,2021-01-15,Basic,24355.87
5292,Donna Williams,holly39.5292@example.com,CI,2024-02-13,Premium,4475.34
5293,Vincent Barry,ggarcia.5293@example.com,PG,2020-10-28,Basic,21627.33
5294,Erik Valdez,cameronlynch.5294@example.com,BS,2022-10-21,Basic,8084.64
5295,Diana Fowler,solson.5295@example.com,GW,2025-09-20,Premium,21537.58
5296,Andrea Caldwell,palmercharles.5296@example.com,DZ,2024-07-01,Basic,15924.50
5297,Taylor Frederick,stephanie12.5297@example.com,PE,2020-03-22,Premium,24367.99
5298,Yvette Wallace,shawna83.5298@example.com,HR,2025-11-06,Basic,49773.88
5299,Thomas Castaneda,gabrielawright.5299@example.com,WS,2020-03-08,Standard,35539.45
5300,Adam Hernandez,imorris.5300@example.com,MK,2025-06-07,Premium,7508.59
5301,Mary Bennett,vangbenjamin.5301@example.com,BO,2025-12-29,Basic,1483.19
5302,Terry Brock,derek74.5302@example.com,IQ,2024-09-04,Standard,2071.87
5303,Jason Brown,ruizlisa.5303@example.com,MY,2022-04-06,Standard,28750.62
5304,Robert Harris,gstevens.5304@example.com,MK,2025-11-09,Basic,27395.37
5305,Vicki Miller,lgarcia.5305@example.com,TR,2024-08-24,Basic,21030.68
5306,Amber Adams,jackfletcher.5306@example.com,FM,2021-01-22,Basic,46620.83
5307,Renee Rhodes,zsanders.5307@example.com,AO,2021-09-19,Standard,8071.26
5308,Calvin Olson,bennettmichael.5308@example.com,AD,2024-09-11,Standard,18663.23
5309,Sarah Miller,vgeorge.5309@example.com,SB,2025-11-17,Standard,3470.51
5310,Jennifer Byrd,smercado.5310@example.com,CZ,2024-09-10,Standard,686.50
5311,Todd Lawson,tina48.5311@example.com,SV,2021-03-12,Basic,4922.37
5312,Andrew Terry,christinewilson.5312@example.com,HN,2020-07-02,Premium,22633.81
5313,Cody Hunt,brittany54.5313@example.com,HU,2024-06-01,Standard,651.93
5314,Scott Silva,sanchezandrew.5314@example.com,KH,2024-11-21,Standard,31485.87
5315,Michelle Smith,robinsonshawn.5315@example.com,PL,2020-08-22,Basic,37689.52
5316,Erika Smith,wgaines.5316@example.com,QA,2025-12-27,Standard,9000.68
5317,Charles Richardson,jonathan98.5317@example.com,CG,2025-03-23,Premium,45836.90
5318,Christopher Nelson,wareaudrey.5318@example.com,FJ,2021-05-31,Premium,34883.54
5319,Chad Mason,richardsdawn.5319@example.com,GM,2022-07-12,Premium,11931.56
5320,Richard Brown,harrisonmichael.5320@example.com,GN,2024-06-05,Standard,3791.29
5321,Sophia Hall,iprice.5321@example.com,BA,2020-12-20,Standard,21334.25
5322,Beverly Anderson,dawsonjennifer.5322@example.com,CN,2025-01-11,Basic,17780.80
5323,Michelle Jones,wilkersonkristina.5323@example.com,CV,2023-09-19,Premium,20885.19
5324,Robert Campbell IV,julie76.5324@example.com,CA,2023-03-03,Basic,3435.95
5325,Wanda Thompson,hollandbeverly.5325@example.com,ER,2024-07-03,Standard,23578.61
5326,William Scott,daisy68.5326@example.com,VC,2021-02-10,Basic,18313.65
5327,Sharon Williams,lopezstephanie.5327@example.com,IL,2021-03-25,Premium,14374.41
5328,Carl Wilson,colliersteve.5328@example.com,MK,2022-12-21,Standard,45908.73
5329,Angela Johnson,emilyblevins.5329@example.com,PK,2024-09-28,Premium,49659.18
5330,Brian Mccoy,john12.5330@example.com,BE,2026-07-08,Basic,8678.58
5331,Brittany Cooper,bmiller.5331@example.com,GN,2025-07-08,Standard,2899.06
5332,Gregory Fields,hornemichael.5332@example.com,TW,2021-03-10,Basic,48066.41
5333,Dana Smith,davidpacheco.5333@example.com,IQ,2026-08-29,Basic,34086.90
5334,Rachel Phillips,echung.5334@example.com,DK,2023-11-09,Basic,16060.02
5335,Thomas Ho,melody79.5335@example.com,TH,2024-06-16,Premium,47528.94
5336,Michael Mcclain,rsandoval.5336@example.com,FJ,2020-05-12,Basic,42853.72
5337,Terrence Deleon,omccormick.5337@example.com,MK,2024-01-26,Basic,45168.60
5338,Heather Villanueva,caldwellvictor.5338@example.com,KW,2020-12-18,Premium,8303.94
5339,John Navarro,cnelson.5339@example.com,ER,2022-06-13,Basic,44045.42
5340,Katherine Short,fshah.5340@example.com,AU,2021-06-08,Basic,9704.62
5341,Robert Butler,floydvincent.5341@example.com,JO,2026-03-26,Standard,238.44
5342,Todd Powell,suzanne97.5342@example.com,KN,2025-10-10,Premium,6924.20
5343,Janet Wells,robinsonamanda.5343@example.com,RU,2024-03-10,Standard,28360.09
5344,Mary Clark DVM,mholmes.5344@example.com,MR,2021-02-02,Premium,1199.43
5345,Thomas Forbes,mcgrathryan.5345@example.com,LB,2026-08-02,Premium,10943.04
5346,David Day,omiller.5346@example.com,GW,2026-03-15,Premium,34505.85
5347,Debra Welch,angela53.5347@example.com,DJ,2025-03-08,Basic,46627.97
5348,Jennifer Washington,murphykaren.5348@example.com,PL,2026-06-16,Basic,30869.25
5349,Miss Tanya Braun,dominicolsen.5349@example.com,NO,2025-09-11,Standard,9916.66
5350,Harold Stewart,youngryan.5350@example.com,TG,2024-06-25,Basic,8332.56
5351,Veronica Perkins,zcoleman.5351@example.com,GB,2023-12-12,Premium,1213.48
5352,Charles Berry,llynch.5352@example.com,RW,2026-04-14,Premium,760.63
5353,Jacob Barnes,uperez.5353@example.com,VU,2022-11-28,Standard,41789.82
5354,Michele Welch,andrea59.5354@example.com,SR,2022-07-20,Basic,23160.80
5355,Victoria Williams,bergermisty.5355@example.com,NO,2020-10-26,Premium,23155.85
5356,Stephen Gibson,justin35.5356@example.com,ME,2022-02-17,Standard,30868.68
5357,Mary Owens,osalinas.5357@example.com,GD,2023-11-07,Standard,10116.28
5358,Kathleen Mason,savagederek.5358@example.com,MM,2020-11-14,Premium,47578.49
5359,Stephen King,marco86.5359@example.com,LK,2020-02-19,Standard,47387.06
5360,David Robinson,kevin37.5360@example.com,BH,2024-07-06,Basic,26504.62
5361,Leah Perez,crystalstewart.5361@example.com,BJ,2021-12-09,Unknown,21739.65
5362,Tracy Johnson,thomasregina.5362@example.com,ML,2025-03-06,Basic,18422.31
5363,Eddie Larsen,,BR,2020-05-02,Standard,26301.20
5364,Stephen Henderson,pwebb.5364@example.com,VU,2023-11-21,Premium,49476.32
5365,Lynn Martin,todd25.5365@example.com,IE,2024-12-31,Premium,10146.41
5366,James Navarro,lindsayhill.5366@example.com,GW,2022-05-07,Basic,28524.09
5367,Howard Ibarra,dominguezjeremiah.5367@example.com,BZ,2021-02-26,Premium,25979.98
5368,Shane Stokes,christinemoore.5368@example.com,BZ,2026-05-26,Standard,29372.35
5369,Taylor Simmons,sarah16.5369@example.com,PK,2026-03-31,Basic,43977.08
5370,David Church,langjesse.5370@example.com,FM,2023-11-29,Premium,32355.87
5371,Amy Mann,tdavis.5371@example.com,SI,2022-08-20,Premium,10204.22
5372,Alexandra Mcintosh,marthalara.5372@example.com,LI,2025-11-01,Basic,17309.77
5373,Shannon Sampson,barbara13.5373@example.com,NO,2023-02-12,Premium,2563.33
5374,Amanda Garrett,wramos.5374@example.com,JM,2025-11-25,Standard,35210.10
5375,Brian English,jay34.5375@example.com,GT,2023-02-02,Basic,42205.37
5376,Sara Curry,vthompson.5376@example.com,BJ,2023-08-11,Standard,25787.60
5377,Amanda Barajas,michaelbrown.5377@example.com,AT,2022-03-12,Standard,20841.25
5378,Gabriel Jackson,jenningsbenjamin.5378@example.com,ME,2021-01-02,Basic,495.91
5379,Julie Lee,stephen56.5379@example.com,BO,2024-12-04,Basic,39169.51
5380,Scott Powers,michelle53.5380@example.com,MZ,2025-05-28,Basic,49485.88
5381,Linda Hamilton,rossstacey.5381@example.com,PH,2023-08-25,Premium,4958.87
5382,Scott Fisher,bvazquez.5382@example.com,PK,2020-02-02,Premium,18949.27
5383,Amber Miller,aaronmercado.5383@example.com,CG,2026-03-31,Standard,8101.82
5384,Jessica Hunt,jerrythomas.5384@example.com,AO,2025-02-08,Standard,1133.22
5385,Taylor Mcdaniel,krobbins.5385@example.com,SO,2022-02-26,Standard,25197.61
5386,James Finley,tyler32.5386@example.com,HT,2023-03-04,Basic,28022.33
5387,James Burns,ortizvalerie.5387@example.com,AE,2022-06-30,Standard,30884.79
5388,Seth Jones,cindy17.5388@example.com,KE,2024-07-30,Standard,26085.03
5389,David Schneider,iwoods.5389@example.com,LI,2023-02-01,Standard,41604.65
5390,Susan Cline,adam94.5390@example.com,TJ,2024-09-25,Standard,45857.27
5391,Vanessa Johnson,patriciabest.5391@example.com,JO,2022-02-26,Basic,33875.55
5392,Wanda Newton,eric71.5392@example.com,UG,2026-07-20,Standard,38768.90
5393,Victoria Hernandez,vgarcia.5393@example.com,EE,2024-07-29,Standard,37362.32
5394,David Wilson,coxlisa.5394@example.com,PE,2020-10-07,Basic,13285.76
5395,David Hill,ian40.5395@example.com,GA,2020-09-28,Premium,13580.95
5396,Barbara Perry,angelazhang.5396@example.com,CU,2025-10-07,Premium,29222.11
5397,Julie Matthews,rodriguezjames.5397@example.com,MX,2023-09-30,Premium,36658.20
5398,Emily Vincent,rodriguezdiamond.5398@example.com,TH,2026-06-10,Standard,46173.29
5399,Benjamin Rodriguez,hahnjennifer.5399@example.com,BA,2022-07-18,Standard,39559.33
5400,Sherry Holt,thomashughes.5400@example.com,CZ,2020-09-21,Premium,8951.62
5401,Catherine Moody,rrandolph.5401@example.com,TZ,2025-11-16,Premium,2476.71
5402,Michele Fischer,lmorgan.5402@example.com,LA,2024-07-16,Basic,5208.95
5403,Michael Mitchell,wrogers.5403@example.com,GD,2022-06-07,Standard,46573.77
5404,Jacob Padilla,umclean.5404@example.com,AM,2024-05-31,Standard,46048.75
5405,Christopher Adams,jasongraves.5405@example.com,LS,2022-08-28,Basic,9007.71
5406,Glenn Valencia,scottschneider.5406@example.com,BD,2023-07-09,Premium,4770.07
5407,Matthew Hoffman,rpearson.5407@example.com,LK,2023-09-03,Standard,39095.18
5408,William Tran,matthewfriedman.5408@example.com,GH,2024-08-29,Premium,49095.79
5409,Heather Miller MD,joseph40.5409@example.com,GW,2024-02-24,Standard,49959.97
5410,Zachary Thomas,melaniehanna.5410@example.com,YE,2024-07-21,Premium,6851.66
5411,Yesenia George,htorres.5411@example.com,SL,2022-03-31,Standard,35859.53
5412,Mark Cardenas,jthompson.5412@example.com,SC,2020-01-10,Basic,36781.08
5413,Ricardo Greer,heatherkirby.5413@example.com,ES,2021-12-12,Basic,35597.10
5414,David Dunn,robert13.5414@example.com,VA,2024-12-25,Basic,45655.03
5415,Annette Lloyd,lee67.5415@example.com,PY,2021-07-12,Basic,26720.06
5416,Mr. Matthew Smith,joshuahernandez.5416@example.com,IQ,2021-07-20,Standard,37622.18
5417,Cassandra Massey,tcarter.5417@example.com,ML,2021-04-23,Premium,4500.27
5418,Brenda Jenkins,dustinsullivan.5418@example.com,CL,2023-04-19,Basic,48525.17
5419,Keith Shaw,bsmith.5419@example.com,SN,2021-11-30,Basic,10179.51
5420,Julie Ortiz,stacey98.5420@example.com,PS,2023-03-04,Standard,10468.69
5421,Amber Maxwell,jennifer00.5421@example.com,YE,2022-01-13,Standard,46938.64
5422,William Dunn,hernandezsteven.5422@example.com,IE,2026-04-28,Basic,35516.21
5423,Rachael Schultz,vphillips.5423@example.com,PH,2020-03-19,Standard,42079.33
5424,Robert Baker,wcollins.5424@example.com,EE,2026-06-08,Basic,35721.36
5425,Gregg Hale,amylee.5425@example.com,LA,2023-02-03,Basic,33282.03
5426,Susan Spencer,jenniferchavez.5426@example.com,PL,2025-12-11,Premium,28238.36
5427,Monique Bailey,dtyler.5427@example.com,MR,2022-10-02,Premium,34049.92
5428,Scott Smith,marywilliams.5428@example.com,LT,2026-01-18,Premium,32705.27
5429,Jennifer Juarez,not-an-email,ES,2025-12-09,Premium,48614.62
5430,Joseph Wilson,danajones.5430@example.com,BI,2022-04-12,Basic,33613.28
5431,Margaret Bishop,david87.5431@example.com,TN,2022-07-30,Premium,42505.13
5432,David Rivera,michaelbrown.5432@example.com,IR,2022-02-20,Standard,24404.77
5433,Tamara Weber,emilytaylor.5433@example.com,KP,2021-10-30,Premium,5864.22
5434,Kathy Patterson,candicekhan.5434@example.com,KI,2024-08-15,Basic,29247.92
5435,Amber Murphy,emily81.5435@example.com,GQ,2025-12-03,Standard,9232.67
5436,Philip Johnson,alexis36.5436@example.com,AE,2025-04-12,Premium,33214.02
5437,Elizabeth Jones,jamie28.5437@example.com,IR,2024-02-02,Standard,38678.76
5438,Mary Smith,gchaney.5438@example.com,BI,2025-06-05,Premium,15945.51
5439,Kristen Hardy,emilysalazar.5439@example.com,YE,2025-08-25,Standard,27308.19
5440,Christopher Thomas,ahansen.5440@example.com,CV,2025-02-26,Standard,3866.01
5441,Brittany Jefferson,lsolis.5441@example.com,GT,2020-11-20,Standard,25080.14
5442,Adam Andersen,michellegutierrez.5442@example.com,SD,2023-07-31,Standard,38315.01
5443,Richard Goodwin,jonathan04.5443@example.com,RS,2020-02-02,Standard,19249.47
5444,Sierra Navarro,jake40.5444@example.com,TJ,2026-05-07,Premium,23612.74
5445,Franklin Zimmerman,josetanner.5445@example.com,AG,2023-09-20,Premium,1771.54
5446,Cheryl Harris,katrina54.5446@example.com,MR,2025-11-27,Premium,19204.16
5447,Samantha Rodriguez,freyjoe.5447@example.com,PL,2025-07-12,Basic,42686.59
5448,Christine Everett,kevinward.5448@example.com,VC,2026-02-02,Standard,22097.90
5449,Patricia Jackson,vincent60.5449@example.com,GB,2026-03-08,Basic,4307.99
5450,Renee Solis,nicholsrebecca.5450@example.com,SC,2022-06-10,Premium,6881.42
5451,Tammy Williams,westmichael.5451@example.com,AZ,2025-01-14,Standard,46923.47
5452,Nancy Welch,caseychristopher.5452@example.com,EE,2025-01-19,Standard,8972.57
5453,Larry Lewis,nicolerobinson.5453@example.com,AR,2020-10-01,Premium,21644.54
5454,Sandra James,qatkinson.5454@example.com,SG,2025-08-01,Premium,41933.30
5455,Caleb Hall,miamedina.5455@example.com,NO,2024-07-22,Standard,33222.50
5456,Hannah Graham,tammygonzalez.5456@example.com,IS,2025-08-09,Basic,39045.22
5457,Taylor Curtis,mccormickanthony.5457@example.com,ZW,2021-06-01,Premium,42649.15
5458,Angela Hudson,gregory61.5458@example.com,KZ,2024-07-09,Premium,47355.28
5459,Edward Munoz MD,debramora.5459@example.com,BB,2022-06-18,Standard,43009.97
5460,Ashley Pham,charles41.5460@example.com,TG,2021-08-04,Premium,9323.60
5461,Jesus Bowman,dcrosby.5461@example.com,PE,2026-06-27,Standard,27212.16
5462,Anthony Gray,catherinecampbell.5462@example.com,IL,2021-08-14,Premium,31532.91
5463,Natasha Norman,hayesroger.5463@example.com,UZ,2021-09-03,Premium,2930.01
5464,Cynthia Harding,justinnelson.5464@example.com,BT,2025-05-02,Standard,23439.52
5465,Luke Robinson,vargasshannon.5465@example.com,DK,2023-05-22,Basic,29983.74
5466,Mark Glover,norrisjanet.5466@example.com,LS,2021-02-19,Premium,32600.42
5467,Eric Little,vincentdoyle.5467@example.com,MN,2024-11-08,Basic,5779.69
5468,Ernest Jones,,BS,2026-07-21,Basic,38244.02
5469,Anthony Smith,brian17.5469@example.com,TJ,2021-08-16,Basic,7562.57
5470,Mary Giles,marquezjennifer.5470@example.com,UY,2025-12-27,Premium,24949.34
5471,Peter Thomas,amy87.5471@example.com,AO,2024-01-12,Standard,39694.67
5472,Francis Brown,nicole93.5472@example.com,GM,2024-05-13,Premium,17381.97
5473,Hannah Bell,danielle20.5473@example.com,CL,2023-06-28,Premium,30680.44
5474,Ryan Boyd,christopher31.5474@example.com,CG,2025-09-12,Premium,8531.15
5475,Penny Smith,cmunoz.5475@example.com,PW,2020-11-06,Basic,10648.61
5476,Rachel Johnson,jordanrobert.5476@example.com,FJ,2023-10-01,Premium,6180.01
5477,Jesse Guerrero,craig15.5477@example.com,CI,2020-02-05,Standard,47806.60
5478,Raymond Ayala,sarahmorrison.5478@example.com,MT,2021-09-18,Basic,19289.78
5479,Desiree Johnston,bmartin.5479@example.com,KR,2026-07-07,Basic,28149.89
5480,Stephen Campbell,zcochran.5480@example.com,GE,2021-10-22,Premium,2310.16
5481,Christine Greene,cynthiaburch.5481@example.com,MG,2025-02-26,Basic,11560.88
5482,Sabrina Mitchell,taylorrobert.5482@example.com,SL,2021-03-05,Premium,16972.38
5483,Logan Sanders,biancarobinson.5483@example.com,MC,2020-11-09,Standard,25147.62
5484,Sandra Spence,michael48.5484@example.com,TM,2020-03-31,Standard,9869.73
5485,Charles Boyd,jessicamyers.5485@example.com,MW,2021-11-20,Basic,22684.81
5486,Patricia Lee,jessica17.5486@example.com,BH,2020-04-30,Basic,33611.53
5487,Matthew Herrera,yvonnemcmahon.5487@example.com,TR,2024-07-29,Standard,29783.95
5488,Diane Brooks,serranoerin.5488@example.com,KR,2025-09-14,Basic,2110.95
5489,John Wallace DDS,nicoleburgess.5489@example.com,HN,2022-09-29,Premium,11854.40
5490,Nicholas Martinez,stephanievelasquez.5490@example.com,LY,2025-08-28,Premium,33130.06
5491,Julie Jenkins,price.5491@example.com,GN,2021-06-03,Basic,11261.53
5492,Martha Martinez,ricky31.5492@example.com,RO,2024-09-15,Premium,7070.28
5493,Wesley Edwards,matthew87.5493@example.com,PG,2021-12-12,Premium,14252.27
5494,Justin Hampton,,KZ,2023-08-06,Standard,16145.31
5495,Luis Rodgers,karenobrien.5495@example.com,IL,2026-01-06,Standard,33877.04
5496,John Miller,singletonlindsay.5496@example.com,KI,2026-02-18,Premium,13226.23
5497,Cynthia May,brandi43.5497@example.com,AO,2025-04-22,Premium,48313.13
5498,Donna Macias,joseph69.5498@example.com,QA,2021-03-26,Premium,15527.28
5499,Bradley Williams,brandi11.5499@example.com,LC,2025-09-20,Standard,39751.10
5500,Mitchell Decker,glorialamb.5500@example.com,RW,2023-09-20,Standard,25534.26
5501,Patrick Hill,bullockemily.5501@example.com,TN,2023-09-05,Premium,37784.99
5502,Mr. Ralph Harrison MD,geraldgriffith.5502@example.com,LU,2023-08-08,Basic,16573.40
5503,Dennis Larson,craig37.5503@example.com,LB,2025-02-16,Standard,16678.17
5504,Timothy Hill,bryanchapman.5504@example.com,KW,2023-12-26,Basic,45426.09
5505,Alicia Hughes,davidhaney.5505@example.com,NL,2026-05-28,Standard,22105.72
5506,Nathan Sexton,watkinsdarin.5506@example.com,IS,2022-05-18,Premium,12110.85
5507,Benjamin Holmes,karen39.5507@example.com,KN,2021-10-04,Basic,7332.11
5508,Angela Martinez,lauren72.5508@example.com,CI,2025-12-06,Premium,412.07
5509,Timothy Dean,nguyensara.5509@example.com,CY,2022-04-08,Standard,9428.90
5510,David Cruz,ibrady.5510@example.com,BB,2021-06-03,Standard,45824.91
5511,Jason Williams,grossmartin.5511@example.com,DO,2022-07-21,Premium,26702.15
5512,Hunter Marshall,frederick29.5512@example.com,DJ,2022-12-28,Basic,39854.04
5513,Andrew Foster,skline.5513@example.com,SK,2023-07-31,Premium,45198.63
5514,Tyler Powell,jamesbarrett.5514@example.com,BI,2021-11-03,Standard,48071.36
5515,Bailey Garcia,thompsonkerry.5515@example.com,DK,2025-02-26,Basic,18052.72
5516,Bobby Bender,sanchezdavid.5516@example.com,CV,2021-04-15,Standard,3131.00
5517,Ashley Duncan,rodney31.5517@example.com,GY,2022-03-25,Basic,47727.47
5518,Juan Cobb,chasesandra.5518@example.com,MN,2026-08-31,Premium,45630.32
5519,Thomas Watkins,heather08.5519@example.com,NA,2023-02-23,Standard,38992.87
5520,Christy Conrad,kellis.5520@example.com,KW,2022-01-24,Basic,20306.89
5521,Robert Cunningham,hsutton.5521@example.com,RO,2020-09-12,Premium,44061.62
5522,Michael Pierce,xrodriguez.5522@example.com,AZ,2022-09-03,Premium,41143.10
5523,Amber Phillips,laurasellers.5523@example.com,MD,2025-10-10,Standard,25498.76
5524,Justin Lopez,ramirezryan.5524@example.com,RO,2026-04-08,Premium,417.81
5525,Amber Guerrero,douglasblack.5525@example.com,PT,2022-10-13,Basic,49033.09
5526,Teresa Taylor,patriciaduke.5526@example.com,ET,2023-04-23,Premium,40449.63
5527,Mrs. Tara Edwards,jennifer62.5527@example.com,VA,2023-09-14,Premium,33553.75
5528,Kathleen Moore,frenchrobert.5528@example.com,LU,2026-08-11,Standard,21848.26
5529,Maria Manning,michelle10.5529@example.com,RU,2020-03-04,Standard,1488.06
5530,Stacey Greene,bcarter.5530@example.com,BA,2025-04-07,Basic,47377.47
5531,Ian Young,russell55.5531@example.com,TJ,2024-10-14,Standard,49226.13
5532,Gabrielle Santana,elizabeth82.5532@example.com,WS,2023-05-15,Basic,18115.96
5533,Diane Mcgee,allenporter.5533@example.com,DE,2022-05-23,Basic,3562.45
5534,Brandi Lopez,joseph79.5534@example.com,SD,2021-03-22,Basic,30467.73
5535,Allison Shaw MD,rhogan.5535@example.com,AF,2026-01-31,Premium,21869.14
5536,Amanda Rivera,ygray.5536@example.com,NI,2025-11-01,Standard,12438.46
5537,Mark Thompson,beckdonna.5537@example.com,PT,2021-05-03,Standard,29371.53
5538,Thomas Mcclain,kelseyconley.5538@example.com,LR,2021-04-21,Standard,17410.12
5539,Hannah Martinez,dmata.5539@example.com,KP,2022-10-17,Basic,14105.18
5540,Taylor Logan,jonathan73.5540@example.com,MU,2020-09-10,Premium,16740.36
5541,Tyrone Franco,millerjulie.5541@example.com,GA,2022-02-11,Basic,296.11
5542,Gregory Snyder,ashley88.5542@example.com,BG,2021-12-28,Standard,37287.45
5543,Brian Grant,lindsaysuarez.5543@example.com,MV,2024-10-27,Standard,33561.98
5544,Eric Cruz Jr.,james90.5544@example.com,PS,2021-09-08,Basic,4183.08
5545,Kathy Macdonald,mccartyteresa.5545@example.com,DK,2025-01-29,Basic,9594.74
5546,Ryan Ortiz,jasoncastillo.5546@example.com,KW,2025-09-29,Basic,4487.21
5547,Eric Richardson,rjennings.5547@example.com,GM,2023-03-12,Standard,27652.13
5548,Suzanne Walker,danielsleon.5548@example.com,FM,2023-05-07,Standard,36635.79
5549,John Edwards,stokeshannah.5549@example.com,NZ,2021-07-21,Premium,21031.88
5550,Tammy Smith,wallaceshawn.5550@example.com,KW,2025-08-22,Premium,4011.94
5551,Keith Gonzalez,emartin.5551@example.com,IS,2022-07-23,Basic,14195.66
5552,Joseph Chandler,marcus66.5552@example.com,CY,2023-01-18,Standard,34762.23
5553,Alyssa Woods,sydney04.5553@example.com,VA,2024-12-02,Basic,2184.09
5554,Alexander Green,paul35.5554@example.com,MG,2025-01-19,Premium,37590.52
5555,Brian Vasquez,harveytristan.5555@example.com,GH,2023-05-06,Standard,31915.36
5556,Joseph Klein,gardnerbrandon.5556@example.com,CF,2020-03-15,Basic,46233.65
5557,Miss Deborah Strong MD,anthonybarber.5557@example.com,LA,2026-03-27,Premium,49228.68
5558,Joel Jones,fmoyer.5558@example.com,PE,2023-09-04,Basic,27202.12
5559,Erika Quinn,not-an-email,NZ,2022-05-04,Basic,107.26
5560,James Mann,amy42.5560@example.com,ID,2023-05-09,Basic,29023.01
5561,Brandon Moore,brooksmarcus.5561@example.com,PK,2024-03-06,Basic,39295.68
5562,Michael Rodriguez,bbrewer.5562@example.com,KH,2020-10-17,Basic,48187.07
5563,Bradley Bean,tdickson.5563@example.com,SR,2021-06-22,Basic,30107.96
5564,Kristen Salinas,figueroabrandon.5564@example.com,BF,2023-07-27,Premium,36260.05
5565,Matthew Bailey,barnesgina.5565@example.com,MC,2023-12-23,Basic,47533.61
5566,Debbie Hoffman,zhunt.5566@example.com,TJ,2022-08-27,Standard,3990.92
5567,Thomas Davis,bakerjames.5567@example.com,SO,2022-07-29,Standard,40164.66
5568,Nancy Saunders DDS,erinjefferson.5568@example.com,TH,2023-01-17,Standard,20586.31
5569,Kimberly Nguyen,bakertina.5569@example.com,DE,2022-12-16,Standard,48374.92
5570,Gregory Caldwell,nicholas45.5570@example.com,LR,2023-03-09,Standard,19132.10
5571,Marissa Phillips,erodriguez.5571@example.com,TV,2025-09-03,Standard,31543.15
5572,Crystal Sanchez,eoliver.5572@example.com,SG,2021-01-03,Basic,38337.25
5573,Daniel Wood,websterdale.5573@example.com,GT,2023-08-20,Premium,24575.04
5574,Cody Andersen,pagejohnny.5574@example.com,UG,2023-02-22,Premium,8180.40
5575,Christina Rivas,jonesstephanie.5575@example.com,NP,2023-11-29,Premium,5825.88
5576,Yvonne Campbell,sheryl11.5576@example.com,SI,2023-12-02,Premium,17751.60
5577,Gregory Garcia,mitchell49.5577@example.com,DM,2020-08-18,Premium,5506.19
5578,Patricia Martinez,jennifer93.5578@example.com,SZ,2023-03-05,Basic,11073.80
5579,Alison Johnson,michael68.5579@example.com,BI,2024-10-31,Standard,48635.14
5580,David Arnold,lesliehoffman.5580@example.com,NO,2023-01-02,Basic,19372.75
5581,Madison Smith,carloschapman.5581@example.com,AM,2024-10-02,Basic,49517.86
5582,Jacqueline Kline,christinabrown.5582@example.com,VU,2024-10-04,Standard,44816.77
5583,Mr. Joseph Thomas MD,vday.5583@example.com,ST,2024-02-06,Premium,20823.31
5584,Alan Walsh,osmith.5584@example.com,DZ,2023-01-27,Standard,35615.09
5585,Danny Green,stevenslaurie.5585@example.com,TR,2022-04-15,Basic,21393.17
5586,Karen English,jonesjacob.5586@example.com,CD,2020-03-19,Standard,4986.16
5587,Kathleen Acosta,halejennifer.5587@example.com,SR,2026-04-08,Basic,31492.32
5588,Ronnie Perry MD,christopherporter.5588@example.com,IL,2022-09-24,Standard,5716.89
5589,James Malone,charlesmcdonald.5589@example.com,LI,2021-04-22,Basic,26952.15
5590,Alex Bruce,millerrebecca.5590@example.com,LA,2020-09-26,Standard,17661.61
5591,Zachary Madden,sabrinavelazquez.5591@example.com,HU,2025-02-05,Standard,41786.48
5592,Jacob Ramos,cynthiawillis.5592@example.com,KN,2021-06-28,Standard,42828.30
5593,Ryan Callahan,oflynn.5593@example.com,RS,2024-12-17,Basic,18257.94
5594,Tony Hooper,timothy60.5594@example.com,BI,2023-01-22,Basic,4163.06
5595,Alicia Walker,elynch.5595@example.com,PE,2020-03-19,Standard,16669.59
5596,Mike Harris,ramseyamy.5596@example.com,SN,2024-07-04,Premium,25990.47
5597,Richard Jones,fsloan.5597@example.com,AD,2025-09-22,Premium,43801.56
5598,Stephanie Evans,elizabethmorrison.5598@example.com,BN,2020-02-28,Standard,21612.71
5599,Kathleen Morales,nancysanchez.5599@example.com,VA,2021-12-18,Premium,44609.99
5600,Lindsey Mcpherson,brownjulian.5600@example.com,KZ,2023-03-26,Standard,22297.20
5601,Jason Porter,priscilla76.5601@example.com,SN,2023-02-06,Standard,17593.20
5602,Richard Scott MD,stevenmarshall.5602@example.com,FM,2023-01-15,Standard,22864.91
5603,Dwayne Wall,jessica02.5603@example.com,SI,2024-06-16,Standard,1667.83
5604,John Long,rlong.5604@example.com,BE,2025-06-07,Standard,18779.62
5605,Michael Burton,lewisaaron.5605@example.com,ZM,2024-07-30,Basic,3096.33
5606,Mario Garrett,sramirez.5606@example.com,DJ,2022-08-04,Premium,45601.70
5607,Kevin Walker,nicole26.5607@example.com,BD,2022-08-06,Standard,36041.83
5608,Mary Coffey,fhall.5608@example.com,BD,2024-04-21,Premium,23979.96
5609,Kayla Carroll,uallen.5609@example.com,CG,2022-08-26,Standard,33208.11
5610,Brandon Gibson,youngcody.5610@example.com,AU,2022-08-07,Basic,45245.92
5611,Veronica Gates,perrymartin.5611@example.com,MX,2025-11-23,Premium,23247.35
5612,Kayla Butler,arthur14.5612@example.com,MT,2023-07-31,Premium,27389.15
5613,Katherine Gonzalez,egarrett.5613@example.com,KR,2022-07-25,Basic,45323.09
5614,Shawn Powell,craighubbard.5614@example.com,CU,2025-01-28,Basic,14394.55
5615,James Bailey,charles49.5615@example.com,FR,2023-10-14,Standard,34069.42
5616,Nancy Hunter,joshuajones.5616@example.com,ZA,2025-03-02,Premium,12577.42
5617,Kelly Anderson,,NA,2023-10-23,Premium,45771.86
5618,Steven Wright,kstone.5618@example.com,ST,2024-11-30,Standard,29503.66
5619,Denise Patterson,amywalton.5619@example.com,KI,2021-08-25,Premium,9971.33
5620,Frank Wilkerson,pschwartz.5620@example.com,SC,2023-11-04,Premium,16200.76
5621,Paul Ellison,forddavid.5621@example.com,JM,2024-07-26,Basic,668.40
5622,Mary Douglas,fishermelissa.5622@example.com,NG,2025-05-16,Premium,6304.50
5623,Margaret Hunt,jacobsangela.5623@example.com,SA,2025-08-02,Basic,3695.39
5624,Heather Stafford,pittmantodd.5624@example.com,SB,2021-08-07,Standard,25968.29
5625,Mr. Jason Ellison,xmckay.5625@example.com,PL,2025-03-20,Premium,40579.43
5626,Justin Rogers,baxterkim.5626@example.com,EC,2025-10-27,Standard,13450.18
5627,Crystal Curtis DDS,ystewart.5627@example.com,LB,2026-06-29,Basic,21461.33
5628,Jennifer Hicks,rochamichael.5628@example.com,CZ,2024-01-03,Premium,1583.30
5629,Debra Mcdaniel,crystal74.5629@example.com,LS,2020-01-10,Premium,22058.87
5630,David Garcia,kellyjohnson.5630@example.com,CA,2022-03-08,Standard,44078.24
5631,Joel Rogers,wacosta.5631@example.com,MH,2022-08-02,Premium,46378.22
5632,Rebecca Mathews,dcunningham.5632@example.com,TO,2025-02-06,Standard,17626.94
5633,Caleb Hodges,amanda88.5633@example.com,DO,2021-08-28,Premium,8414.90
5634,Lisa Scott,tlittle.5634@example.com,CN,2024-11-07,Basic,797.64
5635,Joshua Hernandez,morrisonmichael.5635@example.com,KE,2022-01-06,Basic,40308.10
5636,Joshua Brown,mgriffin.5636@example.com,PK,2025-12-19,Standard,11010.22
5637,Michael Mccoy,johnsonanthony.5637@example.com,GH,2024-06-22,Standard,3780.20
5638,Luis Johnson,isnow.5638@example.com,BT,2025-01-31,Basic,42905.51
5639,Mr. Micheal Melton DDS,chase35.5639@example.com,GT,2023-01-12,Basic,3322.05
5640,Whitney Gonzalez,ndillon.5640@example.com,KG,2024-06-22,Standard,3322.69
5641,David Kim,autumn73.5641@example.com,DJ,2024-04-13,Premium,47139.55
5642,Linda Mccullough,amber15.5642@example.com,NP,2023-04-19,Basic,9167.69
5643,Kayla Hodges,madelinemanning.5643@example.com,MN,2020-09-19,Basic,40583.12
5644,Andrew Lynn,rfoley.5644@example.com,NG,2026-07-20,Basic,12867.09
5645,Ashley Peters,cole30.5645@example.com,SC,2023-08-27,Basic,23419.86
5646,Megan Stein,jose54.5646@example.com,GY,2024-05-12,Premium,24130.72
5647,Gregory King,catherine13.5647@example.com,CU,2021-03-12,Premium,26592.63
5648,Matthew Mccall,cmendoza.5648@example.com,AO,2022-10-19,Basic,34389.91
5649,Ray Bryant,zfleming.5649@example.com,BO,2026-01-31,Premium,29493.53
5650,Jesse Daniels,ellisonbenjamin.5650@example.com,AZ,2022-06-25,Premium,16408.24
5651,Frank Davis,wadehector.5651@example.com,AU,2025-04-17,Basic,25089.58
5652,Joseph Rivera,lauren76.5652@example.com,GD,2021-05-04,Premium,25790.42
5653,Wendy Cox,david19.5653@example.com,LU,2025-08-01,Basic,7641.40
5654,Ana Miller,kleinstacy.5654@example.com,TZ,2023-04-14,Standard,33060.23
5655,Calvin Ward MD,mullencharles.5655@example.com,SG,2021-11-30,Basic,2490.40
5656,David Wilson,stephen68.5656@example.com,LK,2022-06-01,Premium,3965.08
5657,Courtney Hogan,christopher04.5657@example.com,LB,2022-11-14,Basic,16778.19
5658,Joshua Murillo,hermanjason.5658@example.com,ZM,2020-04-23,Premium,27808.33
5659,Alicia Holland,gashley.5659@example.com,IN,2025-09-03,Basic,38980.69
5660,Melissa Jenkins,schroederlisa.5660@example.com,ET,2021-11-13,Standard,34518.98
5661,Jennifer Payne,gholder.5661@example.com,GR,2025-08-02,Standard,47658.78
5662,Ryan Moss,nicholas88.5662@example.com,NG,2020-01-25,Basic,39283.45
5663,Kelly Glover,christineshah.5663@example.com,BB,2022-10-02,Standard,24942.03
5664,Connor Sullivan,wfoley.5664@example.com,RO,2026-04-05,Premium,12738.86
5665,Daryl Hunter,jamesdavidson.5665@example.com,KN,2025-04-11,Standard,26597.61
5666,Jeremy Burgess,hernandezcarol.5666@example.com,PL,2020-05-14,Basic,110.12
5667,Jessica Sanchez,mckenziesharon.5667@example.com,KH,2026-01-10,Basic,27503.57
5668,Elizabeth Bryant DDS,laustin.5668@example.com,BJ,2020-07-28,Basic,22708.13
5669,Reginald Smith,nicole43.5669@example.com,PH,2022-05-03,Basic,1859.93
5670,Melissa Simpson,bpowell.5670@example.com,DJ,2023-06-10,Standard,11745.24
5671,Jeffrey Mahoney,murillorobin.5671@example.com,BF,2026-07-04,Basic,18876.71
5672,Billy Edwards,not-an-email,RO,2022-03-08,Basic,12393.65
5673,Roger Miller,adamrichards.5673@example.com,JO,2023-01-30,Premium,38872.16
5674,Brian Bishop,michael57.5674@example.com,MU,2020-11-24,Standard,29876.97
5675,Michael Ferguson,fgriffith.5675@example.com,PG,2025-09-21,Standard,42387.16
5676,Peter Doyle,zjennings.5676@example.com,SZ,2021-06-20,Premium,14096.03
5677,Olivia Reid,nathan43.5677@example.com,VE,2020-06-28,Premium,17014.73
5678,Deborah Hahn,lorraine64.5678@example.com,TZ,2023-10-29,Basic,12018.65
5679,Patricia Downs,rodriguezdustin.5679@example.com,JP,2022-06-02,Premium,4622.75
5680,Nancy Thompson,allenrebecca.5680@example.com,CO,2024-01-16,Premium,9620.03
5681,Allison Hawkins,tara12.5681@example.com,RS,2024-02-21,Basic,39591.67
5682,Michael Branch,gcampbell.5682@example.com,BW,2023-10-30,Standard,32676.84
5683,Melanie Perez,,CF,2025-09-07,Basic,31054.02
5684,Peter Lucas,fuentesdennis.5684@example.com,US,2023-03-12,Standard,30282.63
5685,Emily Brown,gutierrezjerry.5685@example.com,BW,2025-07-13,Standard,7674.19
5686,John Frost,adamsmegan.5686@example.com,LI,2025-05-13,Standard,16711.01
5687,Jamie Coleman,rileymichael.5687@example.com,DJ,2022-01-10,Premium,35084.47
5688,Terri Avery,rsteele.5688@example.com,PH,2024-03-14,Standard,26087.31
5689,Jeremiah Wallace,galvantiffany.5689@example.com,TD,2025-10-19,Standard,887.56
5690,Jason Rodriguez,fkoch.5690@example.com,LY,2026-01-18,Premium,46358.82
5691,Travis Johnson,emurphy.5691@example.com,GM,2024-06-18,Standard,15408.65
5692,Richard Marsh,leewilliam.5692@example.com,JP,2022-09-30,Premium,27203.14
5693,Mark Mitchell,jacob45.5693@example.com,HR,2023-11-30,Standard,22436.74
5694,Michelle Thompson,angelakhan.5694@example.com,SI,2020-12-21,Basic,7278.97
5695,Kenneth Malone,nicholasbrown.5695@example.com,SN,2022-11-03,Premium,46990.78
5696,Jacob Evans,ugrimes.5696@example.com,AR,2024-04-14,Standard,27669.14
5697,Michael Martinez,peterharrison.5697@example.com,PK,2022-05-17,Basic,31059.32
5698,Sarah Knight,grimeskristen.5698@example.com,TW,2020-03-24,Standard,30478.48
5699,Matthew Mitchell,steeleduane.5699@example.com,VA,2023-08-23,Standard,15581.48
5700,Daisy Schwartz,jason66.5700@example.com,PH,2020-08-05,Basic,11401.61
5701,Chad Peterson,wilcoxsabrina.5701@example.com,VN,2020-10-04,Premium,38259.82
5702,Hannah Ruiz DDS,ischmidt.5702@example.com,NP,2023-07-16,Standard,20853.16
5703,David Cox,nbruce.5703@example.com,BY,2021-02-05,Basic,49677.42
5704,Whitney Gonzalez,juliemcgrath.5704@example.com,FM,2023-07-16,Premium,45550.93
5705,Jared Durham,lgraham.5705@example.com,AO,2021-05-29,Premium,40358.41
5706,Jeanette Smith,nicholasmurray.5706@example.com,GH,2024-11-02,Standard,38580.81
5707,Maria Lam,mcdanielarthur.5707@example.com,NL,2022-11-24,Standard,27100.87
5708,Robert Williams Jr.,wangfrederick.5708@example.com,TN,2020-10-30,Premium,12645.77
5709,Jasmine Sullivan,lbaker.5709@example.com,IL,2022-02-24,Basic,30628.02
5710,Sarah Chambers,kandrews.5710@example.com,ZM,2023-01-23,Standard,28634.69
5711,Jonathan Diaz,garzatimothy.5711@example.com,ST,2022-04-22,Basic,2828.78
5712,Laura Richardson,stephaniemiller.5712@example.com,GM,2025-05-31,Premium,42953.27
5713,Laurie Garcia,riveravictoria.5713@example.com,JP,2025-02-05,Standard,49044.17
5714,Robert Davis,mcintoshchristopher.5714@example.com,MR,2021-06-06,Standard,6534.69
5715,Jill Warren,daughertybrian.5715@example.com,KE,2022-05-24,Premium,6119.06
5716,Cassandra Lewis,adammartin.5716@example.com,SB,2022-01-24,Premium,42126.71
5717,Lauren Smith,angela78.5717@example.com,TD,2022-09-17,Basic,41051.97
5718,Jennifer Park,jacqueline53.5718@example.com,IT,2024-01-14,Standard,43248.14
5719,Nicholas Miles,murphylauren.5719@example.com,BA,2020-10-01,Standard,32219.55
5720,Danielle Ross,john85.5720@example.com,ZA,2021-08-23,Standard,43070.61
5721,Mark Wright,rodneyperez.5721@example.com,KZ,2025-01-29,Basic,657.13
5722,Julie Cox,rebecca44.5722@example.com,AG,2025-06-09,Standard,33019.93
5723,Troy Taylor,ljones.5723@example.com,AG,2024-04-21,Premium,31852.34
5724,Allen Woodward,moraneric.5724@example.com,AL,2020-12-18,Basic,40222.84
5725,Michelle Rodriguez,margaretryan.5725@example.com,NZ,2024-06-25,Premium,22521.51
5726,Grace Mcdonald,mcclainsherry.5726@example.com,IR,2023-04-06,Premium,27989.24
5727,Valerie Lee,oweeks.5727@example.com,SB,2024-04-27,Premium,22852.92
5728,Richard Hester,duncandan.5728@example.com,EC,2026-07-07,Standard,31031.16
5729,Margaret Ruiz,simsjacob.5729@example.com,KH,2021-05-29,Premium,32591.87
5730,Sarah Mullen,adamsjohn.5730@example.com,BA,2025-11-24,Standard,10938.99
5731,Alan Bradford,ricechristopher.5731@example.com,TH,2025-07-12,Standard,39225.29
5732,Michelle Reese,adamssteven.5732@example.com,CY,2024-04-30,Basic,11684.66
5733,Maria Stevens,fwilliams.5733@example.com,MC,2023-11-04,Premium,25861.11
5734,Anna Bell,nathanhumphrey.5734@example.com,CD,2025-10-19,Standard,23633.12
5735,Patricia Welch,erik94.5735@example.com,CH,2024-07-15,Standard,16866.12
5736,Mark Nelson,rossandrew.5736@example.com,SG,2020-12-13,Premium,25175.35
5737,Thomas Wilson,taylorgraham.5737@example.com,QA,2024-03-17,Premium,45482.80
5738,Gina Lewis,alexander66.5738@example.com,LV,2020-07-26,Basic,17153.62
5739,Benjamin Nelson,fking.5739@example.com,AL,2020-09-26,Premium,25205.79
5740,Sarah Turner,azhang.5740@example.com,LS,2022-09-27,Basic,9575.09
5741,Devin Kline,davisshannon.5741@example.com,BR,2022-04-09,Basic,40479.17
5742,Robert Moore,nbrown.5742@example.com,AU,2024-12-26,Basic,1315.51
5743,Jessica Ellis,edward68.5743@example.com,JO,2020-04-10,Standard,365.58
5744,Kevin Johnson,hooveramy.5744@example.com,SV,2025-08-15,Basic,6279.17
5745,Thomas Mcmillan,amanda43.5745@example.com,TT,2023-02-04,Standard,45605.04
5746,Holly Lee,odavis.5746@example.com,TO,2023-05-11,Standard,49554.03
5747,Julie Brown,kevin66.5747@example.com,VE,2025-08-21,Basic,46660.25
5748,Cynthia Park,sydney36.5748@example.com,AD,2020-06-10,Standard,32663.90
5749,Joshua Miranda,alexisgarner.5749@example.com,HR,2024-06-27,Premium,20312.79
5750,William Bradshaw,ojohnson.5750@example.com,FJ,2022-08-08,Premium,6356.73
5751,Melissa Fuller,lisapeters.5751@example.com,AD,2020-12-13,Premium,12980.52
5752,Jessica Tucker,amy93.5752@example.com,HN,2022-02-08,Premium,24470.83
5753,Heather Hughes,jonathan36.5753@example.com,VN,2026-04-29,Standard,30975.89
5754,Donald Ortega,karenperez.5754@example.com,GH,2020-02-02,Premium,37057.73
5755,Brianna Burke,qhenry.5755@example.com,NR,2022-07-17,Standard,29365.03
5756,Anthony Shelton,tsmith.5756@example.com,WS,2026-01-04,Premium,19127.17
5757,Brittany Arroyo,eyoung.5757@example.com,SM,2020-04-05,Standard,1092.14
5758,Patty Schwartz,etaylor.5758@example.com,DM,2024-08-20,Standard,4580.26
5759,Peter Reynolds,melanie47.5759@example.com,MY,2024-11-06,Standard,17220.35
5760,Alexandra Wilson,nicole04.5760@example.com,IQ,2025-03-14,Basic,11100.24
5761,Amy Kennedy,wardclaudia.5761@example.com,JO,2022-07-02,Standard,11327.23
5762,Travis Adams,cynthiaaustin.5762@example.com,CY,2021-09-21,Standard,42659.69
5763,Charles Cox,robin18.5763@example.com,RO,2022-07-31,Standard,28659.47
5764,Kyle Patton,timothy37.5764@example.com,PH,2021-02-09,Premium,22581.64
5765,James Young,qvazquez.5765@example.com,SM,2022-09-12,Basic,49101.57
5766,Alexandra Pena,victor87.5766@example.com,BB,2020-05-13,Basic,2474.98
5767,Eric Olsen,herreraeduardo.5767@example.com,MY,2023-01-05,Premium,35625.80
5768,Ryan Parsons,huberallen.5768@example.com,NZ,2023-07-30,Basic,36365.02
5769,Michael Schmidt,reynoldsnicholas.5769@example.com,CV,2020-10-13,Premium,10426.37
5770,Timothy Hoffman,nathaniel86.5770@example.com,CO,2020-01-20,Premium,627.28
5771,Ethan Schmidt,fletchersarah.5771@example.com,ZA,2024-09-05,Premium,21785.47
5772,Carol Hill,patrickbrowning.5772@example.com,KW,2025-06-07,Basic,48064.44
5773,Denise Johnson,reesetina.5773@example.com,TJ,2024-10-19,Standard,27164.45
5774,Angela Lang,sanderscolleen.5774@example.com,HR,2022-10-21,Basic,6129.50
5775,Dr. Amy Garcia,jessica28.5775@example.com,SZ,2026-04-22,Premium,10942.92
5776,Dr. Candace Frost,weavermichael.5776@example.com,EC,2025-07-14,Premium,3730.90
5777,Curtis Palmer,tina68.5777@example.com,MY,2022-12-16,Standard,27664.66
5778,Robert Ramirez,hramirez.5778@example.com,LS,2022-11-18,Premium,40542.24
5779,Cheryl Peterson,rle.5779@example.com,GY,2023-09-22,Standard,9888.46
5780,Mrs. Sarah Adams DDS,amyschneider.5780@example.com,IQ,2022-10-09,Basic,19011.87
5781,Peter King,theodoremarshall.5781@example.com,HT,2024-04-21,Premium,18395.51
5782,Shannon Vargas,taylor42.5782@example.com,IR,2025-05-11,Standard,4513.93
5783,Jeremy Duarte,melissagreene.5783@example.com,RU,2022-11-26,Standard,5591.19
5784,Jamie Soto,lindsey17.5784@example.com,BZ,2022-05-04,Standard,40453.56
5785,Julie Freeman,cantujames.5785@example.com,HN,2023-10-15,Premium,29345.43
5786,Michelle Mendoza,jhall.5786@example.com,VN,2025-02-22,Standard,3069.78
5787,Michael Turner,cheryl73.5787@example.com,BZ,2024-03-16,Basic,46755.75
5788,Heather Johnson,gina37.5788@example.com,GR,2023-08-01,Premium,1905.61
5789,Kathryn Sullivan,michael66.5789@example.com,SA,2022-02-26,Standard,18033.13
5790,Michael Ryan,keith16.5790@example.com,VU,2024-10-12,Basic,15796.92
5791,David Lee,gonzalezdanny.5791@example.com,JP,2023-06-13,Premium,34286.29
5792,James Walters,anthony87.5792@example.com,FR,2024-07-31,Basic,29562.13
5793,William Walker,stevenflores.5793@example.com,AU,2020-08-20,Standard,42629.79
5794,Tammy Rivera,diazpeter.5794@example.com,CH,2024-06-23,Basic,40693.61
5795,Madison Adams,hannahconrad.5795@example.com,PS,2021-05-15,Premium,6083.62
5796,Anthony Clements,atkinsbilly.5796@example.com,KI,2020-03-09,Premium,30694.93
5797,Jonathan Shaw,christine79.5797@example.com,TM,2022-06-16,Basic,28348.23
5798,Amy Oneill,edward62.5798@example.com,ZA,2026-05-02,Premium,26547.79
5799,James Farmer,navarromary.5799@example.com,UY,2025-02-01,Basic,3402.17
5800,Cody Miller,briannajordan.5800@example.com,CD,2025-05-17,Premium,29168.06
5801,Monique Ibarra,luiscastillo.5801@example.com,NL,2023-06-02,Standard,38946.24
5802,Melanie Barber,rcoleman.5802@example.com,MR,2024-08-25,Premium,41835.52
5803,Kevin Gray,andreaclark.5803@example.com,MN,2022-09-23,Standard,42715.93
5804,James Weber,michelle30.5804@example.com,FM,2021-09-15,Standard,17571.47
5805,Benjamin Browning,seanblevins.5805@example.com,RW,2022-01-08,Basic,38667.95
5806,Ms. Christine Young,jenniferfernandez.5806@example.com,CH,2026-02-15,Basic,20300.91
5807,Sherry Ford,wattsaaron.5807@example.com,BS,2021-01-06,Standard,5665.91
5808,Kayla Jones,carolynbernard.5808@example.com,GM,2024-05-16,Standard,12218.85
5809,Nancy Flores,jenniferjackson.5809@example.com,MC,2023-04-07,Premium,43695.87
5810,Justin Mcdonald,eric16.5810@example.com,BT,2020-12-16,Standard,8779.39
5811,Anita Patel,brianna70.5811@example.com,BJ,2026-07-19,Basic,47039.20
5812,Shawn Brown,wsimmons.5812@example.com,UG,2025-10-27,Standard,45176.97
5813,Zachary Fitzgerald,hdavenport.5813@example.com,SL,2020-03-20,Standard,25283.45
5814,Susan Clark,kevinlowe.5814@example.com,BH,2022-11-13,Premium,41536.35
5815,Amanda Coleman,hornemark.5815@example.com,ES,2024-09-30,Basic,26876.90
5816,Justin Strong,melissa11.5816@example.com,IS,2024-04-30,Basic,13281.53
5817,Jordan Brown,kathy99.5817@example.com,VN,2020-04-22,Basic,40194.22
5818,Michael Turner,richardsadam.5818@example.com,LC,2022-11-10,Basic,39062.75
5819,James Frost,paige25.5819@example.com,VN,2026-04-07,Unknown,14104.66
5820,Rebecca Carter,martinezmary.5820@example.com,JO,2025-04-07,Premium,3694.80
5821,Elizabeth Wood,johngonzalez.5821@example.com,IS,2021-07-30,Standard,41581.10
5822,Jennifer Rios,carl83.5822@example.com,LU,2024-08-13,Basic,44215.10
5823,Paul Osborn,yallen.5823@example.com,SZ,2023-11-04,Premium,2990.95
5824,Laura Woods,stonesusan.5824@example.com,UY,2020-09-11,Premium,25067.37
5825,Jeffrey Melton,angela53.5825@example.com,BG,2021-12-15,Basic,25327.11
5826,Lindsay Frazier,rmoore.5826@example.com,LY,2025-06-22,Standard,42468.69
5827,Brian Holmes,carolynyates.5827@example.com,IL,2023-01-10,Premium,37060.05
5828,Michelle Williams,wendy19.5828@example.com,MU,2025-03-28,Premium,15693.25
5829,Katherine Hall,josephmckinney.5829@example.com,VE,2024-02-16,Standard,24205.19
5830,Jason Valdez,kathryn96.5830@example.com,ZW,2023-03-24,Basic,48202.07
5831,Heidi Atkinson,cummingsmelissa.5831@example.com,BF,2025-03-17,Basic,22560.98
5832,Joshua Perry,clarson.5832@example.com,LB,2023-01-13,Basic,1298.28
5833,Taylor Norman,troyburnett.5833@example.com,SL,2025-04-16,Standard,43804.05
5834,Rebecca Stone DDS,gibsonrichard.5834@example.com,JM,2023-05-13,Basic,39993.02
5835,Nicole Nichols,david54.5835@example.com,NZ,2023-10-28,Basic,31973.81
5836,Derrick Phelps,oweber.5836@example.com,GM,2024-09-25,Basic,28916.74
5837,Brian White,curtis92.5837@example.com,HN,2020-08-10,Premium,40547.45
5838,Clifford Ramos,reidalbert.5838@example.com,TN,2020-04-18,Standard,6675.30
5839,Lindsey Gomez,mossshawn.5839@example.com,CL,2024-03-11,Premium,52.78
5840,Christopher Lewis,melissasmith.5840@example.com,DO,2021-06-02,Premium,21778.05
5841,Faith White,brittany50.5841@example.com,CO,2023-03-31,Premium,39460.75
5842,Courtney Kline,shawn66.5842@example.com,AU,2026-08-03,Basic,17456.36
5843,Lori Richardson,douglaslisa.5843@example.com,ML,2021-06-08,Basic,41498.89
5844,Amber Ballard,thomasreed.5844@example.com,GN,2024-02-24,Basic,5330.28
5845,Jon Jones,duncancarmen.5845@example.com,KW,2025-07-09,Standard,11251.23
5846,Jeremiah Gomez,karlhebert.5846@example.com,MK,2020-02-04,Premium,20703.17
5847,Jennifer Burton,james01.5847@example.com,VA,2021-12-19,Premium,24694.43
5848,James Lane,russell18.5848@example.com,LB,2020-04-25,Basic,29822.02
5849,Deborah Wheeler,dcurtis.5849@example.com,US,2022-05-01,Premium,9401.45
5850,Mary Delacruz,toddbruce.5850@example.com,GA,2025-11-06,Basic,13632.04
5851,Benjamin Robinson,emma47.5851@example.com,BJ,2025-05-01,Standard,45449.35
5852,Daniel Chapman,larry76.5852@example.com,MZ,2022-10-12,Basic,45771.46
5853,Elizabeth Herrera,bjohnson.5853@example.com,VE,2025-09-14,Premium,18172.43
5854,Billy Stokes,kaguilar.5854@example.com,PW,2025-08-28,Basic,44179.12
5855,Chad Flores,charles95.5855@example.com,MW,2021-06-28,Premium,32278.85
5856,Sandra Boyer,randysandoval.5856@example.com,QA,2023-01-15,Basic,34425.02
5857,Amanda Knight,haasnicole.5857@example.com,PL,2025-04-28,Basic,6121.66
5858,Brianna Vazquez,timothyestrada.5858@example.com,CN,2023-01-01,Basic,5776.00
5859,Kelly Watson,ishepard.5859@example.com,TZ,2020-03-13,Premium,44547.78
5860,David Douglas,gshaw.5860@example.com,HR,2020-03-20,Standard,15589.36
5861,Michael Johnson,tsloan.5861@example.com,MA,2020-06-02,Standard,37851.59
5862,Mary Williams,ewatson.5862@example.com,TZ,2023-06-02,Premium,14408.23
5863,Morgan Davis,rjohnson.5863@example.com,AU,2022-07-04,Premium,31083.09
5864,Jordan Houston,david39.5864@example.com,RU,2020-09-28,Premium,16192.28
5865,Laura Stafford,karenwhite.5865@example.com,QA,2024-02-09,Standard,12001.04
5866,Patricia Parks,jacobhall.5866@example.com,UY,2020-01-17,Standard,19204.53
5867,Patrick Galloway,judy36.5867@example.com,ID,2022-08-05,Basic,48695.53
5868,Amanda Baker,james01.5868@example.com,MN,2026-03-25,Premium,34626.24
5869,Reginald James,carrollmelissa.5869@example.com,IR,2025-02-10,Basic,11933.40
5870,Christy Barton,deborahwallace.5870@example.com,GA,2020-06-09,Standard,41676.72
5871,Jamie Roberts,olsondonald.5871@example.com,JO,2022-03-30,Premium,17662.86
5872,Susan Jones,julie04.5872@example.com,MG,2024-01-17,Basic,4126.78
5873,Roy Gomez,payneandrea.5873@example.com,GB,2026-06-07,Premium,48976.33
5874,Candice Giles,stephen94.5874@example.com,ES,2026-08-20,Basic,8646.40
5875,Laura Gray,shawntyler.5875@example.com,NR,2022-05-17,Standard,6185.79
5876,Jerry Scott,fjuarez.5876@example.com,AT,2023-07-07,Standard,10513.38
5877,Richard Hall,ndunn.5877@example.com,VU,2026-06-29,Basic,14263.24
5878,Christopher Hawkins,jonathan78.5878@example.com,JM,2023-01-30,Standard,49619.44
5879,Jason Ramirez,hamiltonjames.5879@example.com,CD,2025-01-14,Premium,45396.37
5880,Rhonda Matthews,lpowers.5880@example.com,FJ,2020-05-16,Standard,45452.63
5881,Justin Garner,peter23.5881@example.com,SY,2024-01-26,Premium,21762.51
5882,Elizabeth Noble,yneal.5882@example.com,AT,2021-07-13,Basic,42760.07
5883,George King,katiebrooks.5883@example.com,MV,2022-10-30,Standard,36722.37
5884,Jill Clark,phamreginald.5884@example.com,RW,2020-12-07,Basic,29558.36
5885,Lisa Barrett,tkane.5885@example.com,YE,2023-09-04,Premium,46649.21
5886,Phillip Dixon,joshuakennedy.5886@example.com,BD,2022-07-10,Basic,26033.70
5887,John Mueller,mtorres.5887@example.com,VN,2024-06-17,Standard,19739.14
5888,Stephanie Brown,tjones.5888@example.com,CV,2020-03-07,Standard,15208.06
5889,Kelly Baker,pmartin.5889@example.com,AT,2023-11-25,Basic,5403.93
5890,Lorraine Johnson,kelseyhoffman.5890@example.com,AM,2022-06-08,Premium,6861.77
5891,Blake Alexander,elizabethjackson.5891@example.com,FJ,2022-09-27,Premium,3532.91
5892,Brian Colon,penamanuel.5892@example.com,GM,2022-03-15,Premium,18245.51
5893,John Williams,dbuckley.5893@example.com,LK,2020-09-25,Standard,40965.15
5894,Sarah Clark,morenocorey.5894@example.com,KN,2023-02-22,Standard,20281.35
5895,Mackenzie Griffin,khill.5895@example.com,AU,2022-09-29,Basic,18092.82
5896,Kenneth Barry,alexanderbenjamin.5896@example.com,CH,2021-02-18,Standard,25533.56
5897,Sharon Curtis,smithemily.5897@example.com,DK,2020-07-15,Standard,47038.86
5898,Sharon Gonzalez,jbishop.5898@example.com,BD,2022-07-21,Standard,40435.80
5899,Theresa Larson,laura51.5899@example.com,KW,2020-07-15,Premium,29264.63
5900,Diana Garcia,coxdanielle.5900@example.com,SY,2020-09-02,Basic,39142.31
5901,John Rivera,andrew00.5901@example.com,CZ,2024-12-19,Standard,10596.20
5902,Ethan Vega,traci14.5902@example.com,SY,2025-12-17,Premium,29927.13
5903,Deborah Mcguire,heathercaldwell.5903@example.com,NR,2024-09-24,Basic,14639.81
5904,Michael Carpenter,lambjill.5904@example.com,FJ,2026-06-01,Standard,10507.88
5905,Mario Graham,rebecca65.5905@example.com,MT,2024-08-18,Standard,1055.58
5906,Brian Franklin,william51.5906@example.com,RU,2021-10-06,Standard,26702.18
5907,Julie Dawson,cristian13.5907@example.com,LC,2025-03-10,Premium,42651.24
5908,Krista Rogers,curtis88.5908@example.com,FI,2022-04-05,Standard,15108.34
5909,Gary Graves,blittle.5909@example.com,AL,2020-01-14,Premium,16074.39
5910,Jacob Pearson,bestkathleen.5910@example.com,MN,2023-02-04,Basic,48726.57
5911,Melissa King,mary85.5911@example.com,AU,2025-07-26,Basic,36548.09
5912,Brandon Hernandez,sarah62.5912@example.com,SR,2022-02-17,Standard,16909.41
5913,Scott Gray,lwilliams.5913@example.com,DZ,2022-05-16,Basic,45976.50
5914,Danielle Johnson,marilyn21.5914@example.com,ME,2025-03-13,Premium,45783.12
5915,Matthew Ward,davisamy.5915@example.com,SC,2021-01-26,Basic,26012.04
5916,Courtney Baldwin,sheila19.5916@example.com,TM,2021-10-17,Standard,1039.46
5917,Charles Cook,christopherperez.5917@example.com,GD,2025-02-27,Premium,18950.17
5918,Sara Mccarty,diana29.5918@example.com,KW,2026-03-18,Basic,33738.11
5919,Alyssa Hall,donna95.5919@example.com,NI,2023-05-29,Basic,35516.14
5920,Steven Padilla,aclarke.5920@example.com,AU,2021-09-02,Premium,33994.68
5921,Kelly Fuller,ghernandez.5921@example.com,PG,2024-05-10,Premium,46059.14
5922,Michael Hicks,moorejessica.5922@example.com,NZ,2022-06-11,Basic,31795.35
5923,Thomas Rowe,eunderwood.5923@example.com,BS,2024-10-12,Basic,83.97
5924,Sandra Mendoza,kimberlyreid.5924@example.com,IE,2025-04-22,Premium,20950.16
5925,Derek Bennett,adam48.5925@example.com,GQ,2021-12-21,Premium,15336.83
5926,Angelica Anderson,adamwoods.5926@example.com,KG,2020-11-08,Basic,9831.83
5927,Cameron Jones,wurodney.5927@example.com,RS,2026-02-22,Standard,23086.93
5928,Matthew Rodriguez,stevensgeorge.5928@example.com,GR,2022-06-18,Basic,21171.68
5929,Thomas Roberson,debrawilson.5929@example.com,TV,2025-12-10,Standard,24700.73
5930,Walter Ward,johnfreeman.5930@example.com,UZ,2025-03-20,Basic,39136.72
5931,Sarah Johnson,isaiah80.5931@example.com,TH,2020-12-21,Premium,24370.95
5932,Tyler Peters,adrian11.5932@example.com,HU,2025-05-13,Standard,49157.45
5933,Kristin Bailey,branchdonna.5933@example.com,BN,2023-10-15,Basic,18079.30
5934,Mary Soto,danielwalker.5934@example.com,BD,2024-10-24,Premium,44215.77
5935,Laura James,mortonerin.5935@example.com,PG,2021-01-01,Basic,12103.37
5936,Nathan Edwards,not-an-email,TO,2020-12-05,Premium,392.24
5937,Christopher Leblanc,david74.5937@example.com,RU,2025-12-11,Premium,32523.08
5938,Jessica Mcdaniel,bishopderek.5938@example.com,TW,2024-12-29,Standard,1041.76
5939,Scott Martinez,jaredoliver.5939@example.com,OM,2025-01-01,Premium,43315.75
5940,Sharon Golden,david79.5940@example.com,FI,2022-01-12,Premium,25179.80
5941,Brooke Roberts,allen26.5941@example.com,NO,2024-07-29,Standard,14059.25
5942,Michael James,robert03.5942@example.com,GR,2021-01-09,Premium,1993.70
5943,Carol Harris,whitney31.5943@example.com,VA,2022-04-21,Standard,48794.49
5944,Rodney Thomas,taylor22.5944@example.com,PT,2025-03-04,Premium,42040.73
5945,Keith Adams,ashley21.5945@example.com,MN,2021-10-12,Basic,36902.59
5946,Alan Cline,lvillanueva.5946@example.com,AT,2023-05-26,Standard,18343.33
5947,Stephanie Harris,dmendez.5947@example.com,BE,2024-03-29,Premium,39001.86
5948,Bradley Davidson,vincentstacy.5948@example.com,BT,2024-12-04,Standard,19303.87
5949,Angela Woodward,susanwoods.5949@example.com,RS,2020-04-01,Standard,37342.37
5950,Scott Sandoval,jjoseph.5950@example.com,FJ,2026-05-13,Premium,27703.24
5951,Richard Simmons,oscar38.5951@example.com,JP,2025-09-05,Basic,32947.20
5952,Martin Gonzales,kathleen19.5952@example.com,LV,2024-12-21,Basic,38045.25
5953,Jeffrey Drake,danielramirez.5953@example.com,CF,2021-10-03,Premium,25240.61
5954,Deborah Ford,ylogan.5954@example.com,UA,2022-04-10,Basic,15676.19
5955,Kenneth Flynn,juan62.5955@example.com,SR,2022-09-25,Premium,1074.54
5956,Michael Thomas,frank14.5956@example.com,CF,2026-03-25,Premium,23810.42
5957,Karen Peterson,lewisheidi.5957@example.com,LR,2020-04-19,Standard,38893.66
5958,Roy Turner MD,perryalexander.5958@example.com,SM,2020-02-05,Standard,48047.64
5959,Sean Hall,john40.5959@example.com,IS,2022-05-08,Premium,16979.63
5960,Cindy Booth DDS,zwerner.5960@example.com,BG,2022-06-18,Basic,26137.58
5961,Amy Porter,andreagray.5961@example.com,VC,2026-03-18,Basic,4509.61
5962,Jessica Chapman,hutchinsonmonica.5962@example.com,BE,2026-02-10,Premium,14103.02
5963,Austin Thompson,meyerlindsey.5963@example.com,BI,2025-11-24,Basic,40213.16
5964,Roger Jackson,esims.5964@example.com,AM,2020-08-14,Premium,29295.50
5965,Gregory Smith,edwardsmichael.5965@example.com,IE,2022-04-10,Basic,16643.04
5966,Logan Walsh,jenniferneal.5966@example.com,UY,2020-04-17,Basic,30686.84
5967,Robert Gutierrez,rjohnston.5967@example.com,KE,2025-11-07,Premium,42802.61
5968,Amber Mitchell,williamsjennifer.5968@example.com,TZ,2021-07-27,Premium,8358.26
5969,Rhonda Thomas,tholmes.5969@example.com,IN,2023-11-04,Standard,10081.65
5970,Meghan Dunlap,oruiz.5970@example.com,LU,2022-05-24,Premium,19796.92
5971,Jennifer Zamora,christina10.5971@example.com,TD,2022-10-21,Standard,41106.20
5972,John Ward,deborah72.5972@example.com,PA,2024-01-03,Standard,24267.53
5973,James Evans,hcruz.5973@example.com,LY,2024-09-10,Premium,13792.76
5974,Elizabeth Ellis,christopher49.5974@example.com,ZW,2024-09-13,Standard,1431.12
5975,Laura Moore,bethwashington.5975@example.com,CA,2020-08-30,Basic,3880.79
5976,Christopher Perez,moorejesse.5976@example.com,IE,2026-07-10,Basic,38672.89
5977,James Robinson,ckaufman.5977@example.com,IL,2022-04-26,Premium,17521.59
5978,Kaylee White,nicholasross.5978@example.com,ES,2025-06-09,Premium,25999.70
5979,Reginald Lloyd,carriealexander.5979@example.com,MN,2025-04-04,Premium,50.84
5980,Mark Carpenter,riverapamela.5980@example.com,AO,2026-01-21,Basic,34184.30
5981,Katie Little,lgray.5981@example.com,IL,2023-01-23,Basic,24720.58
5982,George Pitts,nschroeder.5982@example.com,AR,2024-11-05,Premium,5024.35
5983,Vanessa Hanson,saramoore.5983@example.com,NO,2026-06-12,Standard,27104.69
5984,Dustin Winters,webbtrevor.5984@example.com,IL,2025-04-16,Standard,32539.99
5985,Christopher Lopez,rwheeler.5985@example.com,SL,2022-03-28,Premium,9733.16
5986,Paula Watkins,sancheztiffany.5986@example.com,GB,2020-11-29,Premium,46969.85
5987,Eric Douglas,ybailey.5987@example.com,CO,2021-02-24,Standard,17781.09
5988,Bruce Simpson,brandyharper.5988@example.com,KM,2022-01-21,Basic,9692.32
5989,Ms. Jennifer Dyer MD,caitlinhall.5989@example.com,FR,2020-07-18,Basic,46396.97
5990,Adam Malone,michael39.5990@example.com,BY,2023-01-13,Premium,15980.48
5991,Stephanie Michael,tblack.5991@example.com,MU,2024-07-27,Standard,25630.17
5992,Mr. Richard Henderson,davidwoodard.5992@example.com,HT,2023-09-29,Standard,18151.45
5993,Daniel Evans,sandersselena.5993@example.com,QA,2025-03-17,Basic,26805.45
5994,Kimberly Mays,mramsey.5994@example.com,MA,2020-09-23,Standard,10033.14
5995,James Cain,ohood.5995@example.com,JO,2021-01-28,Basic,8797.66
5996,Jeffrey Thomas,jonathanreynolds.5996@example.com,FJ,2025-03-20,Standard,19378.82
5997,Brent Jackson,charlesmann.5997@example.com,CZ,2025-09-15,Basic,36764.20
5998,Robert Lee,markcuevas.5998@example.com,TJ,2022-11-06,Standard,47807.30
5999,Elijah Henry,deborahward.5999@example.com,ML,2025-12-22,Basic,16386.72
6000,Kathryn Mckenzie,timothyparker.6000@example.com,LR,2022-09-04,Premium,47024.52
6001,Christopher Wright,seanbell.6001@example.com,BB,2022-12-14,Premium,28780.34
6002,Heather Miller,tammy74.6002@example.com,CF,2023-12-03,Premium,5751.77
6003,Natalie Diaz,huffmancourtney.6003@example.com,CM,2025-06-05,Standard,38156.52
6004,Cheryl Mack,lgarcia.6004@example.com,UZ,2022-05-15,Premium,13698.89
6005,David Morris,jonathanrice.6005@example.com,CD,2023-12-03,Basic,871.75
6006,Paul Randall,deborahharris.6006@example.com,SL,2023-05-24,Basic,3597.87
6007,Jo Camacho,cassandra41.6007@example.com,PH,2024-04-22,Basic,26725.84
6008,Mary Young,enichols.6008@example.com,IE,2025-03-12,Standard,35313.96
6009,Autumn Bradley,smithheather.6009@example.com,EG,2020-02-09,Standard,36234.28
6010,James James,blackburnmichael.6010@example.com,TM,2024-10-15,Basic,35773.97
6011,Jonathan Wang,zhowell.6011@example.com,JM,2026-09-03,Basic,446.75
6012,Zachary Gomez,yspencer.6012@example.com,ST,2024-12-02,Standard,12855.40
6013,Alex Sullivan,plester.6013@example.com,NG,2025-02-18,Basic,37503.47
6014,Lawrence Rich,stevenlloyd.6014@example.com,BR,2024-02-13,Standard,30283.15
6015,Lacey Reyes,burtonellen.6015@example.com,QA,2020-10-25,Premium,5243.94
6016,Alexandra Morris,austinhardin.6016@example.com,NR,2024-09-23,Premium,49600.99
6017,William Marshall,danielle54.6017@example.com,BS,2021-11-04,Premium,38955.44
6018,David Williams,larry79.6018@example.com,NG,2025-12-29,Basic,4739.33
6019,Christine Mitchell,sandra81.6019@example.com,PE,2024-07-13,Basic,8963.97
6020,James Nelson,brandicooper.6020@example.com,HT,2020-09-18,Basic,12776.08
6021,Steven Goodman,jamie15.6021@example.com,KZ,2020-07-22,Basic,45259.81
6022,Troy Reeves,donaldcross.6022@example.com,MK,2026-04-21,Standard,23122.32
6023,Javier Gibbs,stephanieodonnell.6023@example.com,AD,2020-05-10,Basic,6401.02
6024,Jessica Davis,claytonbennett.6024@example.com,LY,2026-04-02,Premium,417.22
6025,Cody Gonzalez,timothy09.6025@example.com,GM,2026-04-20,Premium,39801.81
6026,Keith Harris,goodgeorge.6026@example.com,SN,2020-09-24,Premium,49217.69
6027,Kimberly Smith,rodriguezjames.6027@example.com,LK,2021-02-21,Standard,48358.35
6028,Connie Paul,youngmegan.6028@example.com,GH,2020-11-22,Basic,34151.35
6029,Heather Richards,laura98.6029@example.com,KE,2021-12-23,Basic,31277.82
6030,Anthony Thompson,calebfaulkner.6030@example.com,MG,2020-07-28,Basic,16402.90
6031,Janet Vaughn,xstephens.6031@example.com,LK,2020-04-30,Premium,35913.99
6032,Jasmine Erickson,acosta.6032@example.com,NZ,2022-11-12,Basic,32107.53
6033,Kenneth Crawford,erika69.6033@example.com,BD,2021-02-15,Premium,9304.87
6034,Jessica Turner,pharmon.6034@example.com,SZ,2020-07-25,Basic,19915.57
6035,Tiffany Griffin,kim93.6035@example.com,BI,2025-09-21,Standard,17564.94
6036,Robert Gomez,sheila98.6036@example.com,DK,2022-09-17,Standard,24471.59
6037,Jose Velasquez,valeriethomas.6037@example.com,VE,2020-03-01,Basic,27727.66
6038,Alison Heath,elizabethodonnell.6038@example.com,MC,2025-06-18,Standard,1209.47
6039,Matthew Hernandez,torreslaura.6039@example.com,CG,2020-09-17,Basic,27149.42
6040,Angela Walsh,bcollins.6040@example.com,JP,2024-12-13,Standard,42436.07
6041,Colleen Miller,hhansen.6041@example.com,AL,2024-02-11,Standard,44207.92
6042,Scott Brady,brightdavid.6042@example.com,GT,2022-07-25,Premium,32944.24
6043,Julie Knox,ssalinas.6043@example.com,ZW,2022-05-03,Basic,23558.37
6044,Justin Griffin III,brittney45.6044@example.com,BT,2021-07-15,Basic,19987.70
6045,Rebecca Olson DVM,mary31.6045@example.com,MN,2024-07-20,Premium,29464.83
6046,Michael Munoz,ataylor.6046@example.com,CO,2026-08-29,Premium,5584.33
6047,Shane Brown,marissabrown.6047@example.com,AG,2023-04-29,Basic,31533.33
6048,James Sanchez,reevesbobby.6048@example.com,AO,2021-08-19,Standard,36203.92
6049,Patrick Stone,thomasalvarez.6049@example.com,KH,2021-11-19,Basic,14821.67
6050,Jaime Kane,thomasdavid.6050@example.com,JM,2023-12-11,Premium,29162.54
6051,Eric Alvarez,shaffercharles.6051@example.com,AG,2025-01-01,Standard,6947.37
6052,Shaun Padilla,jessicasummers.6052@example.com,GR,2021-03-05,Basic,48454.40
6053,Elizabeth Beck,simmonsjill.6053@example.com,FM,2025-01-13,Standard,18869.32
6054,Erica Wade,andersonkatherine.6054@example.com,MU,2022-08-15,Basic,19859.69
6055,Kevin Martin,parsonsclaudia.6055@example.com,GY,2023-05-30,Standard,45454.40
6056,Paula Smith,bchavez.6056@example.com,MH,2022-07-29,Basic,36337.04
6057,Patricia Walker,gyates.6057@example.com,ID,2023-12-08,Basic,30112.76
6058,Monica Matthews,nicolehartman.6058@example.com,LK,2021-12-03,Standard,42194.96
6059,Russell Aguilar,yreyes.6059@example.com,SY,2020-01-29,Basic,3301.05
6060,Richard Alexander,tanya42.6060@example.com,NR,2023-01-12,Premium,30623.74
6061,Julie Daniel,julie99.6061@example.com,DE,2024-03-30,Standard,533.54
6062,Kari Aguirre,donna17.6062@example.com,KZ,2021-04-21,Premium,44280.30
6063,Brittany Roach,david49.6063@example.com,DO,2025-03-22,Standard,25761.77
6064,Carl Griffin,clee.6064@example.com,TR,2020-03-15,Basic,29153.60
6065,Elizabeth Moore,jeremyjackson.6065@example.com,RO,2025-02-01,Premium,27811.97
6066,Joseph Faulkner,harrisondennis.6066@example.com,HR,2026-07-20,Basic,14770.34
6067,Zachary Bradley,victoriarobinson.6067@example.com,LS,2024-08-01,Standard,16998.47
6068,Pamela Taylor,obriendaniel.6068@example.com,SN,2025-11-21,Basic,20334.37
6069,Richard Fisher,rodriguezedward.6069@example.com,BR,2020-02-27,Premium,28311.16
6070,James Thornton,tracy61.6070@example.com,BJ,2020-03-23,Standard,43584.54
6071,Kelsey Leon,ryancarter.6071@example.com,MW,2026-01-02,Basic,39757.65
6072,Johnny Morris,lawrence90.6072@example.com,EG,2024-10-02,Standard,13347.39
6073,Christopher Chambers,ogriffith.6073@example.com,ME,2020-04-11,Basic,26794.93
6074,Timothy Williamson,danielle89.6074@example.com,IE,2023-05-14,Standard,10131.72
6075,Angela Howard,leslieortiz.6075@example.com,AU,2025-08-27,Basic,23166.94
6076,Samantha Jackson,williamsonashley.6076@example.com,AU,2022-05-07,Premium,4745.21
6077,Dawn Flores,williamswilliam.6077@example.com,HU,2023-12-24,Standard,34581.55
6078,Gregory Lynn,josephburch.6078@example.com,BW,2024-09-15,Standard,17143.38
6079,Kayla Cook,ysims.6079@example.com,BH,2024-10-22,Standard,40267.55
6080,Dennis Lowery,pwarren.6080@example.com,SL,2023-10-07,Standard,33010.07
6081,Cory Oconnell,kathryn89.6081@example.com,LV,2026-05-08,Standard,6196.18
6082,Steven Cox,pachecorodney.6082@example.com,MK,2021-12-14,Standard,31747.67
6083,Wendy Diaz,huntmelissa.6083@example.com,TN,2022-01-13,Standard,48685.94
6084,Noah Barrera,manderson.6084@example.com,AD,2024-10-31,Basic,22576.68
6085,Jennifer Pennington,anorris.6085@example.com,KW,2025-09-04,Premium,17562.07
6086,Tommy House,barbara83.6086@example.com,LV,2024-10-27,Standard,17829.49
6087,Jade Pugh,iriggs.6087@example.com,CU,2021-05-21,Basic,17803.55
6088,Dustin Johnson,clarknancy.6088@example.com,MN,2020-02-27,Standard,44191.27
6089,Lindsay Brown,bhall.6089@example.com,MC,2025-06-02,Premium,30727.69
6090,Ryan Walton,qwise.6090@example.com,LT,2024-11-11,Basic,7672.73
6091,Christy Griffin,ryan89.6091@example.com,UZ,2021-12-24,Premium,48526.09
6092,Amanda Kennedy,ewhite.6092@example.com,OM,2025-02-01,Standard,45862.35
6093,Jennifer Murphy,mmathews.6093@example.com,MH,2021-08-10,Premium,34272.72
6094,Brandon Adams,warnerphillip.6094@example.com,CZ,2020-12-29,Standard,25652.56
6095,Mark White,aaronbarnes.6095@example.com,JP,2022-07-15,Premium,2803.78
6096,Angel Williams,debragarner.6096@example.com,BH,2024-06-19,Basic,22210.06
6097,Michele Gould,blakegarrett.6097@example.com,ML,2026-03-05,Standard,19146.20
6098,Karen Martinez,vwoods.6098@example.com,TM,2020-07-03,Premium,41730.62
6099,Kathryn Young,chavezmichael.6099@example.com,NI,2021-01-07,Premium,21951.22
6100,Brittany Chan,daniel52.6100@example.com,SI,2024-03-14,Premium,41812.68
6101,Candice Hanson,nicole87.6101@example.com,DK,2022-08-13,Basic,33639.47
6102,Maxwell Butler,adriana27.6102@example.com,KI,2024-12-25,Premium,16424.97
6103,Lauren Luna,marquezgloria.6103@example.com,FI,2020-04-30,Premium,19107.25
6104,Joshua Brock,ohughes.6104@example.com,GN,2021-09-01,Standard,33511.93
6105,Rachel Hall,stacy36.6105@example.com,BZ,2021-05-05,Basic,11255.25
6106,Emily George,elizabethcollins.6106@example.com,MR,2024-04-19,Basic,49925.81
6107,Jennifer Douglas,amyramos.6107@example.com,ZM,2022-04-28,Standard,4323.75
6108,John Mason,randyhoffman.6108@example.com,LU,2025-02-15,Standard,1938.08
6109,Tracey Schmidt,vcarroll.6109@example.com,PY,2025-02-13,Standard,45646.60
6110,Nancy Coleman,priley.6110@example.com,ER,2023-08-28,Basic,23633.51
6111,Christina Moore,ronaldterrell.6111@example.com,LB,2022-12-03,Basic,7562.76
6112,Douglas Horne,robertarnold.6112@example.com,SI,2023-05-19,Basic,29283.47
6113,Bryan Buchanan,emilymiller.6113@example.com,UY,2024-03-21,Premium,249.25
6114,Emma Church,saracortez.6114@example.com,PL,2022-03-31,Basic,34327.03
6115,Jesse Reyes,yknight.6115@example.com,AL,2020-08-25,Basic,25030.16
6116,Stacey Brennan,usnyder.6116@example.com,LI,2026-07-20,Standard,15934.53
6117,Brenda Perez,cliffordnguyen.6117@example.com,LU,2024-12-06,Basic,32781.12
6118,Johnathan Briggs,cheyennechapman.6118@example.com,TR,2025-09-24,Basic,14042.87
6119,Christopher Short,tyler20.6119@example.com,KZ,2024-04-17,Premium,15760.70
6120,Mark Ortega,fcameron.6120@example.com,AZ,2026-07-03,Basic,23233.71
6121,Ashley Garcia,,NE,2024-07-31,Premium,49550.42
6122,Dustin Moore,vshepherd.6122@example.com,PK,2025-02-07,Standard,27795.20
6123,Brian Robbins,charles13.6123@example.com,GR,2023-07-11,Standard,10589.80
6124,Alisha Welch,amorris.6124@example.com,AR,2026-03-12,Premium,5404.13
6125,Tara Leach,ychristensen.6125@example.com,GD,2023-04-06,Standard,35911.46
6126,Frederick Chang,sydney12.6126@example.com,LC,2021-02-20,Premium,7525.55
6127,Andrea Davis,christophercaldwell.6127@example.com,KE,2023-05-10,Basic,16255.58
6128,Nicole Hernandez,laurengilbert.6128@example.com,IT,2026-07-05,Basic,36168.36
6129,Carlos Burke,sbaker.6129@example.com,RW,2025-01-28,Premium,23828.72
6130,Ruth Benson,jamesmunoz.6130@example.com,LA,2026-06-03,Basic,45370.83
6131,Tracy Boyd,vaughanvernon.6131@example.com,GQ,2023-04-06,Standard,6829.39
6132,Bradley Arnold,racheltaylor.6132@example.com,GB,2021-04-07,Standard,12586.16
6133,Leslie Williams,vpalmer.6133@example.com,MX,2023-07-30,Basic,31151.64
6134,Amanda Short,tammymurphy.6134@example.com,GB,2025-02-26,Premium,13408.25
6135,Susan Tanner,zcoleman.6135@example.com,MC,2025-08-03,Basic,46320.86
6136,Kevin Hoffman,gonzalezjohn.6136@example.com,ER,2024-04-21,Basic,13624.59
6137,Jennifer Stone,stevenchen.6137@example.com,LR,2021-02-19,Premium,26676.03
6138,Heather Villa DDS,samuelharris.6138@example.com,TR,2020-09-01,Premium,5993.75
6139,Elizabeth Wilson,xheath.6139@example.com,TL,2022-09-29,Basic,43268.70
6140,Jeremiah Mcintyre,briannacollins.6140@example.com,FI,2022-08-29,Premium,3693.64
6141,Michael Nolan,claytonadrian.6141@example.com,LS,2021-03-02,Premium,11898.67
6142,Teresa Richards,kelly94.6142@example.com,FM,2025-12-03,Standard,41996.58
6143,Willie Leblanc PhD,shannon19.6143@example.com,LA,2024-09-17,Standard,15284.15
6144,Regina Scott,wreed.6144@example.com,IQ,2022-11-24,Premium,18660.40
6145,Jason Anderson,nharris.6145@example.com,BS,2025-01-21,Standard,42823.14
6146,Heather King,michelle85.6146@example.com,BY,2026-04-24,Premium,27319.86
6147,Stephanie Thompson,marie04.6147@example.com,SG,2023-03-23,Standard,8593.47
6148,David Peterson,ystein.6148@example.com,VC,2025-01-27,Standard,5396.04
6149,Nathaniel Levine,parksdeborah.6149@example.com,MM,2022-09-07,Basic,49476.66
6150,Stephen Meyer,vickimerritt.6150@example.com,UG,2020-02-04,Premium,35427.86
6151,Robin Hess,williamsanchez.6151@example.com,NG,2022-11-30,Premium,8389.50
6152,Lauren White,manderson.6152@example.com,DZ,2025-01-02,Standard,20236.01
6153,Melissa Singh,dalton25.6153@example.com,SG,2025-12-12,Standard,37572.06
6154,Mark Griffin,ryanbaker.6154@example.com,SV,2022-06-02,Standard,12927.48
6155,David Miller,gallagherashley.6155@example.com,TG,2025-06-15,Basic,9080.98
6156,Charles Jones,rharrington.6156@example.com,ER,2024-01-28,Standard,9262.07
6157,Austin Reed,jasonsantos.6157@example.com,OM,2021-01-15,Standard,12054.00
6158,Laura Christian,susan62.6158@example.com,BG,2024-11-17,Basic,27643.71
6159,Melissa Davis,user@,VU,2026-01-13,Premium,9710.17
6160,Elizabeth Keller,matthewrivera.6160@example.com,KW,2020-01-02,Premium,10103.82
6161,Mark Miller,michael73.6161@example.com,IT,2022-11-27,Premium,16083.63
6162,Michael Knight,petersonerika.6162@example.com,ZW,2020-11-15,Basic,45162.49
6163,Gregory Nash,wilsonkelly.6163@example.com,IS,2023-04-01,Premium,1281.07
6164,Denise Hart,gfowler.6164@example.com,SO,2025-03-27,Standard,48578.01
6165,David Powell,schwartzchristopher.6165@example.com,AZ,2020-10-17,Premium,36608.07
6166,Christopher Mccoy,sherrimiller.6166@example.com,CU,2023-08-13,Standard,20760.88
6167,James Green,jennifer73.6167@example.com,SR,2020-04-10,Standard,25913.85
6168,Tanner Allen,wilsonleslie.6168@example.com,TD,2021-05-08,Standard,2120.43
6169,Veronica Morales,mbaker.6169@example.com,MU,2022-08-17,Premium,412.68
6170,Glenn Hood MD,lmccoy.6170@example.com,BS,2024-05-24,Standard,33988.27
6171,Jeffrey Larsen,cookangela.6171@example.com,AE,2021-10-05,Basic,49645.58
6172,Raymond Lopez,mcbrideandrew.6172@example.com,BT,2025-05-18,Premium,38196.86
6173,Ashley Bowman,reyesrichard.6173@example.com,PY,2022-06-02,Standard,21090.92
6174,Randall Norris,joseph90.6174@example.com,PW,2021-04-09,Premium,47434.67
6175,Jeffrey Roberts,bpitts.6175@example.com,BO,2026-04-09,Standard,6316.86
6176,Michael Joseph,lamblauren.6176@example.com,MT,2022-01-12,Basic,12888.20
6177,Sarah Smith,millerdavid.6177@example.com,BI,2025-02-25,Premium,31678.17
6178,Jeremy Best,cookthomas.6178@example.com,PL,2023-09-13,Standard,8910.93
6179,Tamara Davis,ashley20.6179@example.com,KN,2025-01-05,Basic,14202.87
6180,Gordon Watts,austin42.6180@example.com,MX,2020-03-24,Premium,22395.40
6181,Monica Walker,francistricia.6181@example.com,CZ,2022-03-01,Standard,40545.32
6182,Patrick Neal,emily12.6182@example.com,TL,2022-05-10,Basic,18473.64
6183,Sarah Sutton,shelia45.6183@example.com,EC,2020-03-25,Standard,31051.54
6184,David Morrison,meyermark.6184@example.com,TJ,2024-07-17,Premium,24370.09
6185,Amy Tate,david77.6185@example.com,LU,2021-07-21,Standard,1954.49
6186,David Norman,shawandrew.6186@example.com,FJ,2020-09-27,Basic,3527.04
6187,Daniel Smith,megan77.6187@example.com,PL,2020-03-20,Standard,15211.32
6188,Benjamin Levy,gordoncharles.6188@example.com,AZ,2022-06-11,Premium,13213.87
6189,John Scott,justinbeard.6189@example.com,BB,2025-11-22,Premium,14281.06
6190,Ashley Cantu,qbrown.6190@example.com,MV,2022-08-31,Basic,40314.52
6191,Mary Rhodes,cantrellscott.6191@example.com,LY,2026-06-11,Premium,42309.19
6192,Matthew Adams,nguyenrichard.6192@example.com,MV,2024-09-18,Basic,7193.93
6193,Juan Gonzalez,powellandrew.6193@example.com,TO,2023-11-07,Premium,12746.18
6194,James Harris,ehicks.6194@example.com,AL,2021-11-08,Premium,31736.82
6195,Stephanie Stephens,barbarafreeman.6195@example.com,HN,2023-05-21,Basic,7333.38
6196,Susan Henry,syates.6196@example.com,CF,2022-11-14,Standard,15423.01
6197,Howard Wells,acraig.6197@example.com,LK,2023-07-20,Standard,30462.93
6198,Ryan Fuller,dwaynetaylor.6198@example.com,CN,2024-06-03,Premium,14428.09
6199,Julie Wallace,katherinemitchell.6199@example.com,HR,2022-08-27,Basic,8982.87
6200,Clayton Harris,edwardfarmer.6200@example.com,US,2023-06-29,Basic,14659.93
6201,Belinda Brown,torresmichael.6201@example.com,HN,2023-03-24,Premium,33893.47
6202,Randy Butler Jr.,smithaaron.6202@example.com,TH,2021-04-26,Standard,23262.11
6203,Jacob Spencer,rodriguezgrace.6203@example.com,MC,2026-08-20,Basic,18525.89
6204,Elizabeth Moreno,dustinholt.6204@example.com,KW,2025-04-08,Basic,37874.51
6205,Lisa Solomon,fsteele.6205@example.com,SR,2026-09-09,Basic,23473.91
6206,Kevin Moody Jr.,uryan.6206@example.com,BB,2021-11-19,Premium,41008.18
6207,Samantha Reeves,muellerleah.6207@example.com,SI,2025-01-14,Premium,29375.58
6208,Jennifer Watson,ryanpatterson.6208@example.com,VE,2024-03-20,Standard,1038.84
6209,James Brown,landrymargaret.6209@example.com,PS,2022-05-05,Basic,29774.67
6210,Amy Brewer,hjones.6210@example.com,SA,2023-01-19,Standard,15629.57
6211,Hannah Flores,delgadomatthew.6211@example.com,PK,2025-11-30,Premium,20222.00
6212,Joseph Waters,samuelrogers.6212@example.com,SZ,2021-07-14,Premium,5744.24
6213,Ashley Ramsey,matthew72.6213@example.com,JM,2021-08-01,Basic,35493.67
6214,Laura Frye,tglover.6214@example.com,LU,2020-07-19,Standard,12115.43
6215,Tara Watkins,jamesmitchell.6215@example.com,VU,2020-06-12,Basic,31480.80
6216,Patrick Knight,gilbertstephanie.6216@example.com,ET,2020-08-03,Standard,49243.63
6217,Karen Jordan,martinezclaudia.6217@example.com,NO,2021-08-23,Basic,29946.03
6218,Lindsey Cameron,virginiafoster.6218@example.com,ZM,2020-06-13,Standard,27559.74
6219,Melissa Walker,ashaffer.6219@example.com,SL,2022-10-09,Premium,4323.35
6220,Melanie Collins,jill25.6220@example.com,BH,2024-10-30,Standard,5190.64
6221,Debbie Wagner,christine72.6221@example.com,MK,2023-01-17,Premium,1267.30
6222,Mitchell Davidson,vgrimes.6222@example.com,ZM,2025-05-21,Basic,43635.35
6223,Daniel Davis,hintonmelissa.6223@example.com,TT,2025-11-30,Premium,18792.88
6224,Blake Moses,hensonjohn.6224@example.com,SO,2020-02-15,Premium,15792.73
6225,Nicholas Monroe,erin56.6225@example.com,IT,2024-05-09,Basic,24316.90
6226,Michael George,wardjames.6226@example.com,IE,2020-11-13,Standard,621.92
6227,John Valdez,laura00.6227@example.com,NI,2025-02-07,Standard,22665.08
6228,Corey Diaz,basstracy.6228@example.com,FJ,2020-07-23,Standard,1558.00
6229,Robert Cobb,,PH,2020-09-22,Premium,34466.01
6230,William Oneill,sheila41.6230@example.com,LR,2023-05-09,Basic,44053.47
6231,Jordan Hoffman,hcox.6231@example.com,KP,2024-07-03,Basic,32030.69
6232,David Young,hannacheryl.6232@example.com,RU,2022-05-03,Standard,35942.33
6233,Stacey Mckay,tim54.6233@example.com,TZ,2023-08-17,Standard,18966.66
6234,Mary Boyd,iblanchard.6234@example.com,RS,2021-07-17,Standard,37903.11
6235,Marc Weber,bensonjustin.6235@example.com,AE,2024-01-23,Basic,45631.37
6236,Christy Whitaker,apotts.6236@example.com,CD,2022-09-18,Premium,9157.08
6237,Adam White,schroedercatherine.6237@example.com,SZ,2026-03-15,Basic,33077.80
6238,David Leonard,wschneider.6238@example.com,SN,2023-03-07,Standard,15658.46
6239,Timothy Clark,crosspatrick.6239@example.com,MA,2026-03-22,Premium,10603.23
6240,Faith Johnson,rosschloe.6240@example.com,AZ,2022-10-01,Basic,16201.88
6241,James Pope,angelapark.6241@example.com,SC,2023-09-18,Basic,13024.13
6242,Mr. James Allen MD,douglasmcguire.6242@example.com,MY,2026-05-15,Basic,38103.35
6243,Lisa Smith,kbarton.6243@example.com,TJ,2023-08-31,Premium,3849.30
6244,Ryan Simmons,lkelly.6244@example.com,DM,2020-06-20,Premium,11033.41
6245,Todd Mendez,gabrielawalker.6245@example.com,CU,2024-01-25,Basic,37472.49
6246,Michael Kennedy,bellgloria.6246@example.com,MM,2026-08-14,Premium,2976.60
6247,Jacob Santos,sharon70.6247@example.com,NR,2023-05-11,Premium,18516.46
6248,Joy Cantrell,eric54.6248@example.com,BF,2024-08-10,Premium,35229.76
6249,Jonathan Mills MD,aaronjackson.6249@example.com,NR,2022-08-03,Basic,18706.50
6250,Jose Long,christinacline.6250@example.com,ET,2021-11-29,Basic,39009.67
6251,Sarah Alexander,danielhawkins.6251@example.com,CD,2025-11-20,Premium,24992.84
6252,Katherine Olsen,sjames.6252@example.com,GY,2024-09-20,Premium,22954.65
6253,Taylor Mcmillan,erik60.6253@example.com,LI,2021-11-14,Premium,11860.19
6254,Cynthia Fletcher,cabrerasamuel.6254@example.com,DO,2025-06-03,Premium,17243.42
6255,Gloria Serrano,hperez.6255@example.com,HN,2022-01-14,Basic,47796.60
6256,John Meyers,kylesimon.6256@example.com,PE,2021-11-18,Standard,48520.82
6257,Valerie Burns,roger54.6257@example.com,AZ,2020-06-30,Basic,36165.20
6258,Jesse Anderson,sbarnes.6258@example.com,IR,2023-05-11,Premium,28723.80
6259,Kaitlin Moore,dayrick.6259@example.com,CO,2026-04-15,Premium,5181.47
6260,Susan Sanchez,wellsjennifer.6260@example.com,CU,2024-08-29,Basic,19670.20
6261,Jennifer Hall,lbutler.6261@example.com,NE,2024-08-11,Standard,38749.26
6262,Joseph Willis,galvanbrian.6262@example.com,YE,2024-07-30,Premium,11679.14
6263,Anthony Cox,dennistodd.6263@example.com,CO,2023-05-24,Basic,26382.13
6264,Patricia Sandoval,allisonwalter.6264@example.com,UA,2025-11-09,Standard,6279.27
6265,Steve Smith,rmoyer.6265@example.com,MK,2023-07-09,Standard,43099.85
6266,Patricia Hall,burtonanthony.6266@example.com,DE,2023-07-07,Standard,43285.67
6267,Mr. Garrett Holt,anthony83.6267@example.com,SA,2022-03-06,Premium,47527.77
6268,Daniel Parsons,kingwilliam.6268@example.com,WS,2022-06-09,Standard,5333.60
6269,David Lang,lorismith.6269@example.com,GE,2024-11-03,Premium,532.67
6270,Heather Ford,hicksthomas.6270@example.com,AT,2023-04-16,Basic,49011.66
6271,Dawn Cooper,debra81.6271@example.com,CF,2025-11-03,Premium,8748.50
6272,Tiffany Wright,brittany81.6272@example.com,RS,2022-11-27,Standard,45890.45
6273,Brandy Castaneda,lunderwood.6273@example.com,LY,2023-03-17,Standard,48211.40
6274,Alan Harrington,katherinemoore.6274@example.com,NO,2022-12-29,Basic,29831.49
6275,Jamie Maynard MD,william65.6275@example.com,LY,2024-12-16,Standard,1965.11
6276,Barbara Campos,shaunsmith.6276@example.com,SM,2026-01-08,Premium,9429.85
6277,Joan Johnson,benjamingaines.6277@example.com,DZ,2022-03-30,Standard,20140.53
6278,Corey Morgan,kennethherrera.6278@example.com,CM,2026-04-15,Basic,11454.68
6279,Shannon Gaines,pmurray.6279@example.com,HU,2020-11-13,Basic,20395.60
6280,Vickie Bennett,cody45.6280@example.com,BN,2024-01-09,Premium,40604.18
6281,Erika Mason,brandon67.6281@example.com,CY,2020-02-26,Basic,12994.74
6282,Michael Hudson,kbowers.6282@example.com,IT,2025-09-14,Basic,35438.43
6283,Daniel Johnson,uwagner.6283@example.com,MC,2020-03-18,Basic,49208.10
6284,Lori Barnett,thill.6284@example.com,CD,2026-03-26,Standard,7549.13
6285,George Finley,parrishmichael.6285@example.com,PA,2024-02-25,Standard,39570.41
6286,Jamie Garrett,wolfedaniel.6286@example.com,MN,2023-06-12,Basic,10041.96
6287,Allen Pittman,gmiller.6287@example.com,PL,2025-06-24,Premium,13967.12
6288,Kelly Taylor,rickjoseph.6288@example.com,MG,2022-06-05,Standard,17088.22
6289,Shane Martin,petersdaniel.6289@example.com,GQ,2026-04-26,Premium,36264.94
6290,Amanda Williams,ecampbell.6290@example.com,PK,2022-09-12,Basic,19420.11
6291,Chloe Mccoy,joseph76.6291@example.com,BZ,2024-12-07,Basic,1759.32
6292,Curtis Edwards,donna74.6292@example.com,TW,2024-09-02,Basic,41855.39
6293,Trevor West,kathydavis.6293@example.com,IS,2023-04-25,Premium,12666.46
6294,Michael Martinez,gwright.6294@example.com,NA,2021-08-27,Standard,16905.83
6295,Joseph Ramirez,tracy52.6295@example.com,US,2024-09-17,Standard,48280.25
6296,Heather Turner,paul98.6296@example.com,PW,2020-06-26,Basic,47434.20
6297,Katelyn Harrison,sabrinawilliamson.6297@example.com,JO,2020-12-09,Basic,24681.24
6298,Anna Hayes,austingreen.6298@example.com,CY,2024-06-25,Standard,11056.31
6299,Jonathan Kim,aaronrasmussen.6299@example.com,KI,2025-07-26,Premium,17059.71
6300,Mackenzie Gray,hamiltondwayne.6300@example.com,PG,2023-04-26,Premium,8064.25
6301,Chad Erickson,qnguyen.6301@example.com,IE,2026-01-07,Basic,42938.90
6302,Adam Clark,garciawilliam.6302@example.com,AE,2020-01-03,Basic,29413.09
6303,Sarah Brady,shannonbenson.6303@example.com,PH,2025-02-04,Standard,43870.95
6304,Patrick Ramos,nicholascarson.6304@example.com,LR,2023-09-13,Premium,18854.56
6305,Alexis Munoz,richardgerald.6305@example.com,TG,2020-04-17,Standard,19114.54
6306,Jackson Harris MD,janicecollins.6306@example.com,CV,2020-11-26,Premium,39771.73
6307,Christine Poole,powersdeborah.6307@example.com,HR,2024-11-03,Standard,12470.28
6308,Timothy Lane,nicholas09.6308@example.com,SV,2023-04-08,Standard,1054.25
6309,Kimberly Sharp,barneskelly.6309@example.com,NA,2020-09-12,Basic,15827.70
6310,Rachel Lawson,jason81.6310@example.com,MG,2020-08-29,Standard,6725.99
6311,Tammy Carter,gouldmichelle.6311@example.com,MY,2022-03-13,Premium,3036.97
6312,Marc Baker,vjuarez.6312@example.com,EG,2025-02-27,Premium,4968.41
6313,Diana Walter,pamela66.6313@example.com,BN,2022-10-04,Premium,13569.51
6314,Scott Benitez,jpatel.6314@example.com,SL,2023-03-31,Premium,28561.20
6315,Albert Garner,elizabeth67.6315@example.com,LY,2025-06-24,Premium,43190.87
6316,Dr. Jessica Oconnell,ryan14.6316@example.com,LY,2022-06-17,Premium,2951.54
6317,Nancy Baxter,daniel94.6317@example.com,BG,2023-04-24,Standard,29864.78
6318,Shelby Avery,caitlinwatkins.6318@example.com,CF,2022-08-22,Premium,17382.66
5915,April Morgan,lisa67.6319@example.com,AZ,2022-04-09,Premium,5307.65
6320,Haley Munoz,arthurtaylor.6320@example.com,HN,2023-05-16,Premium,13486.69
6321,Greg Franco,dunnjacob.6321@example.com,SN,2020-03-06,Premium,41524.76
6322,Dana Hess,josephthompson.6322@example.com,ES,2022-03-07,Premium,44317.63
6323,Nichole Martin,jodikim.6323@example.com,TN,2020-03-24,Premium,29919.70
6324,Steven Jones,randalldaniels.6324@example.com,PE,2021-03-10,Standard,12805.54
6325,Michael Johnson,ymatthews.6325@example.com,TZ,2024-10-05,Standard,36873.17
6326,Teresa Boyle,townsendamy.6326@example.com,MG,2024-04-04,Basic,4909.16
6327,Amy Carter,david73.6327@example.com,SI,2024-09-23,Premium,47168.81
6328,Teresa Barry,jthomas.6328@example.com,CI,2020-07-03,Standard,25699.27
6329,Devon Berger,harrisjustin.6329@example.com,AE,2024-06-08,Premium,37654.54
6330,Marc Baker,benjamin35.6330@example.com,LR,2026-04-27,Standard,23219.22
6331,Kelsey Carlson,iweeks.6331@example.com,BH,2024-12-23,Basic,17533.06
6332,Joseph Aguirre,jessicasmith.6332@example.com,MN,2024-11-23,Standard,33521.17
6333,Kelly Lewis,erin91.6333@example.com,MM,2025-08-05,Premium,25104.25
6334,Darren Taylor,justin04.6334@example.com,BG,2026-07-22,Standard,3930.02
6335,Brenda Shelton,ameyer.6335@example.com,RW,2026-07-07,Basic,36662.37
6336,Martin Williams,reginarichards.6336@example.com,FI,2023-09-21,Premium,15160.86
6337,Mrs. Margaret Thompson DDS,bennettkristen.6337@example.com,NO,2024-02-19,Basic,24041.93
6338,Joseph Higgins,suttonkevin.6338@example.com,PG,2021-02-11,Premium,14685.06
6339,Jennifer Harvey,wgarcia.6339@example.com,VA,2021-03-17,Standard,39608.86
6340,Stephanie Thompson,sray.6340@example.com,SR,2025-12-08,Premium,30879.84
6341,Tara Rodriguez,not-an-email,PE,2022-04-10,Premium,32906.23
6342,Brittany Deleon,jennyprice.6342@example.com,BZ,2024-01-23,Basic,38140.32
6343,Amanda Mitchell MD,zparker.6343@example.com,TH,2022-05-20,Standard,21030.31
6344,Mr. Mark Pineda,foxlisa.6344@example.com,ST,2025-06-12,Standard,28035.55
6345,Candice Griffin,susan00.6345@example.com,DO,2022-03-30,Premium,33918.81
6346,Robert Smith,pgreen.6346@example.com,YE,2020-06-20,Premium,15608.00
6347,James Waters,amy90.6347@example.com,AE,2025-05-08,Standard,42076.09
6348,Whitney Murray,christopher23.6348@example.com,ER,2024-05-14,Basic,17572.16
6349,Jose Avila,pauldenise.6349@example.com,IQ,2022-07-10,Premium,9326.17
6350,Lucas Mills,zwallace.6350@example.com,BO,2025-02-11,Standard,42084.84
6351,Cathy Gonzalez,jonathan07.6351@example.com,CL,2021-01-15,Basic,5163.05
6352,Vanessa Beard,corey50.6352@example.com,MC,2025-10-18,Standard,14558.48
6353,Courtney Davis,pkoch.6353@example.com,YE,2024-05-27,Premium,9493.49
6354,Jordan Snyder,ricetravis.6354@example.com,PE,2021-07-27,Standard,30658.01
6355,Linda Lee,ginajackson.6355@example.com,CD,2022-08-23,Basic,17463.14
6356,Joseph Davis,jill69.6356@example.com,CU,2020-01-24,Premium,42137.16
6357,Patrick Kim,caitlin46.6357@example.com,RU,2020-07-27,Premium,19232.18
6358,Thomas Duncan,kennedysarah.6358@example.com,GH,2022-01-19,Basic,46434.92
6359,Darrell Robinson,ashleyhubbard.6359@example.com,BE,2022-02-01,Premium,49163.87
6360,Bruce Bruce,jillwright.6360@example.com,PE,2020-07-19,Standard,41329.97
6361,Lisa Villarreal,stephaniemitchell.6361@example.com,EG,2020-05-16,Standard,46192.43
6362,Kaitlyn Dennis,mary33.6362@example.com,IS,2021-10-03,Standard,28992.03
6363,Sarah Burgess,vpatel.6363@example.com,HR,2021-07-19,Premium,29995.94
6364,Jennifer Coleman,andrew13.6364@example.com,IS,2020-01-18,Standard,48493.90
6365,Daniel Newman,wjohnson.6365@example.com,AU,2023-04-16,Standard,1389.88
6366,James Strickland,patricia41.6366@example.com,VU,2020-02-03,Standard,39430.05
6367,Anthony Shea,gina50.6367@example.com,GT,2021-04-06,Standard,2410.76
6368,Victoria Jensen,michellekeller.6368@example.com,AL,2025-05-16,Premium,20693.44
6369,Robert Morris,xrios.6369@example.com,WS,2024-11-04,Premium,45936.75
6370,Kelly Stanley,warrenallison.6370@example.com,ER,2026-05-29,Premium,47020.15
6371,Tony Lin,desireebeard.6371@example.com,MU,2022-01-24,Basic,31644.01
6372,Katherine Cline,stephanie04.6372@example.com,SY,2025-08-19,Standard,9327.89
6373,Emily Schroeder,kathleen02.6373@example.com,MK,2023-10-31,Standard,42723.28
6374,Kenneth Nelson,scott26.6374@example.com,GB,2021-10-29,Standard,18805.39
6375,Cheryl Williams,oelliott.6375@example.com,YE,2024-12-05,Basic,26846.78
6376,Timothy Parrish,psharp.6376@example.com,JO,2025-10-25,Standard,20900.18
6377,Frank Cook,ocastaneda.6377@example.com,CA,2023-01-10,Premium,493.18
6378,April Lawrence DVM,veronicathornton.6378@example.com,KG,2025-01-22,Premium,29797.33
6379,Kurt Zhang,elizabethsmith.6379@example.com,IQ,2025-03-05,Basic,26185.51
6380,Steven Marshall,whitecaleb.6380@example.com,PT,2024-06-14,Premium,17284.12
6381,Matthew Simpson,gutierrezjessica.6381@example.com,AT,2021-06-10,Premium,2678.05
6382,William Mathis,mariaward.6382@example.com,DJ,2022-11-01,Standard,32009.55
6383,Stephanie Jones,pschroeder.6383@example.com,FI,2020-02-17,Basic,46047.32
6384,Bryce Jennings,kinggeorge.6384@example.com,GA,2025-10-21,Standard,21915.89
6385,John Mendez,emaxwell.6385@example.com,LY,2022-01-24,Standard,4180.98
6386,Michael Hernandez Jr.,lynchricardo.6386@example.com,CZ,2022-05-16,Standard,23519.62
6387,Anthony Sherman,colealyssa.6387@example.com,MM,2026-04-26,Basic,8057.38
6388,Megan Lee,christopher97.6388@example.com,KH,2024-01-25,Standard,9741.94
6389,Lauren Obrien,ewilliams.6389@example.com,IL,2022-10-15,Standard,2876.51
6390,Michelle Ellis,robertsdaniel.6390@example.com,CY,2021-07-07,Basic,31015.48
6391,Richard Newman,zacharyreyes.6391@example.com,CI,2024-01-15,Premium,2533.29
6392,Gregory Allen,owilson.6392@example.com,DM,2023-07-16,Premium,26031.45
6393,Gina Russo,toddgray.6393@example.com,SL,2022-09-20,Standard,40251.87
6394,Shelby Melton,richard44.6394@example.com,BE,2020-09-24,Basic,1123.89
6395,Erin Cowan,gavin42.6395@example.com,KE,2025-04-24,Standard,733.90
6396,Jennifer Hawkins,keithmurphy.6396@example.com,PT,2021-05-03,Premium,20665.33
6397,Veronica Johnson,francojeremy.6397@example.com,DK,2022-09-26,Premium,11875.87
6398,Jessica Martin DDS,brockemma.6398@example.com,DM,2024-08-30,Standard,48583.84
6399,Dylan Wells,carolinemartin.6399@example.com,TR,2022-07-29,Premium,24824.74
6400,Christopher Christian,duncanamanda.6400@example.com,GA,2023-05-06,Premium,16778.81
6401,Eddie Maldonado,brianstevenson.6401@example.com,PK,2025-11-13,Standard,38867.13
6402,Miguel Ford,shawnhubbard.6402@example.com,KW,2021-01-06,Standard,30862.45
6403,Mrs. Yvette Morrison,franklinvictoria.6403@example.com,SB,2021-06-04,Premium,6345.95
6404,Elizabeth Berry,greynolds.6404@example.com,BI,2026-04-10,Basic,39786.65
6405,Joseph Cruz,jill57.6405@example.com,PA,2024-06-27,Basic,636.19
6406,Amy Skinner,jeremy07.6406@example.com,BN,2023-11-22,Premium,18432.20
6407,David Hawkins,martinezdylan.6407@example.com,PA,2020-11-14,Standard,571.00
6408,Jerry Tran,xphillips.6408@example.com,BN,2024-02-13,Premium,6926.57
6409,Holly Walker,tracyanderson.6409@example.com,LC,2025-12-04,Premium,47038.51
6410,Christopher Hicks,michael01.6410@example.com,BE,2025-11-25,Basic,38502.92
6411,Nicole Fowler,jillian61.6411@example.com,BA,2026-01-10,Basic,39724.93
6412,Dawn Armstrong,agarcia.6412@example.com,NA,2025-06-07,Basic,1763.56
6413,Tristan Murphy,garciajordan.6413@example.com,AZ,2024-08-16,Basic,4487.02
6414,Sheena Fowler,joseph44.6414@example.com,MC,2023-08-05,Basic,166.32
6415,Miss Regina Oconnor DVM,mary25.6415@example.com,CM,2025-07-29,Premium,34910.48
6416,Mr. Joshua Ramos,elizabeth78.6416@example.com,LA,2022-06-09,Basic,3218.63
6417,Michael Smith,qolson.6417@example.com,TT,2022-06-07,Basic,30623.88
6418,Laurie Delgado,wmartinez.6418@example.com,ZA,2020-11-15,Standard,43103.93
6419,Chad Johnson,christine49.6419@example.com,GA,2022-04-08,Premium,11601.50
6420,Monica Hudson,trancynthia.6420@example.com,MN,2023-12-21,Basic,25606.95
6421,Christopher Brady,nicholas02.6421@example.com,ZM,2025-05-24,Standard,49977.45
6422,Logan Aguilar,cynthiawilson.6422@example.com,QA,2020-10-03,Basic,15868.49
6423,Sandra Miller,dwilliams.6423@example.com,IN,2025-05-23,Standard,44492.00
6424,Joe Taylor,mflowers.6424@example.com,RO,2021-07-14,Premium,49979.52
6425,Susan Stevens,hansondouglas.6425@example.com,KN,2021-03-31,Basic,17250.07
6426,Daniel Thornton,samantha92.6426@example.com,DE,2020-08-03,Standard,35141.87
6427,Jennifer Walker,sheilaali.6427@example.com,NZ,2024-02-02,Basic,39521.71
6428,Alexis Mooney,prosario.6428@example.com,BZ,2024-05-11,Basic,38240.30
6429,Heidi Hickman,meaganjordan.6429@example.com,SR,2025-04-18,Premium,46581.89
6430,Tommy Cook,thomasbrian.6430@example.com,SB,2025-11-02,Basic,41880.44
6431,Christopher Kline,wilkinstammie.6431@example.com,TT,2023-12-14,Standard,46144.05
6432,Angela Shaffer,vdean.6432@example.com,TZ,2023-03-02,Basic,21280.10
6433,Christina Jensen,mcdonalddonald.6433@example.com,SR,2022-06-21,Premium,15035.67
6434,Sabrina Rodriguez,ysimpson.6434@example.com,AZ,2022-02-09,Premium,40515.17
6435,Michelle Martin,mitchelljulie.6435@example.com,LV,2026-06-21,Basic,40461.39
6436,Andrew Norris,christopher02.6436@example.com,AT,2022-05-02,Basic,39181.35
6437,Holly Simon,floydmichael.6437@example.com,HN,2023-03-09,Standard,42312.75
6438,Richard Ferguson,nancy28.6438@example.com,KP,2026-07-24,Basic,30794.12
6439,Philip Wilson,eileenbaker.6439@example.com,VC,2020-01-15,Standard,11163.10
6440,Michael Warren,fletcherjose.6440@example.com,HN,2020-04-11,Premium,30488.86
6441,Tonya Miller,meredith34.6441@example.com,NZ,2022-09-17,Basic,16261.78
6442,Robert Fuentes,marconeal.6442@example.com,SY,2021-01-21,Standard,18079.77
6443,Sheryl Santos,grahamross.6443@example.com,EE,2023-12-09,Premium,33133.43
6444,David Lester,dacosta.6444@example.com,YE,2020-11-09,Standard,17229.28
6445,Stacey Butler,joseph15.6445@example.com,IQ,2021-02-03,Basic,45940.04
6446,Barbara Curry,melissa06.6446@example.com,CG,2025-12-15,Premium,43458.03
6447,Lisa Bailey,lwood.6447@example.com,UG,2023-09-02,Premium,8711.09
6448,Michael Williams,daniel20.6448@example.com,GE,2020-09-07,Standard,25741.78
6449,Howard Dean,juliajames.6449@example.com,TW,2022-06-03,Standard,21067.56
6450,James Schwartz,adamcarson.6450@example.com,BY,2023-07-29,Premium,43120.26
6451,Joy Owen,mrosales.6451@example.com,KZ,2020-04-07,Standard,27068.73
6452,Brian Gonzalez,hannah59.6452@example.com,CA,2024-05-15,Premium,24698.41
6453,Thomas Smith,fergusonjuan.6453@example.com,SK,2026-07-16,Basic,40767.10
6454,Stephen Howard,hernandezrichard.6454@example.com,MG,2025-05-12,Premium,26674.81
6455,Maria Dean,michaelthompson.6455@example.com,TM,2025-03-12,Premium,11480.54
6456,Latoya Miles,sandra94.6456@example.com,ET,2023-08-02,Basic,46674.74
6457,Lindsey Garcia,gregory48.6457@example.com,NZ,2026-05-27,Basic,42910.83
6458,Jared Perkins,davidmarshall.6458@example.com,TZ,2023-04-02,Basic,26415.65
6459,Emily Holt,ronald64.6459@example.com,GN,2026-03-06,Premium,42395.36
6460,Daniel Jensen,lwolf.6460@example.com,KW,2023-10-04,Standard,29617.79
6461,Lauren Jones,aharris.6461@example.com,MZ,2022-03-05,Premium,29232.89
6462,Candice Johnson,fletcherstephanie.6462@example.com,PT,2020-07-09,Standard,33100.01
6463,Jesus White,andrewharris.6463@example.com,SR,2023-04-11,Basic,3026.95
6464,John Johnson,rushgeorge.6464@example.com,CN,2024-04-06,Premium,48727.06
6465,Robert Flowers,kimberly96.6465@example.com,LY,2020-07-12,Premium,31414.59
6466,Richard Cooper,jason74.6466@example.com,RO,2022-07-28,Premium,9054.28
6467,Carolyn Stone,bchung.6467@example.com,CD,2022-09-02,Premium,24003.69
6468,Tiffany Cisneros,claytongilbert.6468@example.com,KI,2023-12-06,Basic,27784.67
6469,Stacy Oliver,eoconnor.6469@example.com,AM,2026-03-07,Premium,18462.76
6470,Jeremy Kelly,darylwilliams.6470@example.com,CD,2021-06-04,Premium,14926.85
6471,Lydia Hurst,marthalewis.6471@example.com,RU,2026-03-05,Premium,32617.10
6472,Kimberly Cunningham,raymond65.6472@example.com,TJ,2026-06-14,Premium,37544.64
6473,Christopher Mcclain,goldenjamie.6473@example.com,NR,2026-03-09,Premium,34379.32
6474,Taylor Huff,caitlinmeyer.6474@example.com,CO,2020-01-26,Premium,3256.19
6475,Jermaine Bray,susan53.6475@example.com,RW,2025-08-16,Standard,45917.90
6476,John Lopez,keith73.6476@example.com,GB,2025-08-10,Basic,29855.18
6477,Michael Dickson,gbarber.6477@example.com,AR,2024-10-09,Standard,49219.51
6478,Rhonda White,juliehammond.6478@example.com,AZ,2022-11-05,Basic,17908.77
6479,James Beltran,nathan37.6479@example.com,SR,2023-03-08,Basic,18369.98
6480,Megan Clark,renee11.6480@example.com,LU,2026-05-08,Premium,32597.90
6481,Matthew Warren,jennifermartin.6481@example.com,PW,2021-10-02,Basic,33440.36
6482,Edward Taylor,charles86.6482@example.com,DE,2023-12-18,Premium,3626.05
6483,Christopher Grant,ninarodriguez.6483@example.com,TJ,2026-02-02,Premium,44669.30
6484,Sarah Mcdaniel,staceypalmer.6484@example.com,LY,2020-01-28,Basic,26763.10
6485,Joshua Arnold,martin77.6485@example.com,BY,2023-09-22,Basic,17320.23
6486,Donald Nelson,heatherscott.6486@example.com,CV,2023-05-15,Premium,23780.95
6487,Patrick Hess,wsanchez.6487@example.com,GQ,2023-06-11,Standard,43732.05
6488,Daniel Cowan,apriljohnson.6488@example.com,EE,2025-01-17,Standard,3864.29
6489,Jesse Moss,jsanders.6489@example.com,CA,2025-10-21,Standard,47501.31
6490,Kathryn Keith,valenzuelarobert.6490@example.com,IT,2022-10-13,Basic,25602.52
6491,Lisa Johnson,lsmith.6491@example.com,CA,2021-10-14,Standard,28324.09
6492,Kimberly Jennings,goodmantonya.6492@example.com,CR,2026-05-14,Standard,21060.02
6493,Rodney Sparks,matthew68.6493@example.com,TO,2025-09-24,Premium,33746.51
6494,Vanessa Ortiz,sburns.6494@example.com,PS,2020-10-25,Basic,6244.28
6495,Suzanne Galvan,elainevargas.6495@example.com,SI,2021-11-18,Premium,47126.79
6496,Kelly Foster,mtaylor.6496@example.com,GM,2020-12-07,Basic,8184.42
6497,Dustin Newman,christine26.6497@example.com,FM,2022-03-08,Standard,31314.97
6498,Evan Dickson,destinythompson.6498@example.com,KP,2022-05-30,Standard,26794.13
6499,Katherine Henry,jeremy96.6499@example.com,TJ,2025-11-11,Basic,34519.11
6500,Patrick Conner,houstoncasey.6500@example.com,IL,2025-05-12,Premium,29877.16
6501,Natalie Mccormick,elizabethroberts.6501@example.com,KM,2021-06-24,Standard,4944.13
6502,Mr. Ryan Warren,bmullins.6502@example.com,SM,2026-04-04,Standard,6590.30
6503,Pamela Olson,kevin75.6503@example.com,UZ,2025-11-23,Standard,45510.46
6504,Martha Zhang,mwilliams.6504@example.com,PS,2021-03-19,Standard,21171.67
6505,Charles Hill,taylorsarah.6505@example.com,VC,2025-06-06,Standard,3683.70
6506,Gerald Montgomery,richardsandrew.6506@example.com,DM,2021-01-29,Standard,48222.83
6507,Bridget Walsh,michael81.6507@example.com,RO,2020-04-26,Basic,47264.48
6508,Stacey Murphy,julieclements.6508@example.com,MD,2024-12-28,Standard,42192.03
6509,Maria Torres,churchjohn.6509@example.com,RO,2023-09-16,Premium,13130.24
6510,Alejandro Huff,klopez.6510@example.com,MM,2020-05-25,Basic,31310.23
6511,Christopher Bowman,huntmichael.6511@example.com,BT,2022-12-09,Standard,47272.46
6512,Mrs. Robin Walton,james28.6512@example.com,HN,2025-01-14,Basic,40472.50
6513,Joshua Bradshaw,stevenbauer.6513@example.com,SG,2022-09-29,Basic,23215.29
6514,Timothy Reed,gary76.6514@example.com,DJ,2020-02-25,Basic,21135.39
6515,Brian Heath,alexandra04.6515@example.com,UY,2026-01-14,Standard,7317.91
6516,Matthew Wang,paulhobbs.6516@example.com,MZ,2021-01-13,Premium,36016.32
6517,Yolanda Navarro,scott83.6517@example.com,CY,2024-12-19,Basic,1859.73
6518,Mr. William Cross,lopezstephanie.6518@example.com,PS,2020-07-02,Premium,2707.14
6519,Spencer Dominguez,perezamber.6519@example.com,SE,2021-10-31,Premium,12965.61
6520,David Conrad,coxmanuel.6520@example.com,CG,2026-02-14,Premium,9702.41
6521,Michael Young,valeriesalazar.6521@example.com,TD,2023-07-26,Standard,36527.02
6522,Denise Phillips,howelltammy.6522@example.com,TH,2025-11-23,Basic,27519.16
6523,Jasmine Green,cameron45.6523@example.com,AZ,2021-06-01,Standard,11620.22
6524,Caroline Shea,linda26.6524@example.com,TZ,2022-08-13,Premium,28705.88
6525,Dr. Morgan Bridges,welchbeth.6525@example.com,PH,2026-07-09,Premium,42612.63
6526,Lisa Bradford MD,wcampbell.6526@example.com,SY,2020-12-23,Standard,37972.69
6527,Stephen Tucker,jamesgriffith.6527@example.com,KH,2020-04-18,Standard,17334.60
6528,Kimberly Ortega,ashlee67.6528@example.com,PT,2024-06-08,Premium,27134.22
6529,Robert Bauer,gomezthomas.6529@example.com,RO,2024-09-20,Premium,45832.47
6530,Brandon Lopez,nichole88.6530@example.com,AE,2025-10-01,Standard,42769.74
6531,Laura Rivera,deannamatthews.6531@example.com,LS,2025-10-08,Basic,37485.86
6532,Charles Flores,hbaker.6532@example.com,HN,2025-04-24,Standard,38464.71
6533,Mary Lucas,owagner.6533@example.com,PK,2020-08-20,Standard,36032.98
6534,Mrs. Diane Gates,katherine50.6534@example.com,GT,2024-08-15,Standard,47501.63
6535,Michael Blake,melissa97.6535@example.com,GH,2024-07-11,Basic,4261.22
6536,Charles Gordon,houstonkatrina.6536@example.com,PL,2020-10-25,Basic,32391.58
6537,Nicholas Ruiz,jill35.6537@example.com,BW,2022-05-05,Standard,28827.62
6538,Kathleen Nash,stevenlopez.6538@example.com,TW,2020-10-07,Basic,45805.43
6539,Stephen Reed,chavezmatthew.6539@example.com,VA,2020-04-07,Standard,44227.74
6540,Kelly Thomas,aallen.6540@example.com,AZ,2024-01-19,Standard,49113.67
6541,Vickie Smith,patricia87.6541@example.com,PG,2024-02-20,Basic,16808.34
6542,John Adams,tracy78.6542@example.com,CR,2022-02-01,Premium,12771.64
6543,Jerome Hill,yphillips.6543@example.com,GB,2022-09-21,Basic,2584.41
6544,Kenneth Johnson,heatherthomas.6544@example.com,SY,2025-08-08,Standard,19228.36
6545,Mrs. Kim Edwards DDS,christopher25.6545@example.com,OM,2023-12-23,Premium,7001.01
6546,David Bowman,kathyshannon.6546@example.com,SI,2022-11-06,Basic,29556.43
6547,Sarah Hoffman,ufrederick.6547@example.com,PA,2020-02-28,Premium,25740.26
6548,Beth Orozco,stevespencer.6548@example.com,VC,2025-08-29,Basic,29757.54
6549,Antonio Carter,kmurphy.6549@example.com,LK,2026-01-11,Standard,21661.67
6550,Sandra Torres,peter59.6550@example.com,SD,2020-09-06,Premium,31286.08
6551,Jamie Brewer,kmonroe.6551@example.com,LS,2023-04-25,Premium,23497.51
6552,Juan Rios,stevenfox.6552@example.com,TH,2026-09-12,Basic,4587.03
6553,Justin Bradley,becky36.6553@example.com,CL,2022-04-24,Basic,27676.33
6554,Eric Hobbs,hfloyd.6554@example.com,KR,2024-06-03,Standard,14950.26
6555,Susan Lopez,xmartin.6555@example.com,SA,2023-05-24,Standard,43146.20
6556,Kevin Reilly,kenneth06.6556@example.com,MM,2020-03-18,Basic,14459.87
6557,Randy Sellers,kevin36.6557@example.com,MX,2026-04-01,Premium,5554.24
6558,Rebecca Murray,milescindy.6558@example.com,MM,2020-09-16,Basic,22480.49
6559,Nancy Martinez,shannonhughes.6559@example.com,MG,2024-01-27,Standard,15615.39
6560,Brandy Brown,michelle69.6560@example.com,TV,2024-09-08,Standard,14759.74
6561,Elizabeth Lawrence,sarah07.6561@example.com,SY,2021-12-02,Basic,28823.34
6562,Jenny Johnson,christinarodriguez.6562@example.com,CV,2021-07-10,Standard,22419.79
6563,Ashley Martinez,brownjohn.6563@example.com,VE,2022-01-13,Premium,36412.35
6564,Robert Collins,whenderson.6564@example.com,GM,2022-12-10,Basic,29376.14
6565,Alexandra Reynolds,rodneysmall.6565@example.com,GR,2023-06-21,Standard,29671.44
6566,Ryan Lee,rogersdarrell.6566@example.com,NO,2021-03-14,Basic,555.75
6567,Jason Wright,kenneth87.6567@example.com,GD,2023-03-22,Standard,17429.92
6568,Benjamin Stone,sheryl08.6568@example.com,JM,2020-02-02,Basic,14267.78
6569,Tracy Fitzpatrick,dana81.6569@example.com,UA,2022-06-24,Premium,34166.19
6570,Amy Jackson,shellyrobbins.6570@example.com,AO,2026-08-31,Standard,42621.82
6571,Whitney Acevedo,murphyalyssa.6571@example.com,JM,2020-05-02,Standard,10234.89
6572,Nancy Snow,morrisgrant.6572@example.com,GN,2021-06-16,Standard,22866.36
6573,Carlos Carter,daviddaugherty.6573@example.com,BD,2022-07-25,Basic,8974.77
6574,Lisa Holmes,dianecohen.6574@example.com,TT,2021-04-16,Basic,39343.58
6575,Jonathan Smith,hallwilliam.6575@example.com,ER,2024-12-24,Premium,22779.26
6576,Lisa Spence,qjohnson.6576@example.com,NR,2022-12-25,Premium,35684.01
6577,Phillip Neal,janice69.6577@example.com,CN,2021-11-30,Basic,44592.30
6578,Robert Rivera,dennishunter.6578@example.com,CA,2024-03-13,Standard,11602.35
6579,Margaret Cunningham,hollandmarie.6579@example.com,GH,2023-07-04,Premium,48927.83
6580,Krystal Lewis,kathleengraham.6580@example.com,TL,2022-09-05,Premium,4960.48
6581,Charles Choi,davisthomas.6581@example.com,KR,2020-05-06,Basic,39979.59
6582,Jillian Roy,esanchez.6582@example.com,KR,2020-07-16,Basic,23976.66
6583,Kimberly Baldwin,carlosshaw.6583@example.com,NO,2020-02-19,Basic,26728.12
6584,Cody Case,jonathanwarner.6584@example.com,CL,2024-10-23,Basic,8277.47
6585,Mark Park,xhess.6585@example.com,BW,2023-01-30,Standard,3843.33
6586,Samantha Juarez,user@,MN,2021-05-05,Standard,45498.59
6587,Jamie Sharp,samuelcox.6587@example.com,PE,2026-03-01,Premium,40369.63
6588,Dillon Frank,mary14.6588@example.com,IN,2023-05-01,Basic,14479.66
6589,James Ford,stephanielewis.6589@example.com,KG,2024-03-15,Premium,34275.87
6590,David Phillips,curtis22.6590@example.com,BH,2020-03-27,Standard,13769.10
6591,Adrian Guzman,eric77.6591@example.com,ZM,2022-07-02,Premium,7456.20
6592,Nancy Wiggins,harrisamanda.6592@example.com,KE,2025-01-09,Basic,32838.80
6593,Krystal Wilson,ywilcox.6593@example.com,SI,2026-04-09,Basic,1247.85
6594,Clifford Campbell,richardstanley.6594@example.com,PL,2025-03-15,Standard,46128.16
6595,Brenda Roberts,eparker.6595@example.com,SL,2023-02-23,Premium,26146.49
6596,Cindy Shaw,brianstephens.6596@example.com,TZ,2026-06-11,Premium,46192.63
6597,Kaitlyn Henry,jose81.6597@example.com,DK,2022-03-06,Premium,53.15
6598,Krista Powell,smcdonald.6598@example.com,SA,2025-08-29,Premium,25556.63
6599,Thomas Smith,christianperez.6599@example.com,NZ,2021-05-20,Standard,44536.90
6600,Michael Jordan,candace25.6600@example.com,PK,2024-06-06,Standard,20638.77
6601,Jared Paul,kwilliams.6601@example.com,UZ,2022-06-06,Premium,14071.55
6602,Erica Smith,jade64.6602@example.com,ST,2020-05-29,Standard,3511.55
6603,Daniel Vaughn,jeff79.6603@example.com,MU,2026-04-20,Basic,2419.99
6604,Matthew Phillips,victoria68.6604@example.com,TR,2022-10-07,Basic,23290.03
6605,Brooke Campbell,rachelgraves.6605@example.com,ZM,2025-02-14,Standard,37491.17
6606,Traci Vargas,vlynch.6606@example.com,CL,2021-07-01,Basic,25186.62
6607,Nicole Wright,jburns.6607@example.com,BF,2023-08-21,Premium,2239.90
6608,Kevin Parker,acollins.6608@example.com,PE,2021-10-13,Basic,9231.14
6609,Kayla Curtis,matthew58.6609@example.com,MR,2023-03-16,Premium,31539.60
6610,Lindsay Davis,wallen.6610@example.com,RW,2020-07-21,Standard,33365.05
6611,Michael Richardson,umartinez.6611@example.com,PH,2021-09-03,Premium,29511.71
6612,Ashley Cunningham,pmoran.6612@example.com,BB,2025-03-10,Basic,3150.00
6613,Anthony Harmon,frank76.6613@example.com,MM,2026-02-02,Basic,32428.55
6614,Nicole Caldwell,hmartin.6614@example.com,IS,2025-09-25,Standard,41712.84
6615,Kyle Hughes,wilsonalan.6615@example.com,GE,2021-05-15,Premium,47638.57
6616,Peter Baker,kennedybrandi.6616@example.com,DJ,2023-08-28,Standard,33719.71
6617,Wesley Moore,jonestimothy.6617@example.com,FJ,2024-10-24,Standard,34955.97
6618,Scott Carey,kaylafisher.6618@example.com,AG,2025-08-22,Basic,25878.03
6619,Christopher Myers,ernest77.6619@example.com,MY,2023-03-01,Premium,48475.67
6620,Donna Smith,kaylarobinson.6620@example.com,KG,2020-06-08,Standard,25268.81
6621,Tammy Bishop,shermandonna.6621@example.com,RU,2022-04-13,Premium,30847.83
6622,Brendan Stephens,hjordan.6622@example.com,TJ,2024-08-03,Premium,23569.14
6623,Kristina Spencer,april18.6623@example.com,SC,2025-10-13,Basic,42391.05
6624,Tracy Castillo,wyoung.6624@example.com,LK,2021-12-10,Basic,17643.58
6625,Charles Dunn,wboyd.6625@example.com,SM,2023-06-23,Basic,49305.53
6626,Deborah Wolfe,jeffreymedina.6626@example.com,KW,2021-02-23,Standard,34972.22
6627,Robert White,matthewbrown.6627@example.com,YE,2022-10-19,Premium,39462.74
6628,Richard Mcdaniel,christopher45.6628@example.com,SR,2021-08-21,Premium,1272.63
6629,Charles Scott,wchase.6629@example.com,RW,2024-04-16,Standard,42028.33
6630,Kevin Graves,petersenbryan.6630@example.com,BT,2025-09-06,Standard,16695.63
6631,Ronald Daniels,traci47.6631@example.com,VC,2025-09-29,Standard,14892.58
6632,Dillon Huynh,hwilson.6632@example.com,MU,2024-04-18,Basic,37851.85
6633,Nicholas Elliott,phillipsyesenia.6633@example.com,YE,2020-02-05,Basic,41967.11
6634,Jason Schwartz,trujillojames.6634@example.com,ST,2024-12-02,Premium,44647.33
6635,Michael Cannon,greenlori.6635@example.com,MC,2025-08-07,Standard,13550.58
6636,John Rodriguez,rubioashley.6636@example.com,PY,2021-08-06,Premium,36035.97
6637,Derrick Bell,samantha51.6637@example.com,TV,2023-11-21,Premium,9460.28
6638,Alice Robinson,melissaramirez.6638@example.com,VC,2022-08-19,Basic,30626.04
6639,Johnathan Maynard,kristanewman.6639@example.com,TN,2020-04-13,Premium,12033.25
6640,Frank Hood,adamlittle.6640@example.com,KN,2021-05-21,Basic,31348.40
6641,Ashley Long,jenniferreeves.6641@example.com,DO,2023-09-11,Standard,7640.29
6642,Michael Sims,michaelfrank.6642@example.com,GN,2025-11-27,Standard,41103.42
6643,Ashley Gibson,wendybarrett.6643@example.com,RO,2025-06-27,Standard,13489.80
6644,Jennifer Knight,erin17.6644@example.com,MG,2024-02-10,Standard,3089.83
6645,Gregory Booker,lopezjack.6645@example.com,AZ,2025-10-19,Premium,40019.89
6646,Melissa Edwards,lindsey42.6646@example.com,ET,2024-06-12,Standard,23964.75
6647,Melissa Christensen,sharonrivera.6647@example.com,MA,2024-08-27,Premium,23077.66
6648,Joseph Wilkerson,jason96.6648@example.com,CD,2022-10-06,Standard,14369.09
6649,James Woods,bridgetjones.6649@example.com,MG,2023-09-27,Basic,22631.19
6650,Edwin Jefferson,suzannewheeler.6650@example.com,TJ,2021-09-15,Standard,28174.77
6651,Lisa Watson,jjohnson.6651@example.com,VU,2023-07-22,Premium,40901.82
6652,Julia Ibarra,heather35.6652@example.com,TD,2024-04-03,Basic,48551.07
6653,Jose Hart,hflores.6653@example.com,KG,2024-10-08,Standard,33310.61
6654,Becky Henderson,david86.6654@example.com,TL,2026-03-16,Standard,11287.44
6655,Carl Brown,ztaylor.6655@example.com,GA,2023-10-16,Standard,35284.39
6656,Heather Pollard,jennifer75.6656@example.com,BO,2021-03-15,Basic,27714.46
6657,Kenneth Murphy,hmartinez.6657@example.com,US,2026-08-05,Basic,44108.11
6658,Michael Evans,janeramos.6658@example.com,BY,2022-09-25,Standard,16952.49
6659,Joseph Brown,scott86.6659@example.com,AF,2025-06-02,Basic,32768.20
6660,Danielle Mitchell,warrenjames.6660@example.com,VN,2020-10-02,Basic,39713.09
6661,Anthony Goodwin,richardserika.6661@example.com,BH,2022-12-23,Basic,10366.19
6662,Samantha Bender MD,npoole.6662@example.com,CV,2023-01-28,Basic,43613.26
6663,Victoria Gordon,daviskathy.6663@example.com,RS,2020-09-12,Basic,12844.68
6664,Destiny Hernandez,jennifer83.6664@example.com,PW,2021-04-17,Standard,44241.15
6665,Patrick Mayo,whitney69.6665@example.com,LC,2023-09-20,Basic,14135.10
6666,Michelle Hubbard,jchurch.6666@example.com,JO,2020-03-01,Basic,3083.96
6667,Maria Reese,meganpeters.6667@example.com,ZW,2021-12-10,Premium,43656.44
6668,Patricia Moore,allenbonnie.6668@example.com,ZW,2020-07-14,Premium,49625.62
6669,Victoria Williams,matthew60.6669@example.com,US,2024-07-21,Standard,42271.89
6670,Lisa Rhodes,eibarra.6670@example.com,KZ,2020-10-28,Basic,11959.32
6671,Claire Nielsen,lalexander.6671@example.com,GN,2020-11-23,Standard,24079.04
6672,David Thompson,crystalmorgan.6672@example.com,FM,2025-12-12,Premium,31398.75
6673,Austin Banks,smcgrath.6673@example.com,CA,2021-04-29,Basic,28473.30
6674,Joshua Cruz,irobinson.6674@example.com,GM,2024-08-17,Premium,44228.25
6675,Jared Adams,chad05.6675@example.com,AL,2026-02-06,Standard,24757.26
6676,Veronica Harrison,phughes.6676@example.com,MV,2026-06-19,Premium,11663.67
6677,Alexis Thompson,thompsonjason.6677@example.com,KP,2024-09-08,Standard,18492.99
6678,Patricia Arroyo,joanndudley.6678@example.com,MV,2022-11-28,Basic,18342.05
6679,James Davidson,audreytaylor.6679@example.com,AT,2020-03-03,Premium,27476.63
6680,Raymond Hunt,lberry.6680@example.com,TN,2021-06-18,Basic,41761.60
6681,Michael Price,martindavid.6681@example.com,TN,2020-06-09,Standard,19122.63
6682,Sierra Huang,vward.6682@example.com,ID,2025-08-31,Basic,37009.50
6683,Christina Rivera,pnewman.6683@example.com,SV,2024-08-29,Basic,10724.30
6684,Andrea Sweeney,igarcia.6684@example.com,GQ,2022-08-02,Basic,16687.20
6685,Jennifer Smith,jenningsnatalie.6685@example.com,IL,2023-11-13,Standard,16220.86
6686,Kimberly Thomas,timothy67.6686@example.com,TV,2023-07-23,Premium,7622.17
6687,Lauren Wilson,maxwellbecker.6687@example.com,NG,2025-06-20,Premium,22451.62
6688,Lori Rodriguez,kerryrobinson.6688@example.com,MX,2023-12-18,Basic,603.88
6689,Samuel Cooper,wbaker.6689@example.com,BE,2026-02-25,Standard,9524.63
6690,Martin Casey,wthompson.6690@example.com,NZ,2024-08-30,Premium,14460.36
6691,James Jackson,rachelrose.6691@example.com,CG,2025-06-30,Premium,2666.55
6692,Kyle Krueger,ihuffman.6692@example.com,JO,2021-02-05,Standard,40025.49
6693,Tracy Hamilton,chavezwalter.6693@example.com,KG,2024-10-30,Premium,43078.35
6694,Jose Cummings,agonzales.6694@example.com,NG,2022-09-30,Basic,3368.98
6695,Cameron Green,isaiahingram.6695@example.com,WS,2025-11-22,Premium,11417.46
6696,Ryan Barber,mnunez.6696@example.com,CH,2025-03-19,Standard,43845.33
6697,Mike Carpenter,cynthia52.6697@example.com,BF,2023-01-10,Basic,26352.76
6698,Latoya Bailey,bradyjulie.6698@example.com,ET,2021-09-08,Premium,15284.15
6699,Robert Nielsen,daviscristina.6699@example.com,DM,2020-02-04,Basic,9981.79
6700,Stephanie Conrad PhD,lewislindsey.6700@example.com,KH,2024-08-20,Premium,43169.43
6701,Ricky Schmidt,nicoletaylor.6701@example.com,GY,2024-05-09,Premium,42824.48
6702,Erik Weber,kimberlyfritz.6702@example.com,OM,2023-09-26,Premium,23692.09
6703,Tara Washington,revans.6703@example.com,SK,2026-07-06,Basic,23234.90
6704,Ashley Thompson,michelle67.6704@example.com,TH,2021-01-23,Standard,11058.99
6705,Jeff Leblanc,hhoward.6705@example.com,CD,2025-02-07,Premium,42115.11
6706,Nancy Torres,staffordmichael.6706@example.com,UZ,2020-06-07,Basic,41804.74
6707,Kelly Nguyen,james22.6707@example.com,TN,2021-12-09,Premium,19285.22
6708,Kelly Moran,ecoffey.6708@example.com,CV,2026-06-19,Standard,29094.26
6709,Alexander Becker,keithdiaz.6709@example.com,TV,2022-10-30,Standard,19481.23
6710,David Sanders,jessica35.6710@example.com,IE,2024-05-07,Premium,26299.88
6711,Tiffany Green,hlopez.6711@example.com,BO,2020-07-12,Standard,18677.68
6712,Kevin Raymond,guzmangregory.6712@example.com,VE,2025-05-03,Basic,10393.38
6713,William Suarez,harrischristina.6713@example.com,GQ,2026-03-24,Standard,10772.25
6714,Tony Johnson,debrareynolds.6714@example.com,LI,2022-10-20,Standard,14330.69
6715,Thomas Walter,smiddleton.6715@example.com,DM,2025-02-08,Standard,34342.58
6716,Stacey Mcdonald,stevencox.6716@example.com,AL,2020-12-01,Premium,1377.96
6717,Michael Cole,ballen.6717@example.com,JM,2024-03-12,Premium,10459.18
6718,Amy Nelson,paul35.6718@example.com,MW,2024-04-17,Basic,47929.20
6719,Heather Holland,dcarey.6719@example.com,BG,2020-02-04,Premium,35992.82
6720,Benjamin Thomas,angela29.6720@example.com,SY,2020-01-05,Basic,11952.22
6721,Stacy Mckee,fsalinas.6721@example.com,FR,2023-12-03,Premium,23408.76
6722,Debra Smith,richard46.6722@example.com,CY,2021-10-20,Standard,42454.98
6723,Theresa Blackburn,patrickguzman.6723@example.com,BR,2024-06-06,Standard,1441.09
6724,Laura Scott,alexis43.6724@example.com,BW,2024-02-23,Basic,29853.13
6725,Steven Horne,melissalee.6725@example.com,MD,2026-08-31,Standard,45449.42
6726,Brandon Jones,heather30.6726@example.com,BG,2021-02-22,Standard,46843.95
6727,Latoya Dougherty,curtis11.6727@example.com,MZ,2024-04-11,Premium,7642.38
6728,Christopher Davis,john43.6728@example.com,VA,2020-01-16,Standard,19502.46
6729,Tammy Lewis,marcusballard.6729@example.com,TM,2026-07-05,Basic,19651.73
6730,Jeffrey Mccoy,turnerjeanne.6730@example.com,CO,2022-10-11,Basic,5124.17
6731,Erin Garrison,matthewhorne.6731@example.com,CY,2020-11-15,Premium,43504.17
6732,Bryan House,nbeard.6732@example.com,MN,2026-06-22,Premium,13129.34
6733,Matthew Baker,jramirez.6733@example.com,BY,2025-02-01,Standard,44248.11
6734,Jorge Diaz,lisa50.6734@example.com,NE,2022-04-17,Standard,23716.72
6735,Nicholas Davis,pklein.6735@example.com,TV,2021-02-02,Basic,18658.67
6736,Barbara Burgess,edward02.6736@example.com,CZ,2023-12-01,Basic,510.00
6737,Mr. Joseph Mason MD,cdavidson.6737@example.com,BR,2022-12-21,Standard,19968.91
6738,Deborah Simmons,lindseydaniels.6738@example.com,SL,2020-05-13,Premium,4150.81
6739,Heather Walker,danielhebert.6739@example.com,KR,2026-08-19,Basic,42727.60
6740,James Lewis,vwilson.6740@example.com,BJ,2021-08-25,Basic,24271.48
6741,Richard Hall,wellswilliam.6741@example.com,MZ,2022-07-15,Premium,49057.95
6742,John Moore,jamie98.6742@example.com,DZ,2025-10-28,Standard,3599.08
6743,Juan Hawkins,rlittle.6743@example.com,CU,2025-01-24,Basic,48445.26
6744,Jacob Smith,michaeljohnson.6744@example.com,IQ,2022-04-01,Basic,23431.66
6745,Leah Scott,strongalfred.6745@example.com,KW,2020-12-02,Standard,9120.25
6746,Stephen Bruce,emily51.6746@example.com,TM,2022-10-25,Standard,35751.48
6747,Colleen Winters,joshua02.6747@example.com,BS,2023-04-27,Standard,21200.55
6748,Nancy Martinez,knightjohn.6748@example.com,IR,2025-08-01,Basic,9718.18
6749,Patricia Gutierrez,ssantos.6749@example.com,TW,2023-12-29,Premium,27300.89
6750,Russell Holder,copelandpaul.6750@example.com,BR,2025-07-17,Standard,48980.63
6751,Dr. Kyle Hernandez Jr.,lawsonmatthew.6751@example.com,LA,2025-12-13,Basic,41105.10
6752,Ryan Benjamin,christopher29.6752@example.com,CI,2025-11-14,Basic,41466.05
6753,Kimberly Brown,tonya04.6753@example.com,DO,2025-04-01,Premium,17908.15
6754,Brian Williams,jacobstout.6754@example.com,NO,2025-06-06,Premium,22842.80
6755,Juan Martin,deleonstephen.6755@example.com,BT,2023-09-25,Premium,34077.78
6756,Shane Robles,davidsonjulie.6756@example.com,BF,2020-11-03,Basic,42770.94
6757,Riley Black,gdrake.6757@example.com,BW,2020-07-11,Standard,23675.31
6758,Charles Ramos MD,teresa19.6758@example.com,MZ,2022-09-04,Premium,35670.31
6759,Ashley Sanders,iking.6759@example.com,SD,2021-12-16,Premium,985.58
6760,Elizabeth Booth,owenkevin.6760@example.com,PE,2023-03-14,Basic,27546.25
6761,Alexandra Ross,nicole78.6761@example.com,SN,2021-07-24,Basic,12475.47
6762,Laura Ramirez,grantjessica.6762@example.com,HT,2021-09-22,Basic,8148.38
6763,Phillip Knapp,morrisonalan.6763@example.com,YE,2021-11-19,Premium,2354.23
6764,Terry Keller,murphycaroline.6764@example.com,TH,2022-02-03,Premium,15298.51
6765,Ashley Smith,william15.6765@example.com,MH,2020-10-14,Premium,39810.89
6766,Adrian Johnson,maryjackson.6766@example.com,UY,2022-11-18,Basic,45731.98
6767,Shannon Peterson,hbeard.6767@example.com,GB,2024-04-26,Premium,47087.26
6768,Stephen Johnson,ryan91.6768@example.com,LK,2025-10-16,Premium,45379.92
6769,Sarah Gregory,colemanrobert.6769@example.com,MK,2020-09-23,Standard,39703.19
6770,Eddie Davis,wfranklin.6770@example.com,TH,2020-03-10,Premium,46576.13
6771,Patricia Curtis,hstrickland.6771@example.com,AR,2026-02-16,Standard,22423.60
6772,Chris Steele,christinaallen.6772@example.com,GB,2026-05-23,Premium,22945.51
6773,Emily Ramirez,jeffrey94.6773@example.com,PS,2024-09-16,Basic,40825.21
6774,William Sloan,douglas60.6774@example.com,SI,2024-05-16,Premium,32238.77
6775,Arthur Martinez,taylorlindsey.6775@example.com,NI,2020-01-05,Basic,37307.17
6776,Bradley Jensen,bsmith.6776@example.com,CI,2024-06-25,Basic,44804.27
6777,Nicholas Lewis,carolford.6777@example.com,PS,2022-12-05,Premium,46687.84
6778,Kaitlyn Myers,sean03.6778@example.com,BA,2024-01-26,Premium,33946.34
6779,Matthew Thompson,courtneypearson.6779@example.com,BG,2024-10-22,Standard,37084.82
6780,Barry Gray,finleyjennifer.6780@example.com,JM,2022-10-07,Premium,13829.61
6781,Angela Moody,cwarner.6781@example.com,UZ,2020-06-27,Premium,12355.11
6782,Richard Jackson,ygray.6782@example.com,YE,2023-08-30,Basic,35268.43
6783,Christopher Green,campbellian.6783@example.com,RU,2024-09-26,Basic,19506.26
6784,Ashley Smith MD,vrobles.6784@example.com,IQ,2024-12-02,Premium,511.75
6785,Emily Shelton,mayjesse.6785@example.com,KG,2021-09-19,Basic,25927.97
6786,Jon Patel,hodgeheather.6786@example.com,CO,2021-04-12,Premium,26631.72
6787,Matthew Jordan,adam74.6787@example.com,BZ,2020-02-08,Standard,38037.73
6788,Angela Martin,perezkayla.6788@example.com,BE,2024-05-05,Basic,47036.73
6789,Melissa Glass,qholloway.6789@example.com,GY,2024-02-09,Standard,9433.94
6790,Adam Marshall,ramosjason.6790@example.com,KM,2023-12-07,Standard,12998.00
6791,Amy Miller,marie64.6791@example.com,SC,2022-03-24,Standard,23113.38
6792,Michael Rice,timothy90.6792@example.com,CR,2026-04-13,Standard,30007.25
6793,Thomas Kim,yjohnson.6793@example.com,NA,2022-09-09,Basic,48859.17
6794,David Richard,shirleybarnett.6794@example.com,TN,2022-03-15,Premium,41404.66
6795,Kimberly Mitchell,jeremycole.6795@example.com,ST,2022-12-05,Standard,24084.91
6796,Ricky Smith,snyderedward.6796@example.com,MW,2022-02-09,Standard,23819.52
6797,Sean Huber,riosmeredith.6797@example.com,UA,2026-02-21,Basic,36107.87
6798,Ruth Goodman,amanda75.6798@example.com,MA,2025-11-23,Premium,40179.35
6799,Joseph Dougherty,nfry.6799@example.com,AE,2021-06-29,Standard,40314.88
6800,Diane Lopez,jennifer42.6800@example.com,BI,2020-11-20,Premium,12111.38
6801,Rhonda Bridges,lewisruth.6801@example.com,GN,2020-02-27,Standard,2495.78
6802,Kevin Smith,arobinson.6802@example.com,CH,2024-11-06,Basic,5467.46
6803,Ronald Stephenson,collinsdaniel.6803@example.com,CF,2021-03-09,Premium,19696.91
6804,Emily Richardson,mary01.6804@example.com,CL,2024-01-11,Basic,14374.51
6805,Matthew Riley,lbrown.6805@example.com,MT,2023-05-19,Premium,20102.35
6806,Victor Joseph,greershawn.6806@example.com,BT,2022-01-12,Basic,10843.51
6807,Mark Olsen,rmorrison.6807@example.com,DZ,2020-09-08,Standard,42002.91
6808,Patrick Turner DVM,wmcdowell.6808@example.com,RW,2021-05-05,Premium,19409.17
6809,Mr. Brian Simpson,julia52.6809@example.com,ID,2026-05-24,Basic,30597.55
6810,Lauren Martin,brittany97.6810@example.com,LA,2024-08-01,Basic,8006.12
6811,James Taylor,lhancock.6811@example.com,SY,2025-12-15,Premium,23747.39
6812,Grant Russell,qjoyce.6812@example.com,NG,2024-08-10,Basic,25253.02
6813,Jessica Diaz,duartejenna.6813@example.com,CN,2020-02-26,Standard,26529.74
6814,Michelle Mitchell,petersonjohnny.6814@example.com,LT,2024-03-30,Standard,15257.28
6815,Amy Chambers,aweiss.6815@example.com,DK,2021-02-01,Standard,23651.17
6816,Miguel Lopez,jason85.6816@example.com,TW,2023-09-06,Standard,7185.79
6817,Tiffany Lowe,muellerchristine.6817@example.com,BR,2024-12-12,Premium,30463.34
6818,Donald Robinson,tfox.6818@example.com,LI,2020-05-17,Standard,27655.39
6819,Thomas Thompson,pdickerson.6819@example.com,AD,2023-07-28,Basic,6359.02
6820,Kathleen Snyder,brittany91.6820@example.com,MT,2024-01-09,Basic,35957.84
6821,Miranda Dodson,jamesjones.6821@example.com,GB,2022-07-30,Premium,42565.04
6822,Dawn Smith,cmay.6822@example.com,MX,2026-02-23,Basic,27244.08
6823,John Chen,rgordon.6823@example.com,BZ,2022-10-15,Basic,9359.08
6824,Melissa Lopez,bradyjohn.6824@example.com,CA,2022-01-30,Standard,49289.73
6825,Lindsey Bishop,dspence.6825@example.com,DK,2020-05-28,Premium,7852.14
6826,Jorge Lopez,costascott.6826@example.com,TV,2021-07-20,Basic,8353.69
6827,Cynthia Cooley,williamspatricia.6827@example.com,CM,2026-06-09,Standard,42960.68
6828,Melissa Allen,sierraroberts.6828@example.com,RW,2023-09-28,Standard,13664.57
6829,Teresa Scott,murrayjohnny.6829@example.com,CF,2026-07-14,Standard,5016.83
6830,Anthony Marquez,lfisher.6830@example.com,ER,2020-12-25,Basic,24173.68
6831,Mrs. Ashley Russell PhD,lanemaria.6831@example.com,LB,2026-02-07,Basic,9847.89
6832,Jessica Jacobson,christopher75.6832@example.com,CL,2024-03-29,Premium,18121.71
6833,Theresa Perez,douglas58.6833@example.com,FI,2022-09-18,Premium,38010.18
6834,Elaine Abbott,richardgraham.6834@example.com,CY,2025-06-26,Premium,32743.54
6835,Matthew King,danielle93.6835@example.com,VN,2024-06-24,Standard,6021.45
6836,Erica Meyer,emilyowens.6836@example.com,ML,2022-09-19,Basic,14043.67
6837,Annette Torres,mallory10.6837@example.com,SD,2020-07-19,Premium,9009.06
6838,Michelle Jackson,hannahruiz.6838@example.com,IT,2025-11-15,Standard,14701.45
6839,Zachary White,angela16.6839@example.com,HT,2026-02-02,Standard,16951.38
6840,Alexandra Lawrence,mooreshawna.6840@example.com,UG,2024-03-27,Premium,47911.07
6841,Allison Nguyen,cnixon.6841@example.com,TJ,2020-01-07,Basic,34621.26
6842,Christy Rice,christopher85.6842@example.com,PE,2026-03-22,Premium,35832.17
6843,Kathy Johnson,whall.6843@example.com,LB,2024-12-24,Standard,40167.15
6844,Christopher Fuentes,jessica48.6844@example.com,CL,2020-11-21,Premium,44022.90
6845,Christopher Williams,timothytrujillo.6845@example.com,TT,2020-10-20,Premium,23019.65
6846,Ashley Cook,hwilliams.6846@example.com,VE,2022-08-22,Premium,15829.58
6847,Shane George,robinsmith.6847@example.com,GA,2026-08-25,Basic,47926.63
6848,Tina Schroeder,robert68.6848@example.com,AZ,2025-03-23,Basic,14538.73
6849,Anthony Adams,staceyshaw.6849@example.com,DZ,2024-02-03,Standard,48353.90
6850,Andrea Nelson,john31.6850@example.com,SO,2025-06-18,Basic,19753.36
6851,Michael Hood,elizabethpacheco.6851@example.com,VN,2025-04-07,Standard,89.59
6852,Raymond Keller,kaufmanrobert.6852@example.com,AE,2024-12-28,Standard,29564.47
6853,Mr. Jesus Smith,robert39.6853@example.com,HR,2026-02-20,Standard,5888.62
6854,Rachael Hayes,vrichard.6854@example.com,ID,2023-01-10,Premium,24830.19
6855,Matthew Parks PhD,robinsonjanet.6855@example.com,AZ,2024-05-21,Premium,6516.01
6856,James Sandoval,kimberlycooper.6856@example.com,VA,2021-10-09,Premium,19560.59
6857,Tonya Thomas,jerry57.6857@example.com,IT,2025-06-20,Standard,27267.83
6858,Carlos Sullivan,johntaylor.6858@example.com,IL,2022-02-10,Basic,40292.08
6859,Chloe Neal,keithmcdowell.6859@example.com,GR,2023-12-06,Standard,48455.21
6860,Keith Scott,xgarcia.6860@example.com,UG,2025-12-28,Standard,20647.05
6861,Carrie Torres,jacosta.6861@example.com,CR,2022-02-20,Basic,10779.64
6862,Wesley Mann,julie66.6862@example.com,SL,2022-05-18,Basic,49405.41
6863,Janet Smith,sanderson.6863@example.com,CD,2024-05-26,Basic,3561.48
6864,Matthew Logan,jerry86.6864@example.com,SZ,2021-10-24,Premium,8877.49
6865,Elizabeth Taylor,shelby92.6865@example.com,AF,2026-05-30,Basic,47124.88
6866,Tammy Schwartz,hwhite.6866@example.com,CF,2022-08-19,Basic,49001.49
6867,Jennifer Hayes,tiffany08.6867@example.com,BH,2024-10-05,Basic,20368.03
6868,Mario Aguirre,clifford82.6868@example.com,ZM,2023-12-31,Basic,8349.24
6869,Madison Yang,snyderanthony.6869@example.com,ML,2020-10-26,Standard,3103.47
6870,Paige Doyle,randallellis.6870@example.com,CF,2026-01-06,Basic,15098.34
6871,Joshua Gray,jonathan49.6871@example.com,PW,2023-06-03,Basic,43295.37
6872,Mary Everett,michelelambert.6872@example.com,ZW,2026-01-14,Standard,6196.92
6873,Alexis Reyes,douglasmccarty.6873@example.com,TV,2025-03-08,Premium,30126.81
6874,Mary Jones,gouldisaac.6874@example.com,ZM,2025-09-21,Basic,17546.19
6875,Eric York,rebecca50.6875@example.com,TV,2024-05-10,Premium,13083.98
6876,Mrs. Kathryn Rodriguez,monica47.6876@example.com,UY,2021-03-24,Basic,49139.63
6877,Jesse Hurley,sjones.6877@example.com,MY,2024-10-17,Basic,34269.07
6878,Jay West,linchad.6878@example.com,SR,2026-03-07,Premium,16659.54
6879,Matthew Allison,matthew55.6879@example.com,NZ,2025-12-22,Standard,35725.51
6880,Nathaniel Zimmerman,olsenjacqueline.6880@example.com,EG,2026-08-16,Standard,11413.46
6881,Victor Brown,daybrittany.6881@example.com,OM,2025-08-01,Basic,18840.98
6882,Kristen Banks,olivermichael.6882@example.com,LA,2023-01-01,Basic,2712.49
6883,Lauren Alvarez,tannervictoria.6883@example.com,SM,2024-01-31,Standard,38420.38
6884,Megan Hughes,lorihaney.6884@example.com,MM,2024-09-04,Standard,45925.29
6885,Christine Jackson,christian22.6885@example.com,FJ,2023-02-10,Standard,45669.51
6886,Christopher Cooper,dtaylor.6886@example.com,CO,2021-12-20,Standard,36130.55
6887,Alicia Oliver,nicole03.6887@example.com,ES,2023-12-27,Basic,46808.17
6888,Sandra Gonzalez,scott40.6888@example.com,PA,2025-08-01,Standard,25760.75
6889,Andrew Smith,ronald49.6889@example.com,KZ,2022-09-24,Basic,20822.97
6890,Elizabeth Scott,kathrynbailey.6890@example.com,MM,2023-04-26,Standard,35047.26
6891,Rebecca Burton,warrendevin.6891@example.com,CV,2023-06-15,Standard,46450.02
6892,Tracie Hess,sfletcher.6892@example.com,UY,2024-02-12,Standard,49600.09
6893,Jesse Martinez,wcarroll.6893@example.com,PS,2021-06-03,Premium,6759.88
6894,Stephen Hampton,pamelapowers.6894@example.com,MC,2025-05-18,Premium,44897.95
6895,Richard Rodriguez,brownkathleen.6895@example.com,GQ,2025-04-07,Standard,2429.96
6896,Brooke Hall,kathleen78.6896@example.com,TR,2024-09-06,Basic,47850.41
6897,Marie Day,tparker.6897@example.com,PY,2021-11-14,Premium,21467.82
6898,Karen Stone,deborah16.6898@example.com,FJ,2022-09-24,Basic,40842.02
6899,Nathan Phillips,kimberly73.6899@example.com,UG,2021-10-08,Standard,28921.74
6900,Cynthia Owens,ydennis.6900@example.com,AT,2025-11-17,Basic,12895.72
6901,Joseph Richard,robertcampbell.6901@example.com,VE,2021-05-21,Standard,2512.74
6902,Hunter Abbott,vlara.6902@example.com,CR,2020-12-03,Standard,12531.45
6903,Felicia Atkins,andrewsanders.6903@example.com,CL,2024-05-16,Standard,34988.29
6904,Jeffery Reid,richardbishop.6904@example.com,CM,2023-04-07,Basic,9730.56
6905,Bradley Gonzalez,luke17.6905@example.com,MM,2026-07-10,Basic,34600.00
6906,Jason Dunn,brownsamantha.6906@example.com,LR,2025-07-04,Basic,7398.90
6907,Amanda Fields,gbarber.6907@example.com,SO,2024-12-22,Premium,23755.30
6908,Tara Norris,sean88.6908@example.com,GB,2021-11-07,Standard,18901.36
6909,Katie Newton,marilynmartin.6909@example.com,CO,2024-12-01,Premium,12448.93
6910,Philip Hill,robertsonjustin.6910@example.com,SA,2021-12-19,Standard,17458.13
6911,April Bender,oharris.6911@example.com,FR,2022-03-06,Basic,27789.60
6912,Charles Thompson,john74.6912@example.com,GQ,2020-09-11,Premium,29652.78
6913,Marissa Stein MD,cynthia45.6913@example.com,LI,2023-05-20,Premium,39217.55
6914,John Mclaughlin,jeffrey13.6914@example.com,PL,2025-04-22,Standard,9342.38
6915,Stanley Turner,wardgloria.6915@example.com,IT,2022-06-30,Premium,8449.91
6916,Anita Rodriguez,sandovalconnie.6916@example.com,VC,2020-08-21,Standard,23467.89
6917,Vanessa Reyes,not-an-email,BD,2021-05-23,Standard,22834.33
6918,April Walton,erinduffy.6918@example.com,SC,2024-11-03,Basic,19050.19
6919,Daniel Vargas,ydaniels.6919@example.com,MH,2020-09-25,Basic,20698.02
6920,Brittany Trujillo,wilsonandrew.6920@example.com,TJ,2026-06-16,Standard,5189.92
6921,Christina Gutierrez,johnstontroy.6921@example.com,IQ,2021-12-16,Standard,15331.87
6922,Ian Guerra,hernandezcarl.6922@example.com,NE,2024-12-05,Basic,25548.43
6923,Eric Spencer,jeffrey87.6923@example.com,MX,2020-02-26,Basic,1517.00
6924,Darius Johnson,brian41.6924@example.com,HN,2022-06-15,Standard,42831.60
6925,Jon Mann,robertscott.6925@example.com,TD,2025-07-25,Premium,49424.16
6926,Harold Moore,brentwyatt.6926@example.com,TN,2023-06-26,Standard,6600.47
6927,Steven Harvey,ebennett.6927@example.com,MW,2020-10-19,Premium,40719.00
6928,Cathy Vargas,josephmeyer.6928@example.com,PA,2025-06-30,Standard,12515.90
6929,Andrew Watkins,elizabeth96.6929@example.com,TO,2025-09-06,Basic,2467.07
6930,Patricia Cuevas,meganjones.6930@example.com,MR,2020-01-04,Basic,23300.33
6931,Kimberly Holmes,shahrichard.6931@example.com,ES,2023-04-02,Standard,41248.52
6932,Cory Osborne,gregpatel.6932@example.com,MX,2024-12-28,Basic,18928.90
6933,Allison Chen,reneehubbard.6933@example.com,LR,2021-06-29,Premium,35107.65
6934,Stephanie Cordova,kentglenda.6934@example.com,NE,2020-08-08,Premium,44841.19
6935,Stacy Clark,reyesjanet.6935@example.com,MD,2022-08-17,Premium,15005.14
6936,Aaron Thornton,sclarke.6936@example.com,BG,2020-10-17,Basic,26526.12
6937,Angela Torres,ashley97.6937@example.com,SY,2020-01-04,Standard,7941.33
6938,Scott Duke,paulpetersen.6938@example.com,PW,2026-03-21,Basic,9984.82
6939,Jared Garrett,kfernandez.6939@example.com,BT,2024-08-11,Standard,20130.35
6940,Kevin Delgado,brittany07.6940@example.com,YE,2025-12-01,Basic,33075.98
6941,Michelle Williams,jthomas.6941@example.com,UA,2023-02-09,Basic,26310.90
6942,Micheal Moss,salasmegan.6942@example.com,CM,2021-12-07,Premium,27768.48
6943,Amy Barton,sandersmark.6943@example.com,HN,2021-03-06,Basic,37301.55
6944,Brittany Gibbs,monicaconner.6944@example.com,BS,2022-02-19,Standard,37722.09
6945,Alan Travis,hpatterson.6945@example.com,SB,2023-02-04,Basic,28888.23
6946,Matthew Bush,chelsealyons.6946@example.com,AO,2024-09-15,Basic,44033.67
6947,Michael Johnston,bpena.6947@example.com,PG,2023-01-22,Premium,260.98
6948,Cheryl Chen,allenwilliam.6948@example.com,SO,2026-03-06,Basic,1585.35
6949,Caitlin Conner,fjones.6949@example.com,NI,2023-07-26,Standard,512.38
6950,Jeffrey Patel,craig71.6950@example.com,OM,2020-02-20,Basic,44162.80
6951,Mark Watson,michaelgonzalez.6951@example.com,PA,2023-09-08,Premium,34240.56
6952,Frank Ruiz,courtney05.6952@example.com,AE,2020-11-13,Premium,8016.81
6953,Christopher Meza,angelica53.6953@example.com,NA,2020-12-06,Standard,10720.96
6954,Jordan Howell,mgreene.6954@example.com,SO,2026-08-20,Standard,49850.95
6955,Kimberly Miller,angelahardin.6955@example.com,BA,2025-03-03,Basic,22117.42
6956,Erik Strickland,mccarthythomas.6956@example.com,ET,2023-01-11,Standard,49013.80
6957,Dr. Travis Tate,hornekayla.6957@example.com,BN,2026-03-30,Premium,36094.48
6958,Ashley Collins,pbarry.6958@example.com,GH,2021-02-02,Standard,48506.31
6959,Cathy Hicks,davidcooley.6959@example.com,BR,2024-05-20,Premium,9418.18
6960,Traci Jones,jenniferbrown.6960@example.com,KM,2022-03-12,Basic,62.62
6961,Alisha King DDS,brittanygarcia.6961@example.com,DK,2021-03-09,Basic,30049.87
6962,Sarah Burns,michael54.6962@example.com,TL,2020-02-15,Basic,30404.61
6963,Zachary Cross,brenda56.6963@example.com,AF,2020-10-31,Premium,10089.75
6964,Michele Nguyen,snowkatherine.6964@example.com,FR,2026-05-13,Standard,23882.31
6965,Kenneth Smith,ginahall.6965@example.com,CR,2023-08-27,Standard,36645.93
6966,Kelly Arias,mariahcoleman.6966@example.com,VU,2026-02-24,Basic,12099.41
6967,Belinda Watts,andersonamanda.6967@example.com,AU,2022-06-08,Standard,4136.38
6968,Cassandra Medina,edwardsmith.6968@example.com,MN,2024-09-14,Premium,27760.59
6969,Brian Pratt,nclarke.6969@example.com,MG,2025-03-04,Basic,19420.97
6970,Gail Roberts,wmccoy.6970@example.com,PA,2021-06-09,Premium,17585.54
6971,Stacey Gomez,nvillarreal.6971@example.com,SZ,2025-04-05,Basic,8814.01
6972,Richard Olson,angela62.6972@example.com,TZ,2022-06-15,Standard,29899.26
6973,Mason Henderson,ericgarrett.6973@example.com,JO,2022-11-02,Standard,32962.21
6974,James Roberts,bryanfisher.6974@example.com,UY,2020-07-05,Standard,28443.06
6975,William Pham,cnguyen.6975@example.com,SZ,2023-03-31,Premium,5990.05
6976,Sara Ruiz,lozanodanielle.6976@example.com,GH,2020-03-30,Premium,2601.77
6977,Jonathan Saunders,reesesusan.6977@example.com,NZ,2023-11-14,Basic,28777.77
6978,Mr. William Lopez,user@,BO,2020-04-05,Premium,21734.65
6979,Jill Gray,markthompson.6979@example.com,AZ,2024-03-25,Basic,1869.38
6980,Alisha Baker,julie20.6980@example.com,ZA,2025-12-29,Basic,47828.86
6981,Crystal Riley,wyoung.6981@example.com,SK,2020-06-14,Premium,49273.15
6982,Jeffery Edwards,sarahharris.6982@example.com,MC,2023-09-22,Standard,43048.09
6983,Alex Dickerson,davislaura.6983@example.com,FR,2025-10-16,Premium,25301.09
6984,Stephanie Lee,dylanjones.6984@example.com,TR,2020-03-05,Standard,45303.84
6985,Kristin Barrett,drichards.6985@example.com,TZ,2024-12-31,Basic,3703.24
6986,Jill Castillo,shawnwallace.6986@example.com,HU,2026-01-14,Premium,8363.06
6987,Andrew Harris,kimberlylewis.6987@example.com,AR,2026-09-02,Standard,15841.66
6988,Kyle Armstrong,sheilamoore.6988@example.com,KP,2023-08-30,Basic,37224.10
6989,Linda Guzman,ashley81.6989@example.com,TH,2020-04-14,Premium,23540.93
6990,Tyler Tanner,shane35.6990@example.com,TT,2020-11-04,Premium,23321.33
6991,Henry Beasley,andrewmolina.6991@example.com,NO,2024-11-07,Premium,24435.13
6992,Michael Brown,abigailmckenzie.6992@example.com,VU,2024-06-14,Basic,25563.78
6993,Rodney Rodriguez,hensleymichelle.6993@example.com,EG,2024-10-07,Standard,28097.64
6994,Patricia Tucker,williamskathryn.6994@example.com,RW,2022-07-07,Basic,14089.47
6995,Leah Flynn,hannahwilliams.6995@example.com,TO,2020-03-23,Basic,43997.69
6996,Danielle Watson,silvabethany.6996@example.com,BD,2023-05-27,Standard,15209.87
6997,Gavin Smith,ganthony.6997@example.com,GW,2024-07-11,Basic,6063.74
6998,Peter Koch,aprilroman.6998@example.com,RO,2021-05-01,Basic,2849.88
6999,Dean Manning,jennifer38.6999@example.com,LC,2025-09-15,Premium,33613.24
7000,Jaclyn Turner,shannon57.7000@example.com,PS,2023-04-11,Premium,17935.31
7001,Nathan Diaz,clinephilip.7001@example.com,JP,2022-04-16,Basic,40872.53
7002,Ian Moore,younganthony.7002@example.com,AZ,2021-06-13,Premium,45975.32
7003,Susan Schultz,owensdaniel.7003@example.com,JM,2021-12-25,Basic,17462.20
7004,Jordan Miranda,cking.7004@example.com,IQ,2022-05-09,Standard,621.35
7005,Jennifer Bowman,virginiazimmerman.7005@example.com,GT,2020-02-09,Standard,6033.82
7006,Karen Sanders,claudiamoore.7006@example.com,RS,2025-01-04,Standard,19479.80
7007,Cheryl Flynn,fwhite.7007@example.com,CM,2022-08-15,Basic,17789.53
7008,Virginia Valdez,smithsherry.7008@example.com,CL,2024-10-17,Premium,23588.13
7009,Marie Smith,jbeasley.7009@example.com,ID,2020-02-25,Premium,45996.17
7010,Anthony Young,silvatraci.7010@example.com,TW,2025-05-03,Basic,41129.53
7011,Barbara Guerrero,fhicks.7011@example.com,ZW,2020-11-19,Standard,19229.21
7012,Denise Andrews,hillsteven.7012@example.com,GW,2025-01-10,Standard,43481.69
7013,Tanya Ruiz,haynesjesse.7013@example.com,TJ,2023-09-12,Premium,43659.11
7014,Greg Evans,mlowe.7014@example.com,DK,2020-01-09,Premium,11945.33
7015,Donald Reyes,ncontreras.7015@example.com,GA,2026-08-06,Premium,4898.84
7016,Joseph Johnson,jamieperez.7016@example.com,LV,2024-05-12,Standard,40393.25
7017,Melanie Butler,kmiller.7017@example.com,KH,2020-05-16,Standard,16961.05
7018,Laura Wang,christinesutton.7018@example.com,US,2026-02-02,Premium,24916.50
7019,Mark Cantrell,sgordon.7019@example.com,DZ,2020-11-20,Basic,40420.26
7020,Mrs. Rebecca Hamilton,brianamiller.7020@example.com,HN,2024-01-07,Premium,15336.68
7021,David Kane,jenkinsjose.7021@example.com,FJ,2026-08-05,Standard,48034.36
7022,Dr. Amber Washington,higginskevin.7022@example.com,MK,2023-06-18,Standard,2976.51
7023,Brittany Torres,duartebrenda.7023@example.com,ST,2026-03-04,Premium,20930.28
7024,Christopher Kelly,dianajacobs.7024@example.com,AE,2026-07-03,Standard,40149.34
7025,Jeffrey Hebert,jwarner.7025@example.com,EG,2023-02-28,Premium,12495.39
7026,Traci Bennett,natalie21.7026@example.com,US,2024-05-12,Premium,25281.26
7027,Jeremy Nelson,sydney80.7027@example.com,DE,2026-02-20,Basic,33107.14
7028,James Bridges,abenton.7028@example.com,FI,2023-06-13,Basic,45236.27
7029,Angel Garrett,fnunez.7029@example.com,KI,2025-12-25,Premium,22064.41
7030,Nicole Wiggins,brandiwoods.7030@example.com,IL,2022-09-04,Premium,2382.47
7031,Alexa Flynn,christopher74.7031@example.com,AL,2022-02-06,Basic,9708.64
7032,Raymond Johnson,philip11.7032@example.com,TM,2026-02-17,Standard,2972.26
7033,John Gonzales,wilsonchristopher.7033@example.com,BJ,2024-05-08,Standard,21047.41
7034,William Santana MD,lisaflynn.7034@example.com,US,2024-03-06,Premium,11828.96
7035,Elizabeth Nash,lopezjulia.7035@example.com,BH,2020-12-25,Basic,13638.76
7036,Carolyn Carter,grobbins.7036@example.com,TL,2025-11-08,Standard,6508.91
7037,Daniel Alvarez,jenningskelly.7037@example.com,VC,2024-08-15,Premium,44053.62
7038,Sierra Harris,robert23.7038@example.com,NA,2024-10-27,Basic,44087.38
7039,Alexis Morgan,vanessa36.7039@example.com,GD,2020-07-11,Premium,25245.96
7040,Emily Carter,janetfriedman.7040@example.com,MK,2024-12-20,Premium,45511.96
7041,Ebony Garza,juarezjennifer.7041@example.com,CI,2020-12-03,Standard,20362.71
7042,Julie Daniels,kristine11.7042@example.com,KN,2026-05-13,Standard,18647.74
7043,Anthony Tucker,william70.7043@example.com,MY,2026-07-14,Basic,12178.03
7044,Christine Jones,gcross.7044@example.com,NE,2026-03-06,Basic,46294.68
7045,Miranda Adams,lbradley.7045@example.com,LV,2020-06-29,Standard,38801.24
7046,Christopher Baker,websterjulie.7046@example.com,VA,2025-12-22,Premium,33931.04
7047,Jasmine Long,shamilton.7047@example.com,IN,2022-05-05,Standard,45801.62
7048,Anthony Moore,obrown.7048@example.com,AR,2026-05-27,Basic,11573.37
7049,Destiny Schmidt,ingramamanda.7049@example.com,HN,2022-01-31,Basic,44009.32
7050,Brian Bryant,qaguilar.7050@example.com,TO,2026-01-01,Premium,19002.57
7051,Brittany Washington,payneanne.7051@example.com,ID,2020-06-19,Standard,22156.93
7052,Timothy Price,reesedana.7052@example.com,MH,2021-05-05,Basic,12601.17
7053,David Aguilar,kaitlyncampbell.7053@example.com,ER,2022-03-24,Premium,29565.23
7054,Samantha Jackson,vazquezandrea.7054@example.com,SV,2020-03-16,Standard,21700.10
7055,Alexander Morales,ethomas.7055@example.com,CI,2022-06-18,Basic,39591.27
7056,Laura Klein DDS,michael52.7056@example.com,CA,2021-07-23,Premium,17047.69
7057,Ashley Jones,rachael63.7057@example.com,FI,2021-10-03,Basic,11088.00
7058,David Herrera,gooddeborah.7058@example.com,SY,2020-12-02,Standard,40495.34
7059,Jeremiah Ray,evillanueva.7059@example.com,MW,2026-08-25,Standard,44708.61
7060,Carla Hall,whampton.7060@example.com,LI,2026-02-13,Standard,27110.97
7061,Christian Haynes,wolfkimberly.7061@example.com,KP,2025-07-19,Standard,8116.26
7062,Kurt Bush,hermanlori.7062@example.com,ET,2020-05-17,Basic,45569.66
7063,Jamie Gardner,bruce15.7063@example.com,BH,2022-03-11,Standard,19215.79
7064,Matthew Castro,melindasmith.7064@example.com,RS,2021-08-26,Standard,27675.30
7065,Andrea Mann,matthewcooper.7065@example.com,CA,2020-02-02,Premium,9209.86
7066,Rebecca Taylor,ryanwilliams.7066@example.com,MN,2023-10-14,Standard,10564.11
7067,Evan Turner,mendozaolivia.7067@example.com,CA,2021-08-13,Basic,34738.32
7068,Michael Cox,jessicabarr.7068@example.com,ME,2026-07-20,Premium,28985.90
7069,Antonio Webb,marcher.7069@example.com,ET,2020-11-10,Basic,41376.69
7070,Kristina Jenkins,ericamcclure.7070@example.com,LU,2021-02-19,Premium,24813.42
7071,Karen Nielsen,wadeteresa.7071@example.com,GW,2025-12-30,Basic,5147.70
7072,Eric Lee,nedwards.7072@example.com,AU,2020-12-18,Basic,5274.12
7073,Casey Barnett,jerrycraig.7073@example.com,IR,2026-07-19,Premium,23063.62
7074,Cynthia Mcdaniel,fgarrison.7074@example.com,IN,2021-09-30,Standard,12621.43
7075,Brenda Davis,jenniferrodriguez.7075@example.com,HT,2024-02-09,Basic,4909.40
7076,James Robertson,asmith.7076@example.com,AL,2022-09-09,Basic,23620.94
7077,Alexa Roberts,ian67.7077@example.com,TL,2022-01-22,Premium,47722.51
7078,Tony Bell,ashleybrooks.7078@example.com,EC,2024-11-08,Standard,43540.16
7079,Brandon Walters,carolyn73.7079@example.com,DO,2020-02-11,Basic,40151.47
7080,Erik Wilson,simmonslauren.7080@example.com,VU,2024-12-25,Standard,46293.11
7081,Jasmine Romero,idelgado.7081@example.com,CM,2026-08-22,Basic,37566.12
7082,Adrian Wood,thomas93.7082@example.com,VN,2022-10-04,Basic,19592.57
7083,Hannah Torres,mwilliams.7083@example.com,UA,2026-01-16,Standard,26077.03
7084,Nathan Boyd,olowe.7084@example.com,TO,2022-12-31,Premium,22196.77
7085,Timothy Cook,torreskristin.7085@example.com,IL,2021-09-14,Premium,14635.57
7086,Erica Travis,gordon81.7086@example.com,TZ,2023-10-24,Basic,1047.09
7087,Marcus Hernandez,robertyates.7087@example.com,IN,2020-11-28,Premium,31775.93
7088,James Carter,wsmith.7088@example.com,SA,2024-06-17,Standard,20931.38
7089,Scott Martin,eric72.7089@example.com,LI,2024-07-09,Basic,36075.10
7090,Dr. Julie Campbell,cesar94.7090@example.com,SA,2025-12-19,Basic,26365.81
7091,Patricia Weaver,jasmine16.7091@example.com,SB,2024-09-10,Basic,21384.43
7092,Karina Duffy,meganstuart.7092@example.com,LI,2023-06-06,Standard,42886.78
7093,Tammy Ferguson,kbowers.7093@example.com,HN,2022-03-21,Standard,17036.15
7094,Christopher Neal,amandaedwards.7094@example.com,RS,2022-06-23,Premium,4727.80
7095,William Petersen,kwalls.7095@example.com,AZ,2026-02-09,Basic,9326.55
7096,Donna Johnson,ataylor.7096@example.com,LR,2023-11-13,Basic,47774.07
7097,Elizabeth Hawkins,jeanettecuevas.7097@example.com,HN,2023-03-19,Basic,6260.61
7098,Sarah Lucero,maryarmstrong.7098@example.com,MY,2021-01-07,Basic,20934.89
7099,Stephanie Kennedy,hprice.7099@example.com,KG,2022-04-16,Premium,31220.01
7100,Oscar Gomez,shawbrian.7100@example.com,PG,2026-02-15,Basic,21557.89
7101,Calvin Smith,amyrogers.7101@example.com,KI,2022-07-10,Standard,24736.75
7102,Raymond Dodson,austinbarnes.7102@example.com,BI,2026-06-25,Basic,11856.57
7103,Jessica Martinez,pamela28.7103@example.com,ET,2025-10-07,Premium,29369.98
7104,Deborah Huynh,dennismccoy.7104@example.com,TJ,2025-07-09,Premium,2229.90
7105,Curtis Gomez,carlosclark.7105@example.com,LC,2021-09-05,Premium,6794.40
7106,Donna Lewis,richard79.7106@example.com,MD,2023-12-04,Premium,8932.08
7107,Cindy Singh,jonesmichael.7107@example.com,SI,2020-04-06,Premium,46435.50
7108,Angel Martinez,andersonheather.7108@example.com,AD,2020-01-07,Standard,28640.09
7109,James Davila,alexandergregory.7109@example.com,HN,2022-02-11,Premium,14443.36
7110,Melissa Sanders,lindsay02.7110@example.com,KI,2026-07-17,Standard,46450.09
7111,Theresa Bennett,jessicataylor.7111@example.com,PW,2024-10-21,Basic,30512.75
7112,Derek Jones,jessicalang.7112@example.com,LC,2024-09-07,Basic,47078.70
7113,William Crawford,kingmariah.7113@example.com,EG,2021-11-26,Basic,5388.91
7114,John Bryant,uandrews.7114@example.com,FR,2023-02-21,Standard,1488.62
7115,Frederick Morris,gporter.7115@example.com,LR,2025-01-01,Standard,41938.05
7116,Brian Kim,joshuaosborne.7116@example.com,GQ,2025-05-23,Basic,23337.17
7117,Regina Miller,owensstephanie.7117@example.com,BG,2024-04-08,Standard,16756.35
7118,Gerald Johnson,xhorton.7118@example.com,GY,2022-09-07,Basic,29760.27
7119,Michael Villarreal,megansimpson.7119@example.com,IL,2024-02-15,Basic,48348.07
7120,Randy Davidson,sheilabeck.7120@example.com,HN,2022-11-18,Basic,33332.61
7121,Cameron Benson,ortiztiffany.7121@example.com,ES,2021-08-14,Basic,22187.94
7122,Ernest Arnold,dannyanderson.7122@example.com,KW,2023-09-24,Standard,27606.09
7123,Kristen Chan,hillcory.7123@example.com,PA,2025-10-03,Basic,32986.27
7124,Kelsey Hutchinson,qchavez.7124@example.com,HN,2020-12-18,Standard,19645.93
7125,Laura Miller,bjones.7125@example.com,BI,2025-12-12,Standard,2097.30
7126,Peter Snyder,donaldgibbs.7126@example.com,GD,2022-03-20,Premium,21463.32
7127,Stephen Davis,penakaren.7127@example.com,SV,2025-04-03,Standard,4683.57
7128,Latoya Gomez,,CH,2023-10-06,Premium,23005.09
7129,John Carroll,christinejones.7129@example.com,HR,2021-06-09,Premium,10862.47
7130,Stephanie Wallace,aguilarellen.7130@example.com,CA,2020-12-19,Premium,341.62
7131,Rebecca Campbell,teresa35.7131@example.com,SZ,2024-11-22,Standard,14745.33
7132,Heather Payne,dianalopez.7132@example.com,KW,2023-07-11,Premium,25138.56
7133,Michael Barnes,ycarr.7133@example.com,MN,2024-12-23,Basic,21685.08
7134,Annette Ortiz,dclark.7134@example.com,FJ,2025-12-03,Premium,661.80
7135,Michelle Blackburn,vsanchez.7135@example.com,TN,2021-11-19,Standard,45517.63
7136,Theresa Lowery,ajohnson.7136@example.com,LA,2023-11-12,Basic,42433.72
7137,Seth Garrett,christopher63.7137@example.com,SZ,2021-03-20,Basic,31813.77
7138,Donna Conner,kylieburton.7138@example.com,PS,2025-11-28,Basic,30067.67
7139,Austin Lee,melissarichard.7139@example.com,MW,2021-12-26,Premium,39448.08
7140,Donna Kemp,david36.7140@example.com,ES,2021-03-09,Premium,35056.73
7141,John Rodriguez,dwallace.7141@example.com,CZ,2026-05-11,Premium,16195.85
7142,Stacey Buchanan,brendanhicks.7142@example.com,BO,2025-09-22,Basic,25206.79
7143,Robert Vega,gkim.7143@example.com,KG,2023-04-18,Basic,37199.92
7144,Alex Young,pconner.7144@example.com,TT,2021-03-04,Basic,12331.18
7145,Lisa Cole,kathleenosborn.7145@example.com,TD,2024-09-25,Premium,30011.45
7146,Ivan Lee,kemprodney.7146@example.com,PY,2020-06-28,Standard,5276.01
7147,Gerald Lopez,princesteven.7147@example.com,CL,2020-02-20,Premium,12889.40
7148,Katherine Maxwell,rogerschristine.7148@example.com,FR,2026-05-16,Standard,32746.23
7149,Jesus Ward,anthony71.7149@example.com,LI,2020-06-26,Basic,25843.67
7150,Victoria Johnson,williamvelez.7150@example.com,SN,2024-01-14,Standard,24351.59
7151,Garrett Johnson,lydia21.7151@example.com,SZ,2020-02-10,Basic,35707.62
7152,Mary Jimenez,user@example,CY,2020-10-02,Basic,21524.53
7153,Suzanne House,keyjose.7153@example.com,NI,2020-02-08,Standard,2253.10
7154,Michael Farmer,steelechristopher.7154@example.com,CH,2020-04-07,Basic,37318.34
7155,Marie Jones,blackwelljessica.7155@example.com,PW,2021-10-27,Premium,34771.91
7156,Michael Nelson,wallacedonna.7156@example.com,FJ,2025-01-09,Premium,2923.60
7157,Jack Garcia,amy55.7157@example.com,ER,2023-08-09,Premium,33842.16
7158,Daniel Woods,zdelgado.7158@example.com,MR,2022-06-23,Premium,34042.05
7159,Kristen Haney,orodriguez.7159@example.com,GW,2026-03-12,Premium,28082.09
7160,Aaron Brown DDS,zjackson.7160@example.com,LY,2023-09-20,Premium,20489.06
7161,Dale Mendez,chernandez.7161@example.com,IE,2024-09-10,Standard,37125.85
7162,Danny Smith,knunez.7162@example.com,LS,2026-03-25,Standard,38490.83
7163,Lisa Gordon,umason.7163@example.com,SG,2024-11-06,Premium,24243.71
7164,Timothy Harris,teresabutler.7164@example.com,FI,2023-03-04,Standard,31144.29
7165,Carrie Perez,phillipstracy.7165@example.com,LT,2020-05-28,Basic,32759.88
7166,Christina Clark,davidstevens.7166@example.com,MZ,2024-03-11,Standard,49151.72
7167,Joseph Garcia,mariaellis.7167@example.com,GY,2022-05-31,Basic,23914.26
7168,Daniel Patterson,tbeck.7168@example.com,SO,2025-10-19,Standard,24088.75
7169,Micheal Parker,yschmidt.7169@example.com,KN,2024-11-13,Premium,6736.56
7170,Erica Lutz,sarah56.7170@example.com,JO,2024-05-27,Premium,13755.64
7171,Michael Griffin,mgentry.7171@example.com,HR,2025-05-05,Premium,10764.20
7172,Karen Brooks,spencercollins.7172@example.com,DM,2025-06-05,Basic,18115.56
7173,Michelle Whitaker,nduffy.7173@example.com,JM,2023-11-20,Premium,47645.25
7174,Connie Carter,robinsonjerry.7174@example.com,NA,2020-08-31,Premium,17420.80
7175,David Burke,josephgrant.7175@example.com,ER,2022-07-23,Basic,10298.84
7176,Alex Gordon,youngbenjamin.7176@example.com,CD,2022-09-25,Standard,44152.98
7177,Roger Williams,,UG,2023-09-13,Basic,43562.41
7178,Mason Gonzalez,griffindonna.7178@example.com,GM,2021-03-24,Basic,11103.37
7179,Angela Wright,dominguezanthony.7179@example.com,ZW,2025-07-06,Premium,37684.14
7180,Bridget Morris,millercatherine.7180@example.com,ET,2020-10-20,Basic,12049.36
7181,Autumn Johnson,amybarker.7181@example.com,CH,2024-01-17,Standard,19010.85
7182,Brent Roberts,stokesmartin.7182@example.com,AO,2024-08-27,Basic,3696.22
7183,Samuel Ramirez,christinaharris.7183@example.com,CG,2024-01-06,Standard,16690.33
7184,Amy Mullen,xjones.7184@example.com,UG,2024-01-28,Basic,37098.75
7185,Ashley Hall,kimberlyhiggins.7185@example.com,GD,2020-07-16,Standard,30474.69
7186,Nancy Moreno,smithelizabeth.7186@example.com,CM,2021-11-27,Basic,6143.79
7187,Sean White,phillipstammy.7187@example.com,KI,2020-03-07,Premium,1896.71
7188,Adrian Swanson,yvalenzuela.7188@example.com,JP,2021-10-29,Premium,41624.97
7189,Alec Davis,oirwin.7189@example.com,CO,2022-01-26,Standard,17351.55
7190,Chase Baker,donaldnelson.7190@example.com,SV,2025-02-04,Basic,41683.40
7191,Sarah Rice,brandywhite.7191@example.com,TH,2025-11-19,Premium,37714.54
7192,Anthony Hernandez,bobby60.7192@example.com,BE,2023-04-02,Basic,39687.87
7193,Colleen Harrison,philip46.7193@example.com,TG,2023-03-08,Premium,20171.21
7194,Philip Mcdaniel,xnavarro.7194@example.com,RW,2026-01-28,Premium,497.46
7195,Michelle Sanchez,lisa44.7195@example.com,LS,2020-04-19,Premium,21065.51
7196,Matthew Hart,lewisjennifer.7196@example.com,BD,2022-03-18,Basic,48730.75
7197,Kyle Kaiser,munozrenee.7197@example.com,CI,2023-10-14,Standard,47694.09
7198,Anthony Austin,ryanjohnson.7198@example.com,NO,2025-09-26,Premium,31934.47
7199,Reginald Harmon,mark92.7199@example.com,ZA,2023-12-29,Basic,5579.97
7200,Thomas Sutton,hgraham.7200@example.com,GH,2022-04-29,Standard,4117.13
7201,Tracy Pearson,patriciacarter.7201@example.com,NI,2021-04-11,Basic,10820.62
7202,George Dean,camachoelizabeth.7202@example.com,NA,2022-09-22,Standard,24873.61
7203,Jason Smith,jenna12.7203@example.com,KE,2022-10-30,Basic,29052.88
7204,Timothy Glover,kathrynsanchez.7204@example.com,MH,2025-04-26,Premium,28261.03
7205,Andrew Palmer,laurenthompson.7205@example.com,ZM,2022-01-21,Basic,49566.94
7206,Michael Andrews,bbernard.7206@example.com,MD,2023-03-04,Standard,27939.84
7207,Nicole Peterson,njohnson.7207@example.com,CD,2021-04-26,Standard,11157.50
7208,Jeffrey Simmons,nathan34.7208@example.com,PY,2021-04-11,Premium,6719.60
7209,David Medina,caldwelldavid.7209@example.com,CV,2021-09-21,Standard,20785.43
7210,Mr. Ronald Douglas,sbarnett.7210@example.com,DO,2022-03-03,Basic,36918.45
7211,Jasmine Mcguire,paula86.7211@example.com,ST,2025-01-24,Premium,9236.39
7212,Brittany Jacobs,angela38.7212@example.com,MC,2023-09-25,Premium,49945.24
7213,Ricardo Acevedo,joshuapowers.7213@example.com,NL,2020-05-21,Standard,3422.94
7214,Jeffrey Harris,alexanderchavez.7214@example.com,CV,2022-02-17,Standard,18210.68
7215,Teresa Barker,salinaskatherine.7215@example.com,NP,2026-03-12,Premium,40215.13
7216,Carlos Hill,nnelson.7216@example.com,IL,2021-08-13,Standard,48959.07
7217,Dwayne Stephenson,bartonvicki.7217@example.com,NG,2026-07-06,Basic,43948.95
7218,Katherine Wilson,blacklisa.7218@example.com,TJ,2026-01-08,Standard,20548.97
7219,Jessica Davila,annecarroll.7219@example.com,NI,2024-10-14,Standard,27892.97
7220,Desiree Parker,michaelmosley.7220@example.com,FM,2026-01-11,Premium,36459.77
7221,Patricia Moore,morganpatrick.7221@example.com,LI,2025-11-04,Premium,44942.58
7222,Christina Ayers,gsmith.7222@example.com,BY,2020-12-08,Standard,9.18
7223,Madeline Wilcox,cooperamanda.7223@example.com,DZ,2024-12-28,Premium,31235.91
7224,David Hayden,kathryn39.7224@example.com,AG,2023-05-07,Premium,10157.61
7225,Chelsea Gallagher,matthew10.7225@example.com,NG,2021-05-26,Premium,10008.90
7226,Joseph Williams,glennbrianna.7226@example.com,CO,2024-01-06,Premium,48290.31
7227,Aaron Lozano,anthony70.7227@example.com,BS,2026-02-05,Basic,22956.67
7228,Christopher Martinez,fryejessica.7228@example.com,CM,2023-12-18,Basic,49034.36
7229,Dr. Kyle Anderson PhD,heatherpowers.7229@example.com,CA,2025-11-03,Basic,37616.12
7230,Mariah Munoz,victoriabooth.7230@example.com,VC,2024-08-03,Basic,25626.94
7231,Jonathan Garcia,emurphy.7231@example.com,JO,2024-08-30,Standard,39213.52
7232,Carlos Dominguez,juanward.7232@example.com,LU,2023-02-04,Basic,38730.06
7233,Stephanie Gonzalez,ubuckley.7233@example.com,KP,2023-11-08,Premium,710.87
7234,Yvonne Avery,barajasmario.7234@example.com,SR,2023-02-02,Basic,8965.31
7235,Jennifer Nguyen,wgutierrez.7235@example.com,GQ,2022-11-28,Premium,34922.40
7236,Nicole Vargas,jennifer43.7236@example.com,DZ,2024-02-07,Standard,38447.41
7237,Marcia Johnson,mitchellharper.7237@example.com,KP,2026-08-23,Standard,29642.19
7238,Bobby Compton,kgould.7238@example.com,SL,2022-06-12,Basic,2839.19
7239,Michael Maynard,twilson.7239@example.com,NO,2026-02-23,Standard,11980.11
7240,Susan Munoz,timothyhale.7240@example.com,LK,2021-12-30,Standard,8387.35
7241,William King,pamelaowens.7241@example.com,SK,2025-11-21,Standard,462.14
7242,Patrick Martinez,williamgriffith.7242@example.com,PY,2024-10-04,Premium,47636.25
7243,Jessica Cole,dennis70.7243@example.com,AO,2022-03-13,Basic,2994.76
7244,William Ward,gcollins.7244@example.com,KR,2022-08-13,Premium,30595.98
7245,Steven Rose DVM,kstevenson.7245@example.com,LB,2020-08-08,Basic,7064.04
7246,Ronald Bell,john37.7246@example.com,NR,2024-09-09,Standard,33686.14
7247,Michael Blair,lucaspadilla.7247@example.com,JP,2022-09-12,Basic,43955.76
7248,Melissa Cline,nharris.7248@example.com,AR,2025-07-05,Basic,27742.11
7249,Nicole Thompson,lucas06.7249@example.com,LV,2024-07-08,Premium,8289.82
7250,Melissa Rodriguez,oclark.7250@example.com,SL,2026-05-19,Basic,29267.22
7251,Lynn Hall,danasmith.7251@example.com,PS,2024-06-30,Standard,9531.35
7252,James Howard,joan61.7252@example.com,NG,2021-10-21,Standard,2238.86
7253,Mark Bishop,edwardwoodard.7253@example.com,SB,2022-12-15,Premium,46084.32
7254,Louis Leon,christopherjordan.7254@example.com,ZA,2023-02-12,Basic,42531.34
7255,David Larson,oliverashley.7255@example.com,BN,2023-10-07,Premium,16318.50
7256,Karen Miller,csmith.7256@example.com,NP,2024-06-06,Premium,16247.53
7257,Jennifer Green,michaelfernandez.7257@example.com,PW,2023-05-18,Standard,216.49
7258,Christopher Barker,johnny07.7258@example.com,GE,2021-12-20,Premium,45764.47
7259,Randy Thomas,bhenson.7259@example.com,OM,2022-01-14,Premium,43485.20
7260,Paul Garner,ericabrown.7260@example.com,MC,2020-06-26,Premium,46572.58
7261,Chad Simon,lthomas.7261@example.com,BE,2022-05-01,Basic,36577.01
7262,Mrs. Tracey Esparza MD,gainesangela.7262@example.com,KE,2024-11-26,Premium,31651.04
7263,Angela Brown,rblake.7263@example.com,DO,2021-05-14,Basic,29155.80
7264,Maria Taylor,not-an-email,SK,2024-09-10,Standard,10972.08
7265,Stephanie Olson,martinezmelanie.7265@example.com,MR,2022-08-15,Basic,33392.20
7266,Ashley Miller,ssmith.7266@example.com,BD,2022-05-02,Basic,15507.95
7267,Edward Reed,jamesflowers.7267@example.com,GM,2025-06-06,Basic,17341.75
7268,Terri Warner,bsmith.7268@example.com,SE,2025-07-14,Premium,45213.79
7269,Wendy Taylor,joelsullivan.7269@example.com,SM,2023-07-29,Premium,46260.08
7270,Ronald Haley,damonbeltran.7270@example.com,MU,2020-01-19,Basic,48974.51
7271,Stephen Flowers,twright.7271@example.com,LS,2025-09-03,Basic,1601.07
7272,Anthony Brown,kmiller.7272@example.com,GA,2025-08-01,Premium,21080.35
7273,Zachary Smith,obrienlori.7273@example.com,GD,2024-12-05,Standard,13926.84
7274,Carl Brock,kclark.7274@example.com,NL,2026-05-01,Standard,48664.87
7275,Annette Alexander,doylejoseph.7275@example.com,LY,2024-06-29,Basic,10871.15
7276,David Johnson,laurenmorris.7276@example.com,SD,2024-08-19,Premium,22130.75
7277,Rachel Scott,archeremily.7277@example.com,DE,2021-10-24,Standard,24807.77
7278,Kimberly Montgomery,jennacarroll.7278@example.com,SN,2020-02-13,Premium,18528.66
7279,Joseph Petty,hopkinssteven.7279@example.com,UY,2022-05-23,Standard,29684.97
7280,Jeffery Bailey,staceychristian.7280@example.com,CM,2024-09-10,Premium,37362.37
7281,Andrew Davis,millerjamie.7281@example.com,SA,2026-02-23,Standard,18397.74
7282,Heather Allen,scott33.7282@example.com,GE,2021-12-03,Basic,26094.91
7283,Victoria Salazar,cbrown.7283@example.com,BJ,2021-06-26,Standard,36070.30
7284,Emma Martinez,foxmichael.7284@example.com,FI,2020-12-02,Standard,21802.05
7285,Michelle Smith,gross.7285@example.com,ES,2021-05-15,Premium,18924.34
7286,Jose Waters,millermichael.7286@example.com,AL,2022-04-05,Standard,46182.83
7287,Tina Cherry,ghill.7287@example.com,PE,2022-11-17,Premium,5664.21
7288,Kimberly Berry,christopherallen.7288@example.com,EG,2026-01-20,Premium,35264.71
7289,Emily Miller,michaelakirk.7289@example.com,TT,2026-09-18,Standard,7494.11
7290,William Chandler,,AL,2024-04-28,Basic,20770.06
7291,Jeffrey Haney,patricia69.7291@example.com,BG,2023-03-30,Basic,25491.35
7292,William Nguyen,fbrown.7292@example.com,AO,2024-01-14,Basic,27807.07
7293,David Phillips,cody68.7293@example.com,PL,2022-08-14,Basic,25081.30
7294,Lawrence Walker,joshua56.7294@example.com,SO,2022-12-20,Standard,48191.57
7295,Andrew Torres,victor66.7295@example.com,ET,2024-08-09,Standard,9049.97
7296,Kelly King,brucejoshua.7296@example.com,GT,2024-12-05,Standard,22847.11
7297,Benjamin Gonzalez,jonathanruiz.7297@example.com,SZ,2022-02-05,Basic,19076.38
7298,Jason Mcguire,eyoung.7298@example.com,LR,2020-02-17,Basic,5448.84
7299,Stephanie Curry,lisalogan.7299@example.com,KR,2020-10-29,Basic,46347.25
7300,Brenda Green,smithstephanie.7300@example.com,TV,2021-07-16,Basic,17931.89
7301,Pamela Scott,browncorey.7301@example.com,EC,2021-01-19,Premium,45244.74
7302,Susan Henson,cunninghamscott.7302@example.com,AU,2026-03-03,Premium,11199.29
7303,John Yang,dgordon.7303@example.com,AO,2021-09-24,Basic,21110.84
7304,Jacqueline Reynolds,lmullins.7304@example.com,FJ,2023-06-23,Premium,15271.31
7305,Kristopher Miranda,david65.7305@example.com,TM,2020-12-22,Basic,38007.66
7306,Jennifer Hart,reginaperez.7306@example.com,TV,2020-02-03,Standard,21174.93
7307,Justin Obrien,fletcherlaura.7307@example.com,CF,2023-03-21,Basic,15290.82
7308,Monica Simpson,bsweeney.7308@example.com,MD,2025-04-14,Basic,22358.37
7309,Amanda Perkins,cantrelldeborah.7309@example.com,LI,2023-06-06,Standard,35459.11
7310,Mr. Douglas Stewart,richardsonsierra.7310@example.com,SE,2021-09-21,Standard,19405.86
7311,Brian Miller,contrerasalyssa.7311@example.com,HN,2020-04-20,Premium,38488.28
7312,Catherine Miller,lauriecline.7312@example.com,SM,2021-10-09,Basic,33716.81
7313,Robert Glass,amycurtis.7313@example.com,BH,2024-06-22,Basic,49723.03
7314,Christopher Allen,zsteele.7314@example.com,GY,2023-03-23,Basic,34691.27
7315,James Johnson,ojones.7315@example.com,KI,2025-10-03,Premium,32125.54
7316,Raven Perry,greenfred.7316@example.com,CM,2021-12-21,Premium,25940.07
7317,Joshua Anderson,robinjones.7317@example.com,GW,2022-10-29,Standard,43777.61
7318,Megan Williams,stephanie38.7318@example.com,KI,2026-08-04,Basic,47319.70
7319,Brian Whitehead,hannah10.7319@example.com,BR,2021-12-05,Premium,8066.07
7320,Frank Hernandez,lramos.7320@example.com,SA,2026-03-25,Basic,1121.59
7321,Scott Kelley,qcherry.7321@example.com,TV,2024-06-09,Basic,32696.82
7322,Jeffrey Boyd,not-an-email,PW,2024-02-02,Premium,18675.19
7323,Jessica Campbell,josefitzgerald.7323@example.com,GR,2024-02-19,Standard,3369.61
7324,Mark Gomez,ohensley.7324@example.com,IQ,2025-07-15,Premium,27376.54
7325,Susan Meza,blankenshipdorothy.7325@example.com,MX,2020-11-28,Standard,40801.50
7326,Samuel Fowler,thomasdebbie.7326@example.com,WS,2023-02-12,Basic,23547.79
7327,Lori Wilcox,brittanyboyd.7327@example.com,PH,2020-05-06,Basic,28669.92
7328,Anthony Deleon,bowenlisa.7328@example.com,FJ,2021-08-23,Standard,24833.17
7329,Martha Hoffman,jennifer41.7329@example.com,TZ,2022-03-17,Premium,21920.85
7330,Kimberly Shaw,smithluis.7330@example.com,JP,2022-08-31,Standard,4676.92
7331,Nicholas Ward,andersoncarol.7331@example.com,MH,2024-12-18,Standard,11045.39
7332,Sarah Duran,davisdawn.7332@example.com,AT,2023-11-21,Basic,15489.23
7333,Nathan Morse,stevenhall.7333@example.com,MR,2021-01-31,Standard,26349.15
7334,Timothy Thomas,scott02.7334@example.com,GN,2020-05-10,Premium,19123.69
7335,Amber Fowler,christopherbaird.7335@example.com,OM,2026-05-05,Standard,1137.60
7336,Heather Johnson,castillodaniel.7336@example.com,BJ,2022-07-08,Premium,23179.63
7337,Allison Lowe PhD,gregoryzachary.7337@example.com,CA,2020-11-16,Standard,31932.40
7338,Mandy Nixon,philliphobbs.7338@example.com,RS,2026-07-07,Premium,3584.41
7339,Tracy Wilson,grantalexandra.7339@example.com,SV,2024-02-16,Standard,42350.69
7340,William Suarez,michaelross.7340@example.com,BI,2024-06-11,Standard,16332.30
7341,Rhonda Mcbride,ujenkins.7341@example.com,ET,2020-06-12,Premium,44329.77
7342,Justin Ayers,timothy28.7342@example.com,UZ,2025-06-24,Standard,12413.51
7343,Christina Buchanan,jasonwerner.7343@example.com,LK,2025-01-02,Standard,36700.18
7344,Hannah Reed,ssexton.7344@example.com,CI,2026-08-21,Basic,12095.18
7345,Curtis Williams,kristin55.7345@example.com,ZM,2020-12-10,Premium,37030.32
7346,Karen Simmons,kparker.7346@example.com,IQ,2022-06-13,Premium,14392.85
7347,Jessica Coleman,jkemp.7347@example.com,VN,2022-06-01,Premium,2009.66
7348,Stephanie Reese,jkeller.7348@example.com,CY,2024-09-21,Premium,42757.77
7349,Robert Peterson,brownscott.7349@example.com,DE,2022-05-30,Basic,40394.94
7350,Alex Weber,kennedyjessica.7350@example.com,NE,2022-12-13,Standard,37071.84
7351,Cindy Walker,cponce.7351@example.com,SA,2026-01-21,Premium,20904.75
7352,Kyle Caldwell,santostina.7352@example.com,IE,2020-07-24,Standard,19494.74
7353,Denise Daniel,vargaserika.7353@example.com,ZA,2024-06-01,Standard,46268.06
7354,Russell Brown,tanyacarter.7354@example.com,DE,2020-03-20,Standard,42408.08
7355,Chad Mcguire,melissahill.7355@example.com,PY,2020-12-24,Basic,9275.75
7356,Patricia Valentine,eday.7356@example.com,AT,2022-02-22,Premium,24854.13
7357,Andrew Ray,cpoole.7357@example.com,SY,2026-01-25,Basic,32879.81
7358,Yvette Diaz,webbkevin.7358@example.com,TL,2022-08-19,Basic,12341.71
7359,Andrew Hall,xhernandez.7359@example.com,GW,2024-07-04,Standard,10167.23
7360,Christopher Torres,cynthiahood.7360@example.com,CG,2024-05-11,Basic,20165.03
7361,Andrew Watkins,cindyjohnson.7361@example.com,UG,2023-05-29,Basic,46682.80
7362,Mrs. Ashley Jordan,suzannedodson.7362@example.com,PL,2023-11-13,Premium,16047.30
7363,Benjamin Thomas,samuel19.7363@example.com,KI,2023-10-24,Standard,16623.65
7364,Emma Oliver,melanielowery.7364@example.com,PK,2022-05-27,Standard,48316.27
7365,Charles Evans,tylerpatterson.7365@example.com,AR,2020-03-13,Premium,19797.84
7366,Kent Diaz,garciamichael.7366@example.com,MZ,2020-11-14,Standard,23387.78
7367,Robert Wang,kfrazier.7367@example.com,AG,2023-08-21,Premium,47108.57
7368,David Grimes,mindyyoder.7368@example.com,SN,2025-04-26,Premium,36618.46
7369,Krista Aguilar,jeremychang.7369@example.com,CL,2026-06-09,Basic,3660.73
7370,Nicholas Brewer,amber87.7370@example.com,PG,2025-12-25,Standard,30891.09
7371,Nicole Kennedy,bergerjane.7371@example.com,AF,2025-06-04,Basic,9055.82
7372,Nicholas Johnson,michael82.7372@example.com,BZ,2023-04-27,Premium,22693.37
7373,Steven Ray,christine48.7373@example.com,NL,2024-12-17,Standard,17744.34
7374,Douglas Sanchez,stevenwashington.7374@example.com,YE,2025-03-16,Basic,20648.00
7375,Arthur Collier MD,xstevens.7375@example.com,KE,2026-01-08,Standard,1556.06
7376,William Weber,bishopkatherine.7376@example.com,AO,2024-05-08,Basic,43560.91
7377,Eric Berg,kurttorres.7377@example.com,KN,2024-04-13,Premium,15873.77
7378,Amanda Barrett,fhughes.7378@example.com,HU,2025-11-12,Standard,25504.72
7379,Rebecca Watts,williamhenderson.7379@example.com,OM,2023-02-03,Basic,39922.36
7380,Michelle Tran,phillipsbrandy.7380@example.com,TT,2025-09-10,Standard,27741.09
7381,Haley Rivera,thomas66.7381@example.com,GH,2022-12-15,Standard,4243.53
7382,Nicholas Haney,erinlewis.7382@example.com,VN,2020-03-30,Premium,47484.08
7383,Jessica Nguyen,paige68.7383@example.com,TG,2020-11-09,Basic,27278.16
7384,Rachel Hamilton,jerome74.7384@example.com,SC,2022-06-10,Basic,41610.18
7385,Tyler Webb,ryancohen.7385@example.com,VU,2024-01-26,Premium,31839.02
7386,Daniel Bell,christopher87.7386@example.com,TL,2024-11-16,Standard,21801.63
7387,Kristen Fritz,rothallen.7387@example.com,MH,2024-11-27,Standard,14253.61
7388,Emma Berry,aaronferguson.7388@example.com,MU,2026-01-18,Standard,23032.91
7389,John Carroll,powersbrandon.7389@example.com,BZ,2023-10-27,Basic,33091.47
7390,Edwin Farley,paul82.7390@example.com,SK,2025-08-30,Basic,6521.06
7391,Mrs. Melissa Manning,pbutler.7391@example.com,NP,2025-10-29,Premium,18373.79
7392,Eric Harris,christopher73.7392@example.com,JP,2022-03-05,Premium,21506.44
7393,Nicole Kirby,jenniferchandler.7393@example.com,DZ,2023-06-15,Premium,22545.51
7394,Darius Mckinney,gardnerkatie.7394@example.com,SD,2023-01-17,Standard,12454.58
7395,Louis Blair,vklein.7395@example.com,AL,2021-10-06,Standard,25213.43
7396,Judy Chan,user@example,BN,2020-05-02,Standard,16639.64
7397,Brooke Mendoza,christopherjohns.7397@example.com,HT,2020-10-20,Premium,43879.04
7398,Cheryl Smith,harmonrichard.7398@example.com,TJ,2026-05-11,Standard,28330.03
7399,Jennifer Chase,iwalsh.7399@example.com,SR,2023-01-25,Standard,34390.64
7400,Christopher Jones,hrobles.7400@example.com,MU,2023-04-15,Standard,11250.60
7401,Katelyn Valentine,shansen.7401@example.com,IL,2026-02-19,Premium,45672.83
7402,Bruce Taylor,gregory50.7402@example.com,SB,2024-08-17,Standard,41153.34
7403,Laura Bailey,baileyjones.7403@example.com,KP,2020-04-19,Basic,27792.66
7404,Christine Wise,ahoffman.7404@example.com,ZM,2023-04-02,Basic,29553.53
7405,Mario Anderson,avance.7405@example.com,ET,2024-11-26,Basic,45085.56
7406,Carmen Wells,faith41.7406@example.com,TD,2020-05-23,Basic,1423.74
7407,Carly Jimenez,pjimenez.7407@example.com,TM,2022-03-20,Basic,6693.85
7408,Brett Bowman,brendamendez.7408@example.com,SM,2022-10-18,Basic,34374.18
7409,Raymond Jenkins,joneill.7409@example.com,FJ,2021-01-30,Basic,35569.10
7410,Leah Brown,jshaffer.7410@example.com,CU,2021-05-23,Standard,24325.54
7411,Christopher Escobar,robert84.7411@example.com,AD,2026-08-23,Standard,18497.18
7412,Elizabeth Branch,jessica56.7412@example.com,NP,2024-10-31,Premium,12124.03
7413,Ryan Salazar,vroberts.7413@example.com,GY,2024-05-20,Basic,24476.99
7414,Andrew King,kellyholt.7414@example.com,SG,2025-07-01,Standard,961.20
7415,Jennifer Ware,clinejames.7415@example.com,PS,2026-06-10,Basic,6990.34
7416,William Thomas,carolortega.7416@example.com,KH,2020-07-30,Basic,2275.53
7417,Stephanie Huynh,michaelhanson.7417@example.com,GQ,2022-12-07,Premium,16163.63
7418,Stephanie Walter,mccormickronald.7418@example.com,DJ,2021-05-16,Standard,21417.17
7419,Jerome Galloway,ygardner.7419@example.com,GT,2026-04-24,Standard,41377.53
7420,Anthony Rogers,oblackburn.7420@example.com,VC,2023-05-30,Basic,3707.09
7421,Paul Campbell,heatherjones.7421@example.com,KG,2022-11-24,Standard,15948.69
7422,James Mccoy,wriley.7422@example.com,SZ,2023-12-25,Standard,14542.30
7423,Gabriel Kaiser,troymclaughlin.7423@example.com,QA,2023-02-27,Basic,21804.40
7424,Paul King,tracy43.7424@example.com,JM,2022-12-07,Premium,37058.90
7425,Scott Vargas,jennifer44.7425@example.com,SY,2024-04-24,Premium,15414.27
7426,Rebecca Johnson,steven15.7426@example.com,CI,2023-09-08,Standard,25316.53
7427,Ryan Moore,allison84.7427@example.com,SL,2023-07-01,Basic,21395.31
7428,Bonnie Leach,jessicacarter.7428@example.com,NA,2024-03-27,Standard,46241.69
7429,Jessica Thompson,jameslara.7429@example.com,TL,2022-08-28,Standard,17334.45
7430,Janice Anderson,denise49.7430@example.com,ZW,2024-11-03,Standard,25855.89
7431,Robert Cook,daniel04.7431@example.com,PL,2022-07-05,Premium,16798.08
7432,Kimberly Blair,johngarza.7432@example.com,FI,2024-12-26,Standard,43433.39
7433,Adam Villegas,jessicamoore.7433@example.com,CO,2025-08-15,Basic,45958.09
7434,Sarah Nicholson,connie84.7434@example.com,YE,2020-01-03,Standard,25609.54
7435,Destiny Wolfe,juliechristian.7435@example.com,IS,2020-02-29,Basic,1291.50
7436,Emily Tucker,mary17.7436@example.com,RS,2024-02-08,Premium,1.33
7437,Nancy Smith,jasonjackson.7437@example.com,SA,2023-01-01,Premium,33936.64
7438,Anna Garrison,ryan67.7438@example.com,MU,2023-08-04,Premium,49529.40
7439,Matthew May,zachary37.7439@example.com,AU,2020-06-13,Premium,27526.72
7440,Christopher Webster,ronald53.7440@example.com,SB,2024-02-15,Standard,20310.41
7441,Alexis Graham,watkinsdavid.7441@example.com,MH,2020-04-16,Basic,1868.87
7442,Jessica Hill,ernest43.7442@example.com,BR,2021-09-18,Basic,32086.57
7443,Kevin Lawrence,awiggins.7443@example.com,NR,2022-08-07,Basic,10444.47
7444,Mark Singh,nancy61.7444@example.com,DZ,2022-05-29,Premium,31232.94
7445,Joseph Cohen,wjenkins.7445@example.com,SK,2022-10-14,Standard,7.34
7446,Richard Baker,kdiaz.7446@example.com,MD,2026-02-10,Standard,19683.50
7447,Sarah Rivera,watsonsabrina.7447@example.com,MD,2022-08-10,Standard,44380.49
7448,Jason James,tammietownsend.7448@example.com,MN,2024-08-07,Basic,14943.91
7449,Jason Rogers,clarkjennifer.7449@example.com,ME,2024-06-08,Standard,45058.97
7450,Corey Webb,lmiller.7450@example.com,DJ,2025-12-24,Premium,41032.23
7451,Adriana Smith,milleredwin.7451@example.com,GN,2023-07-11,Premium,1542.79
7452,Sharon Powell,ebush.7452@example.com,GA,2025-11-17,Basic,47040.40
7453,Mark Jackson,justin78.7453@example.com,SI,2024-02-08,Premium,7027.62
7454,Angela Mitchell,fisherlarry.7454@example.com,IS,2023-02-21,Premium,28194.75
7455,Brandon Hudson,vthornton.7455@example.com,PH,2020-04-30,Premium,9725.16
7456,Michael Green,kelly32.7456@example.com,HR,2020-08-22,Premium,22024.09
7457,Lauren Lee,meghan99.7457@example.com,GE,2026-07-01,Basic,17145.48
7458,Ronnie Johnson,nlucero.7458@example.com,FM,2025-03-30,Basic,226.75
7459,Tanya Copeland,sanderssarah.7459@example.com,WS,2022-05-05,Premium,47683.38
7460,Jennifer Sawyer,ykent.7460@example.com,NG,2026-03-27,Premium,47165.41
7461,Allen Collins,anna42.7461@example.com,AM,2026-06-25,Standard,9161.65
7462,Amanda Bennett,ashley44.7462@example.com,TJ,2021-11-23,Standard,44972.23
7463,Jessica Powers,allenryan.7463@example.com,FJ,2025-09-21,Standard,19028.60
7464,Christina Kennedy,robertsdonald.7464@example.com,NA,2023-03-08,Standard,3519.56
7465,Christian Cruz,georgejill.7465@example.com,LB,2024-04-20,Premium,5444.48
7466,Derek Stephens,bartonrichard.7466@example.com,PY,2023-07-06,Premium,43799.88
7467,Chad Garrett,michael77.7467@example.com,PK,2025-08-22,Standard,9561.23
7468,Stephen Greene,lewisjoshua.7468@example.com,IE,2024-06-27,Standard,21266.99
7469,Thomas Sanders,croberts.7469@example.com,BD,2025-07-07,Standard,40616.57
7470,Christopher Ellis,jenna56.7470@example.com,JP,2021-03-05,Basic,47050.19
7471,Angela Davies,davidsmith.7471@example.com,BS,2022-08-12,Premium,19070.42
7472,Rhonda Rose,heathershaw.7472@example.com,FI,2024-03-11,Premium,47168.95
7473,Holly Hayes,awilkinson.7473@example.com,MX,2021-12-27,Basic,8290.09
7474,Sara Vazquez,cherylrush.7474@example.com,NE,2023-09-02,Premium,30383.96
7475,Paul Watkins,rodriguezcatherine.7475@example.com,GA,2024-05-23,Premium,45086.02
7476,Brent Bean,stephanie15.7476@example.com,GY,2025-05-13,Premium,42584.77
7477,Daniel White,christopherday.7477@example.com,GR,2025-09-04,Standard,30894.67
7478,Anne Smith,cookkevin.7478@example.com,SE,2021-09-25,Premium,42379.46
7479,Thomas King,romerojeffrey.7479@example.com,KM,2021-06-10,Standard,1796.83
7480,Teresa Knapp,clarkalexandra.7480@example.com,NO,2021-09-19,Basic,25795.09
7481,Melissa Anderson,lindsayandrews.7481@example.com,GW,2022-11-18,Basic,16184.62
7482,Frank Brown,farrellbrett.7482@example.com,BF,2022-06-22,Premium,45055.89
7483,Richard Patterson,weavermonica.7483@example.com,JM,2021-09-17,Basic,35312.96
7484,David Meyer,ramirezcrystal.7484@example.com,PY,2020-11-16,Basic,13731.21
7485,Sheena Stokes,richard34.7485@example.com,LS,2024-04-28,Premium,41937.26
7486,Stacey Walker,jacob77.7486@example.com,FJ,2022-04-15,Standard,11923.92
7487,Elizabeth Goodwin,teresastephens.7487@example.com,ZA,2022-09-15,Standard,1025.93
7488,Danielle Moore,suttoncynthia.7488@example.com,NO,2023-09-12,Basic,1079.46
7489,Christine Soto,wheelerrebecca.7489@example.com,TO,2026-08-21,Basic,18032.90
7490,Tyler Miles,powelldavid.7490@example.com,HN,2025-09-15,Standard,36648.01
7491,Christy Flores,michelle85.7491@example.com,JO,2021-06-13,Premium,45244.29
7492,John Le,melanie77.7492@example.com,VU,2025-03-12,Standard,44291.80
7493,Michael Ramsey,nhuffman.7493@example.com,AF,2022-06-25,Premium,26111.85
7494,Timothy Powell,haynesanthony.7494@example.com,SM,2024-07-01,Standard,23269.85
7495,Robert Martin,josephashley.7495@example.com,ML,2024-09-09,Basic,27115.08
7496,Leah Castillo,april01.7496@example.com,PK,2020-08-13,Basic,25338.44
7497,Theodore Lee,fclarke.7497@example.com,SN,2020-08-27,Basic,15090.95
7498,Jeffrey Chen,edwardbrown.7498@example.com,FM,2021-01-10,Premium,66.12
7499,Stephanie Brown,sterrell.7499@example.com,PY,2021-05-20,Standard,37128.10
7500,Jessica Miller,sarah03.7500@example.com,LR,2022-11-07,Premium,25303.77
7501,Brian Pope,aliciaserrano.7501@example.com,KM,2025-09-27,Premium,31813.09
7502,Antonio Johnson,schultzjacqueline.7502@example.com,MX,2024-08-20,Standard,23686.74
7503,Ryan Tran,justin45.7503@example.com,ER,2020-03-26,Standard,20740.09
7504,Jason Lawson,nmoody.7504@example.com,PA,2021-10-17,Premium,48923.11
7505,Joshua Hammond,aflores.7505@example.com,WS,2024-05-06,Basic,38622.10
7506,Brenda Nelson,christopherroberts.7506@example.com,GB,2021-08-07,Premium,40905.83
7507,Brianna Reynolds,abartlett.7507@example.com,NI,2022-05-18,Basic,23425.53
7508,Claudia Cowan,sarahrobinson.7508@example.com,BI,2025-03-12,Premium,18157.67
7509,Martin Hopkins,leematthew.7509@example.com,SO,2024-05-20,Basic,6285.66
7510,Summer Kennedy,obarton.7510@example.com,LA,2023-03-31,Standard,49803.16
7511,Regina Smith,thomasruiz.7511@example.com,AT,2020-10-16,Standard,27540.18
7512,Adam Williams,lhoward.7512@example.com,TJ,2020-03-12,Basic,25505.64
7513,Harold Hernandez,dawngonzales.7513@example.com,NL,2023-08-05,Standard,49327.94
7514,Jason Acosta,fpayne.7514@example.com,AM,2022-05-25,Basic,41219.92
7515,Rachel Ingram,martha65.7515@example.com,TN,2022-09-23,Premium,38856.93
7516,Phillip Kennedy,kingmarcus.7516@example.com,IT,2024-03-04,Premium,6255.14
7517,Ronnie Alexander,castillomonique.7517@example.com,NR,2024-08-23,Standard,15921.53
7518,Michele Mayo,nmaynard.7518@example.com,MA,2023-10-03,Basic,26766.92
7519,Philip Padilla,hmcconnell.7519@example.com,MU,2022-09-16,Basic,33610.75
7520,Rhonda Torres,jamessmith.7520@example.com,MY,2025-09-15,Premium,35482.92
7521,Crystal Ferguson,timothyalvarado.7521@example.com,WS,2025-10-05,Basic,36972.16
7522,Kevin Aguilar,jeffreyross.7522@example.com,NA,2025-10-31,Premium,42706.15
7523,Jessica Webb,stephenshepard.7523@example.com,MT,2025-03-21,Premium,26054.46
7524,Jennifer Marshall,simsian.7524@example.com,DE,2026-02-18,Basic,44111.38
7525,Blake Lee,acoffey.7525@example.com,SG,2021-03-09,Basic,30438.46
7526,Anthony Thomas,phyllismora.7526@example.com,BO,2026-04-01,Premium,34317.35
7527,John Thompson,millerkristen.7527@example.com,UA,2022-05-26,Premium,39432.99
7528,Kelly Bailey,rodneygarrett.7528@example.com,HT,2026-04-15,Basic,7212.90
7529,Marissa Brown,daniel97.7529@example.com,JP,2025-02-06,Premium,45540.05
7530,Eric Webster,vspears.7530@example.com,BE,2026-08-12,Premium,20177.21
7531,Sandra Jones,vanessa64.7531@example.com,LY,2022-07-21,Premium,44074.71
7532,Alexander Williams,mcgeepatrick.7532@example.com,TO,2022-12-11,Premium,37623.28
7533,Trevor Quinn,,BB,2021-01-11,Standard,32002.08
7534,Austin Scott,qrios.7534@example.com,FI,2024-05-10,Premium,31467.42
7535,Michael Adams,daltonrivera.7535@example.com,CM,2024-12-01,Basic,36332.21
7536,Monica Long,misty18.7536@example.com,AU,2024-02-03,Basic,1471.49
7537,Philip Eaton,kathleen01.7537@example.com,HR,2025-09-29,Standard,4734.00
7538,Daniel Collier,brian02.7538@example.com,KZ,2021-05-14,Premium,9844.30
7539,Christina Davis,bishoprobert.7539@example.com,WS,2022-03-07,Premium,22877.99
7540,Denise Palmer,schmidtdale.7540@example.com,SD,2023-03-08,Standard,13106.93
7541,Amy Beck,daniel95.7541@example.com,PY,2025-01-01,Standard,19567.65
7542,Whitney Sandoval,loriwebb.7542@example.com,HN,2020-01-04,Basic,38294.87
7543,Justin Tucker,steven51.7543@example.com,OM,2024-02-25,Standard,12835.31
7544,Brian Schwartz,smithhaley.7544@example.com,SG,2023-02-05,Standard,25121.72
7545,Sheila Rios,troyjensen.7545@example.com,YE,2025-06-19,Basic,26563.23
7546,Katrina Howard,alyssaarmstrong.7546@example.com,RU,2020-05-20,Standard,1488.55
7547,Michael Wright,samantha50.7547@example.com,BJ,2021-05-19,Premium,44855.34
7548,Kayla Jones,john87.7548@example.com,CI,2026-05-06,Standard,13938.02
7549,Tiffany Coffey,mendezkenneth.7549@example.com,MU,2024-08-07,Premium,24474.40
7550,Casey Thompson,elizabeth52.7550@example.com,IT,2022-04-02,Premium,30871.83
7551,Aaron Ramirez,lsimmons.7551@example.com,CV,2023-02-03,Premium,47500.48
7552,Marcus Harper,aguilargeorge.7552@example.com,DZ,2025-02-16,Basic,48390.19
7553,Mary Rasmussen,amberhaley.7553@example.com,LT,2023-08-20,Premium,40466.84
7554,Elizabeth Tran,ryan12.7554@example.com,NO,2026-06-06,Basic,44161.04
7555,Douglas Lewis,petermurillo.7555@example.com,HR,2023-10-08,Basic,30399.23
7556,Cynthia Chavez MD,paige79.7556@example.com,HR,2023-05-07,Basic,26427.09
7557,Rachel Kelly MD,juanhensley.7557@example.com,LI,2024-12-13,Premium,25245.20
7558,Katrina Mitchell,cheryl25.7558@example.com,MU,2026-06-13,Standard,33417.07
7559,Deborah Vega,lisa73.7559@example.com,UA,2023-12-29,Premium,3278.34
7560,Joshua Perez DDS,dcarson.7560@example.com,CD,2026-03-10,Basic,10885.94
7561,Matthew Castro,kellywashington.7561@example.com,GN,2024-11-13,Basic,28232.50
7562,David Carter,peggymurphy.7562@example.com,MN,2021-01-28,Standard,434.71
7563,Gregory Thompson,cookjessica.7563@example.com,BW,2025-04-15,Standard,20949.57
7564,Peter Logan,drew04.7564@example.com,PA,2021-03-15,Standard,16704.78
7565,Michelle Ramirez,ryanfisher.7565@example.com,LC,2025-03-05,Premium,3516.52
7566,Donna Torres,holly18.7566@example.com,GN,2021-09-27,Standard,4523.04
7567,Sharon Freeman,edickson.7567@example.com,RO,2023-07-27,Standard,40833.92
7568,April Price,jasonjohnson.7568@example.com,GA,2022-02-24,Standard,42665.10
7569,Maureen Mooney,fhawkins.7569@example.com,BN,2020-11-04,Basic,32952.16
7570,Colleen Bennett,elaine37.7570@example.com,MA,2024-03-26,Premium,26409.78
7571,Tara Hall,john88.7571@example.com,DO,2020-06-18,Premium,10296.44
7572,Kyle Vang,obutler.7572@example.com,SY,2020-06-27,Standard,816.88
7573,Alexis Rowland,tjackson.7573@example.com,CF,2022-06-09,Standard,20893.37
7574,Sharon Sherman,alyssa77.7574@example.com,BF,2026-02-03,Premium,25611.36
7575,Andrea Thomas,lorithomas.7575@example.com,TD,2020-02-24,Premium,25575.16
7576,Robert Reese,brownjessica.7576@example.com,MU,2022-09-14,Basic,28335.82
7577,Danielle Farley,ericcalderon.7577@example.com,EC,2021-05-04,Basic,5987.40
7578,Angel Smith,dnielsen.7578@example.com,BG,2026-08-27,Basic,2816.25
7579,Angelica Williams,millermark.7579@example.com,UY,2020-05-21,Premium,11486.62
7580,Sheryl Barnes,robertsjohnathan.7580@example.com,QA,2022-12-14,Basic,24433.75
7581,Angela Jackson,matthew93.7581@example.com,BW,2025-02-04,Premium,30143.89
7582,Stephen Mcgrath,heather82.7582@example.com,PT,2024-07-16,Basic,24771.28
7583,John Mendoza,bernardmiller.7583@example.com,KE,2025-11-15,Standard,24631.66
7584,Gregory Robinson,brendanwashington.7584@example.com,MG,2023-05-18,Premium,42318.80
7585,Timothy Frye,thomasswanson.7585@example.com,NA,2020-12-30,Standard,30721.32
7586,Brian Nelson,cadams.7586@example.com,LT,2021-11-20,Standard,11753.98
7587,Kimberly Leonard,umartinez.7587@example.com,KM,2026-02-28,Standard,14266.50
7588,Chad Williams,kennethmurphy.7588@example.com,IS,2023-07-16,Basic,36005.48
7589,Jonathan Sutton,nclark.7589@example.com,HU,2024-11-16,Standard,46587.93
7590,Karen Medina,wgarcia.7590@example.com,MW,2023-03-08,Standard,35273.16
7591,Zachary Lee,teresa73.7591@example.com,CF,2023-07-15,Basic,3500.91
7592,Tammy Smith,scampbell.7592@example.com,DO,2020-05-12,Basic,44935.06
7593,Ronald Chandler,smithdebra.7593@example.com,UG,2020-09-30,Premium,36680.48
7594,Susan Williams,alexanderjimmy.7594@example.com,NA,2022-08-31,Standard,45295.14
7595,Jessica Walker MD,dwiggins.7595@example.com,ZM,2023-12-19,Premium,33043.48
7596,Jeanette George,sbriggs.7596@example.com,AL,2026-03-29,Basic,33361.05
7597,John Herrera,shelbysmith.7597@example.com,AF,2020-09-11,Standard,17223.88
7598,Wayne Kelly DVM,walter14.7598@example.com,BY,2024-12-13,Premium,28654.80
7599,John West,josehorton.7599@example.com,SZ,2023-05-08,Premium,9419.54
7600,Christina Lawrence,fstuart.7600@example.com,YE,2024-06-04,Standard,31174.25
7601,Barbara Rodriguez,andersonsarah.7601@example.com,TT,2020-01-29,Basic,13521.00
7602,Daniel Morales,uzamora.7602@example.com,IN,2023-05-03,Premium,44044.54
7603,Jason Hughes,salazarandrea.7603@example.com,GM,2024-02-03,Basic,21423.04
7604,Alison James,turnerstacey.7604@example.com,IQ,2022-10-08,Standard,3125.32
7605,Julia Snyder,matthewsanna.7605@example.com,KG,2023-11-25,Basic,23624.12
7606,Cindy Lindsey,mjohnson.7606@example.com,VU,2024-02-21,Premium,15951.82
7607,Rebecca Scott,joymcmahon.7607@example.com,MK,2020-10-28,Standard,5498.64
7608,Sherri Sanders,mmoody.7608@example.com,SV,2024-07-08,Standard,23350.17
7609,Jennifer Taylor,lonnie16.7609@example.com,TM,2024-04-20,Standard,12638.60
7610,Amanda Melton,dsmith.7610@example.com,MZ,2026-06-10,Standard,32771.11
7611,Christine Brown,adampeterson.7611@example.com,TV,2024-10-17,Premium,13738.38
7612,John Castaneda,kellyjohnson.7612@example.com,TZ,2025-03-31,Basic,38168.05
7613,Susan Wilson,bwells.7613@example.com,PW,2023-02-06,Basic,30546.85
7614,Christopher Hunter,qjohnson.7614@example.com,SC,2026-04-23,Premium,40517.99
7615,Vincent Scott,dsolomon.7615@example.com,DE,2021-11-09,Basic,47516.02
7616,Desiree Anderson,sarahfrank.7616@example.com,TN,2023-02-03,Basic,38986.06
7617,Jennifer Coleman,kylegibson.7617@example.com,LB,2021-05-03,Premium,28898.07
7618,Timothy Donovan,davidjackson.7618@example.com,ID,2021-08-03,Standard,13309.23
7619,Kimberly Ramos,ashley30.7619@example.com,NP,2021-08-18,Basic,31274.71
7620,Zachary Cisneros,ashleymiles.7620@example.com,MC,2023-01-23,Premium,17383.74
7621,Charles Allen,shawnfox.7621@example.com,LC,2025-12-03,Basic,14345.15
7622,Cheryl Davis,lori62.7622@example.com,UZ,2025-06-29,Premium,49639.90
7623,Hailey Miller DDS,fromero.7623@example.com,AU,2020-04-01,Premium,36150.68
7624,Kevin Clayton,amandafarmer.7624@example.com,SY,2023-06-06,Basic,28123.03
7625,Jason Bolton,alicia85.7625@example.com,CA,2022-02-11,Premium,28106.76
7626,Ethan Rios,hurstjames.7626@example.com,LU,2023-01-22,Standard,8869.78
7627,Mr. Brett Harris,elizabeth64.7627@example.com,ZA,2026-01-23,Standard,18287.37
7628,Daniel Arnold,johnstondavid.7628@example.com,MK,2020-10-13,Premium,42743.94
7629,Drew Hester,phillipsrichard.7629@example.com,FR,2024-04-18,Premium,46600.43
7630,Brian Zhang,amanda16.7630@example.com,BH,2026-01-27,Basic,31551.77
7631,Amy Nichols,monicapotter.7631@example.com,VC,2026-01-24,Standard,39925.73
7632,Ashley Davila,ortizbenjamin.7632@example.com,SC,2020-11-28,Standard,31298.34
7633,Mr. Bryan Moran,jane96.7633@example.com,RS,2023-02-11,Standard,29993.16
7634,Colleen Vaughn,sharon84.7634@example.com,BR,2025-09-25,Premium,1499.03
7635,Shelia Horn,wilsonjenna.7635@example.com,SL,2023-11-19,Standard,12929.27
7636,Zachary Cabrera,dtaylor.7636@example.com,KP,2024-06-07,Standard,17775.99
7637,Jeff Larson,hthomas.7637@example.com,IR,2025-12-09,Standard,13485.59
7638,Mary Sheppard,markvillarreal.7638@example.com,KP,2022-02-04,Standard,22834.01
7639,Kristy Avila,sarah58.7639@example.com,RO,2022-04-21,Premium,35209.02
7640,Kerry Wilson,campbellgabriella.7640@example.com,EE,2021-10-17,Basic,4835.51
7641,Larry Mclaughlin,zhunter.7641@example.com,MM,2023-01-22,Premium,49510.48
7642,Frank Chambers,courtneyhorton.7642@example.com,AT,2021-02-06,Premium,40916.72
7643,Jerry Martinez,fmorales.7643@example.com,BT,2022-12-30,Basic,47558.96
7644,Carol Thompson,davidwhite.7644@example.com,SE,2026-08-29,Premium,1318.93
7645,Kristina Donovan,pevans.7645@example.com,KM,2024-10-16,Premium,14236.90
7646,Stephen Schmitt,gflores.7646@example.com,BE,2026-03-31,Standard,9616.88
7647,Gregory Mccullough,scott59.7647@example.com,PW,2025-06-21,Standard,16561.63
7648,Dr. Emily Jensen,matthew80.7648@example.com,SC,2020-12-16,Basic,13384.97
7649,Kurt Irwin,margaret99.7649@example.com,SN,2020-06-03,Standard,22548.45
7650,Heather Lozano,angelacampbell.7650@example.com,LI,2022-04-10,Basic,8064.39
7651,William Mason,traciesmith.7651@example.com,NE,2021-07-16,Standard,3772.17
7652,Sydney Rojas,kaitlyn91.7652@example.com,PS,2026-02-20,Basic,16959.50
7653,Martha Taylor,zcasey.7653@example.com,LC,2020-12-15,Premium,11854.48
7654,Jennifer Harris,ywright.7654@example.com,BI,2026-06-23,Premium,31077.54
7655,Monica Stout,brittany68.7655@example.com,TV,2020-09-23,Basic,23287.30
7656,Michelle Hughes,scotthenderson.7656@example.com,TG,2023-04-04,Standard,35145.59
7657,Benjamin Garcia,walshrachel.7657@example.com,SY,2025-01-31,Premium,14395.20
7658,Nathaniel Knight,,PY,2024-09-18,Premium,26690.48
7659,Adrian Luna,sarah59.7659@example.com,ML,2021-08-22,Premium,30550.54
7660,Brandi Wood,reidjohn.7660@example.com,PT,2022-03-25,Premium,6207.39
7661,Phillip Holden,desiree92.7661@example.com,ME,2020-08-25,Basic,6297.28
7662,Charles Hill,mwillis.7662@example.com,CF,2023-11-04,Standard,3882.59
7663,Valerie Murray,,RO,2024-10-06,Premium,19397.67
7664,Michael Lowe,jessicawatson.7664@example.com,EE,2026-05-07,Standard,7805.66
7665,Matthew Heath,steven91.7665@example.com,ZW,2021-04-30,Standard,32283.69
7666,Jessica Colon,leblancmatthew.7666@example.com,TT,2025-07-25,Standard,32401.17
7667,Debra Solomon,john24.7667@example.com,HR,2026-07-13,Standard,35912.71
7668,Alexis Stevenson,anna65.7668@example.com,BF,2025-03-03,Standard,47677.15
7669,Joshua Johns,scott76.7669@example.com,KI,2026-01-11,Standard,9426.81
7670,Matthew Reese,ahebert.7670@example.com,SM,2023-12-11,Standard,35405.19
7671,Amanda Williams,misty48.7671@example.com,UA,2026-03-12,Premium,11941.04
7672,Cynthia Henderson,benjamin30.7672@example.com,KP,2023-01-19,Premium,33673.32
7673,Michael Estrada,watsonchristy.7673@example.com,LT,2022-12-18,Premium,21856.96
7674,Julie Farley,tiffany43.7674@example.com,GQ,2026-01-19,Standard,37129.55
7675,Eric Wise,mikepowers.7675@example.com,IE,2021-03-20,Standard,27934.47
7676,Molly Erickson,jessica56.7676@example.com,TG,2023-09-16,Standard,28790.25
7677,Micheal Banks,carterrobert.7677@example.com,HT,2026-01-02,Basic,6506.55
7678,Tammy Vega,grahamchristine.7678@example.com,SV,2024-10-20,Basic,49450.73
7679,Matthew Hall,zkidd.7679@example.com,TG,2024-11-16,Standard,17292.92
7680,Ashley Benson,sarah67.7680@example.com,TR,2022-04-29,Standard,47859.15
7681,Kaitlyn Fields,ahuber.7681@example.com,TD,2025-07-05,Standard,29410.30
7682,William Warren,cheryl74.7682@example.com,NE,2022-10-28,Unknown,14622.28
7683,Alan Peters,qschneider.7683@example.com,GW,2024-05-30,Standard,27112.58
7684,John Barnes,joshua53.7684@example.com,AT,2024-12-07,Standard,37477.04
7685,Michael Fields,vpearson.7685@example.com,BA,2023-05-04,Basic,22429.49
7686,Ryan White,amyrodriguez.7686@example.com,SM,2022-08-07,Basic,20118.38
7687,Pamela Thompson,heathercurtis.7687@example.com,JP,2022-02-06,Basic,41267.98
7688,Jason Miller,amymiller.7688@example.com,RS,2023-01-16,Basic,19641.48
7689,David Mejia,garcialinda.7689@example.com,MW,2022-06-23,Premium,15397.41
7690,Tammy Steele,ramirezheather.7690@example.com,GM,2025-02-20,Basic,45905.37
7691,William Miller,benjamintammy.7691@example.com,BW,2025-08-21,Standard,19240.45
7692,Kimberly Davis,ejones.7692@example.com,VU,2022-10-03,Premium,31650.74
7693,Mrs. Alexis Goodman,chad10.7693@example.com,PY,2026-05-14,Standard,40718.52
7694,Patrick Morrison,kellijackson.7694@example.com,PW,2024-11-21,Premium,42658.07
7695,Jessica Collins,lmccoy.7695@example.com,IQ,2020-07-29,Premium,5965.36
7696,Scott Lambert,ericsanchez.7696@example.com,US,2020-01-27,Unknown,734.36
7697,Kathy Norton,ryanarmstrong.7697@example.com,KE,2024-09-15,Standard,6432.88
7698,Teresa Crawford,davidmartinez.7698@example.com,HR,2024-12-17,Basic,22710.49
7699,Casey Tate,zmaldonado.7699@example.com,FR,2022-01-16,Standard,17570.39
7700,James Harris,lauren69.7700@example.com,HU,2024-04-14,Premium,13214.90
7701,Eric Willis,smithjanet.7701@example.com,SL,2026-05-01,Basic,17571.66
7702,David Green,justin53.7702@example.com,BJ,2023-01-29,Premium,19966.98
7703,Timothy Peterson,jasonmartin.7703@example.com,SG,2022-01-31,Premium,30924.64
7704,Kenneth Thomas,jenningsdavid.7704@example.com,BS,2024-01-22,Standard,49914.34
7705,Scott Camacho,ronald13.7705@example.com,CA,2020-01-02,Premium,9186.50
7706,Ebony Mckinney,sarah64.7706@example.com,CZ,2020-07-26,Standard,25877.89
7707,William Foley,hunter67.7707@example.com,MK,2020-10-14,Premium,31298.01
7708,Mr. Robert Logan,christophergutierrez.7708@example.com,UZ,2023-08-25,Premium,10542.50
7709,Bradley Sampson,juarezomar.7709@example.com,BJ,2024-09-15,Premium,7381.26
7710,Adam Sexton,romerosarah.7710@example.com,KW,2025-11-01,Standard,31875.02
7711,Frank Allen,rbest.7711@example.com,UZ,2024-10-23,Basic,29360.62
7712,Paul King,jonathan23.7712@example.com,SZ,2026-03-16,Standard,17386.53
7713,Tyler Park,mark66.7713@example.com,MN,2021-06-21,Standard,49417.31
7714,Melissa Taylor,daniel07.7714@example.com,DO,2023-12-08,Basic,27198.19
7715,Matthew Perry,christopher99.7715@example.com,VU,2024-04-18,Premium,23430.73
7716,Pedro Graham,williammaldonado.7716@example.com,SK,2021-06-03,Basic,42360.49
7717,Tanya Frye,michelle57.7717@example.com,RW,2020-11-19,Standard,33778.88
7718,Alex Frost,carla97.7718@example.com,IL,2023-01-13,Basic,36164.24
7719,George Garcia PhD,taylorsanders.7719@example.com,LY,2025-12-13,Standard,35110.30
7720,Tyrone Stewart,tylergordon.7720@example.com,LR,2025-12-03,Standard,46671.46
7721,Matthew Sampson MD,powellkristina.7721@example.com,ES,2022-11-05,Basic,39122.56
7722,Brenda Myers,valerie93.7722@example.com,CY,2021-03-07,Basic,22216.50
7723,Andrew Neal,boydtyrone.7723@example.com,UY,2022-09-15,Basic,47420.62
7724,Melissa Chapman,smitheric.7724@example.com,NI,2023-08-16,Premium,37651.84
7725,Samantha Hale,morajonathan.7725@example.com,PA,2020-12-23,Premium,45664.93
7726,Deanna Mcclain,jared12.7726@example.com,PA,2026-08-09,Basic,19779.26
7727,Michele Schultz,eharris.7727@example.com,ZM,2025-06-28,Basic,35533.01
7728,Roy Boyer,yayala.7728@example.com,PH,2021-05-12,Premium,31656.43
7729,Michael Nelson,nevans.7729@example.com,NE,2022-05-24,Premium,21067.18
7730,Linda Alvarez,jsantana.7730@example.com,LB,2024-02-27,Basic,39609.31
7731,David Terry,lisabanks.7731@example.com,DK,2025-02-15,Standard,44898.31
7732,Christopher Hall,spencerbarron.7732@example.com,DO,2024-08-06,Premium,3885.09
7733,Ashley Salinas,jennifer12.7733@example.com,TD,2023-11-07,Standard,42288.44
7734,Sandra Nelson,lauracolon.7734@example.com,PK,2025-01-20,Basic,31891.31
7735,Catherine Oconnor,anthonymitchell.7735@example.com,DK,2023-05-06,Standard,8734.34
7736,Steven Cardenas,kmiller.7736@example.com,DK,2025-02-25,Premium,43355.78
7737,Christopher Mendoza,taralyons.7737@example.com,DK,2022-12-04,Standard,36682.01
7738,Timothy Ewing,melissasalazar.7738@example.com,ET,2026-05-13,Basic,26641.36
7739,Jordan Frost,paige24.7739@example.com,BZ,2021-03-24,Standard,14519.60
7740,Christopher Wallace,amystrong.7740@example.com,SD,2022-03-04,Premium,47616.01
7741,Kaitlin Hutchinson,larry62.7741@example.com,HN,2024-02-18,Basic,38465.12
7742,Monica Copeland,tparsons.7742@example.com,TR,2025-07-24,Basic,22813.88
7743,Kylie Fisher,michelethomas.7743@example.com,DJ,2021-09-17,Basic,20398.84
7744,Katherine Miller,william43.7744@example.com,UY,2025-08-01,Premium,211.07
7745,Rebecca Norris,valentinemicheal.7745@example.com,PH,2020-11-29,Premium,44570.33
7746,Justin Gray,jamescooper.7746@example.com,BA,2022-03-13,Premium,43828.17
7747,Diana Torres,nicholas70.7747@example.com,TR,2025-08-10,Premium,20527.82
7748,Julie Hutchinson,zacharyhoffman.7748@example.com,ME,2023-09-01,Premium,3052.80
7749,John Weaver,jose62.7749@example.com,BJ,2022-09-04,Standard,1458.02
7750,Stephanie Reed,asmith.7750@example.com,GW,2024-07-08,Premium,13776.81
7751,Kelly Medina,rcastro.7751@example.com,ZM,2020-06-30,Premium,16888.89
7752,Kevin Carr,amberrojas.7752@example.com,KR,2025-11-27,Basic,9226.88
7753,Rose Murphy,xgonzalez.7753@example.com,HU,2020-12-28,Standard,42436.64
7754,Michael Sullivan,juarezmelanie.7754@example.com,VE,2025-12-14,Standard,40308.35
7755,Samantha Martin,hcampbell.7755@example.com,BJ,2025-01-10,Basic,45430.68
7756,Sara Sanchez,lestertrevor.7756@example.com,IQ,2022-04-25,Premium,7089.26
7757,Keith Edwards,carriedavis.7757@example.com,JM,2024-05-13,Basic,37066.65
7758,Beverly Thomas,brian28.7758@example.com,TJ,2026-06-21,Standard,42537.56
7759,Jason Guzman,taylorcarol.7759@example.com,SD,2021-01-26,Standard,8555.05
7760,Aaron Ryan,peter46.7760@example.com,FR,2024-07-05,Standard,33450.58
7761,Christopher Edwards,kimberly23.7761@example.com,KG,2022-05-11,Premium,15881.21
7762,Hannah Taylor,sarahnoble.7762@example.com,AU,2024-07-06,Basic,31165.07
7763,Michelle Mercado,madeline22.7763@example.com,AT,2020-01-30,Premium,24472.93
7764,James Ramirez,anthonyjohnson.7764@example.com,BY,2022-01-04,Standard,38906.88
7765,Joseph Manning,jacksimpson.7765@example.com,SA,2023-11-30,Standard,20099.63
7766,Julia Dalton,sara36.7766@example.com,YE,2020-03-01,Premium,10726.80
7767,Robert Glass,iwalsh.7767@example.com,KW,2024-03-14,Premium,7236.91
7768,Thomas Berg,alanallison.7768@example.com,MK,2026-07-18,Basic,12041.94
7769,Chelsea Cruz,llopez.7769@example.com,ST,2023-10-07,Premium,9563.54
7770,Robert Lara,amy70.7770@example.com,MX,2022-03-03,Basic,45151.13
7771,Rhonda Johnson,knightalicia.7771@example.com,TL,2025-10-27,Premium,334.34
7772,Kathryn Mccall,diazjade.7772@example.com,PE,2022-07-13,Premium,38847.82
7773,Ryan Villarreal,youngnatalie.7773@example.com,ST,2022-12-12,Standard,43040.42
7774,Steven Fox,brewerbethany.7774@example.com,AT,2025-01-08,Basic,42314.35
7775,Fernando Mccall,amandaacosta.7775@example.com,SY,2024-11-30,Standard,16032.38
7776,Leslie Lewis,hopkinsjessica.7776@example.com,CH,2024-02-15,Premium,26949.47
7777,Leah Lee,jennifervelazquez.7777@example.com,AF,2022-01-12,Premium,13138.69
7778,Latoya Gibson,jimerickson.7778@example.com,LR,2021-03-18,Premium,30555.88
7779,Shawn Pierce,mike32.7779@example.com,LY,2023-07-05,Standard,9293.80
7780,Stefanie Singh,wendy60.7780@example.com,MY,2021-12-08,Basic,15511.67
7781,Sean Olson,alankidd.7781@example.com,NO,2024-02-22,Standard,19084.41
7782,David Kim,jodi97.7782@example.com,LU,2026-01-18,Standard,25251.23
7783,Teresa Browning,karen70.7783@example.com,CY,2023-08-17,Basic,4450.30
7784,Curtis Taylor,christianrichardson.7784@example.com,MT,2025-11-25,Standard,24164.36
7785,Natalie Gray,jbrown.7785@example.com,BS,2023-12-27,Standard,15194.67
7786,Jennifer Conway,scott55.7786@example.com,JO,2025-12-08,Basic,46472.27
7787,Kyle Yang,evansjacqueline.7787@example.com,BO,2024-08-13,Premium,5147.61
7788,Heather Young,robertperry.7788@example.com,IT,2023-12-23,Premium,24136.29
7789,Wendy Fox,bowerspaul.7789@example.com,GH,2026-02-10,Basic,33150.02
7790,David Thompson,bgray.7790@example.com,SN,2026-08-14,Basic,22486.91
7791,Jessica Malone,lopezwendy.7791@example.com,TH,2026-07-25,Premium,5819.41
7792,Timothy Bennett,nicholasrose.7792@example.com,SC,2020-06-15,Premium,3628.75
7793,Scott Reynolds,hillbrandon.7793@example.com,MX,2025-05-02,Basic,43027.88
7794,Stephen Schneider,barbaraweber.7794@example.com,IQ,2023-05-08,Basic,39294.58
7795,Angela Martinez,allisonlane.7795@example.com,FM,2023-01-14,Basic,15947.17
7796,Darrell Kramer,hughesjoseph.7796@example.com,NP,2026-07-23,Premium,17215.92
7797,Cheryl Lewis MD,marc22.7797@example.com,BD,2023-05-13,Basic,10127.73
7798,Nicholas Dalton,ianderson.7798@example.com,RO,2026-06-28,Premium,39017.49
7799,Jonathan Ramos,morganjeffrey.7799@example.com,BH,2025-03-12,Basic,45543.38
7800,Paul Smith,anthony89.7800@example.com,DK,2023-09-08,Basic,26686.47
7801,Patricia Love,sschwartz.7801@example.com,PA,2022-07-15,Standard,34379.53
7802,Amy Bentley,tmitchell.7802@example.com,LB,2022-07-10,Premium,45243.81
7803,Alexander Mclaughlin,laura77.7803@example.com,DM,2024-12-29,Premium,40892.99
7804,Erica Manning,stewartteresa.7804@example.com,BW,2026-04-26,Premium,28033.27
7805,Alexander Rivera,rossbrittany.7805@example.com,FJ,2021-12-04,Standard,12780.84
7806,Mackenzie Myers,jane29.7806@example.com,LT,2020-05-21,Standard,9812.61
7807,Scott Jones,perezmelissa.7807@example.com,DO,2025-02-07,Premium,32773.48
7808,Fred Reed,anthonygill.7808@example.com,MY,2022-02-04,Basic,7630.66
7809,Caitlin Strong,vlong.7809@example.com,TJ,2025-07-04,Premium,37432.98
7810,Sarah Espinoza,robertmeyers.7810@example.com,MZ,2020-06-04,Basic,20785.11
7811,Jesse Goodwin,johnmcdonald.7811@example.com,LV,2023-06-27,Premium,36996.43
7812,Richard Jones,taylormichael.7812@example.com,VU,2023-12-06,Premium,18445.47
7813,Abigail Reed,petersonrachel.7813@example.com,SR,2022-02-10,Standard,26263.51
7814,Katelyn Alvarado,obaker.7814@example.com,LV,2022-06-23,Standard,20295.04
7815,David Frey,kingwilliam.7815@example.com,KZ,2021-10-19,Premium,26676.67
7816,Richard Kent,nortiz.7816@example.com,AZ,2020-03-17,Basic,15163.20
7817,Jane Marshall,laurenthomas.7817@example.com,TV,2022-01-13,Standard,27231.02
7818,George Mitchell,mckinneypaula.7818@example.com,LK,2021-03-10,Basic,19736.65
7819,Christopher Molina PhD,crobertson.7819@example.com,BD,2021-11-02,Standard,32548.69
7820,Charles Keller,wendy13.7820@example.com,ER,2020-10-10,Premium,30940.80
7821,Janet Holt,leetamara.7821@example.com,MT,2024-09-24,Premium,9203.69
7822,Ashley Rodriguez,peckjessica.7822@example.com,CO,2025-08-12,Premium,36049.82
7823,Emma Ferguson,rrodriguez.7823@example.com,LU,2022-06-13,Basic,13127.89
7824,Robin Matthews,xgarza.7824@example.com,KZ,2021-09-28,Standard,40280.27
7825,Joseph Smith,parsonsmegan.7825@example.com,TR,2022-02-22,Basic,28741.49
7826,Kristen Peters,edwin14.7826@example.com,LV,2023-05-11,Premium,45888.03
7827,Audrey Wilson,casey75.7827@example.com,MM,2025-11-13,Basic,40677.77
7828,Brian Conrad,masoncraig.7828@example.com,CV,2021-12-01,Basic,13538.21
7829,Michael Sanchez,turnermichael.7829@example.com,EE,2020-05-30,Basic,10447.80
7830,Thomas Bonilla,annaelliott.7830@example.com,WS,2022-10-06,Premium,5647.80
7831,Christina Sanchez,rebeccahiggins.7831@example.com,BW,2023-08-31,Standard,21913.33
7832,Stacey Mcintyre,clairepope.7832@example.com,UA,2023-01-25,Premium,11119.09
7833,Peter Williams,patriciareed.7833@example.com,BZ,2025-08-16,Basic,887.86
7834,Chris Skinner,ricardosmith.7834@example.com,IN,2020-07-10,Basic,3153.17
7835,Roy Newton,aaronmccoy.7835@example.com,BJ,2022-09-23,Basic,29483.83
7836,Peter Armstrong,tortega.7836@example.com,IR,2021-07-05,Premium,30922.50
7837,Melanie Lee,etaylor.7837@example.com,KR,2025-07-31,Premium,24136.81
7838,Amanda Willis,hlowe.7838@example.com,LI,2026-06-28,Premium,37047.73
7839,Stephanie Peck,christopher99.7839@example.com,MX,2024-11-17,Standard,48684.07
7840,Louis Hogan,balldaniel.7840@example.com,SK,2025-12-21,Premium,8419.10
7841,Beverly Morgan,shirley27.7841@example.com,TW,2020-03-17,Standard,15942.37
7842,Mark Wang,clarkdaniel.7842@example.com,AG,2023-04-22,Basic,48901.67
7843,Juan Jackson,dproctor.7843@example.com,BZ,2024-08-29,Standard,26195.80
7844,Eric Burton,wendysmith.7844@example.com,ER,2022-06-12,Basic,43047.96
7845,Christopher Martin,stacy05.7845@example.com,VA,2024-01-13,Basic,4650.74
7846,Dawn Johnson,jgarza.7846@example.com,NZ,2025-01-15,Premium,18364.88
7847,Suzanne Thompson,amyflores.7847@example.com,PL,2025-08-11,Standard,36210.19
7848,Bryan Mcintyre,sandyflynn.7848@example.com,MG,2026-01-01,Standard,24134.32
7849,Marc Long,wrightdavid.7849@example.com,FM,2022-12-23,Standard,40329.72
7850,Melody Hamilton,dodsonrichard.7850@example.com,TR,2026-04-15,Standard,13299.93
7851,Dr. Lindsey Hansen MD,veronica93.7851@example.com,PA,2023-05-01,Basic,5210.81
7852,Karen Mayer,matthew07.7852@example.com,MK,2020-11-28,Standard,8691.44
7853,John Fuller,coreymartinez.7853@example.com,KP,2026-05-30,Standard,41809.90
7854,Jeremy Schmidt,samuelandrews.7854@example.com,LA,2026-02-24,Basic,39607.24
7855,Kelsey Duncan,fletcherdenise.7855@example.com,SG,2023-11-19,Standard,46633.62
7856,Jonathan Aguilar,joseph72.7856@example.com,TT,2020-02-17,Premium,10938.10
7857,Lisa Davis,ronniemorrow.7857@example.com,EE,2022-12-25,Standard,37245.64
7858,Rebecca Lopez,adammccormick.7858@example.com,RO,2025-12-30,Basic,30211.69
7859,Stephen Briggs,oroberts.7859@example.com,UG,2025-12-31,Standard,44673.16
7860,Joshua Leonard,ajimenez.7860@example.com,CN,2023-11-29,Basic,49834.88
7861,James Lopez,mikaylawalter.7861@example.com,MM,2022-03-27,Standard,11841.73
7862,Emily Robinson,elizabethsmith.7862@example.com,BS,2025-05-12,Premium,1810.81
7863,Nicholas Taylor,daltonmurphy.7863@example.com,SR,2021-01-10,Premium,26711.70
7864,Makayla Carlson,hollyford.7864@example.com,CR,2025-06-21,Standard,3187.79
7865,Douglas Riggs,lbailey.7865@example.com,KH,2021-06-13,Standard,28139.01
7866,Lori Dunlap,smithneil.7866@example.com,LT,2023-10-12,Basic,20975.59
7867,Christine Tucker,ihorne.7867@example.com,BA,2020-10-02,Basic,37358.99
7868,Chad Davis,vegadonna.7868@example.com,NR,2025-12-18,Basic,14019.73
7869,Amber Walker,juanjackson.7869@example.com,BN,2026-03-08,Standard,7410.13
7870,Kristen Bryant,oneilldarius.7870@example.com,LC,2020-07-12,Premium,46479.46
7871,Shannon Cox,angelica68.7871@example.com,SN,2025-10-17,Standard,43484.37
7872,Elizabeth Williams,robert65.7872@example.com,TL,2021-09-28,Standard,2486.45
7873,Christine Patton,adamsshelly.7873@example.com,CA,2025-11-06,Standard,3430.72
7874,Courtney Cole,davenportjulie.7874@example.com,SG,2023-02-01,Standard,23033.11
7875,Michael Scott,briansantiago.7875@example.com,NA,2026-08-22,Premium,27679.85
7876,Christopher Davis,qguerrero.7876@example.com,BZ,2022-08-12,Basic,18901.64
7877,Kim Nelson,kmcgee.7877@example.com,AO,2021-01-24,Basic,19271.32
7878,Cynthia Robertson DDS,rherring.7878@example.com,DK,2022-01-30,Basic,20960.31
7879,Angela Decker,erin43.7879@example.com,IN,2021-04-22,Premium,12439.94
7880,Caroline Martin,salazardiana.7880@example.com,CY,2020-08-14,Premium,19939.38
7881,Jessica Freeman,deborahwells.7881@example.com,NG,2026-08-05,Premium,19895.16
7882,John Smith,lindagilbert.7882@example.com,KZ,2022-03-08,Basic,14168.62
7883,Harry Nunez,mccoytammy.7883@example.com,CM,2026-02-14,Basic,14556.31
7884,Sherry Walsh DDS,rileychristopher.7884@example.com,TR,2022-02-11,Basic,1709.41
7885,Sarah Hahn,michaelblack.7885@example.com,GD,2022-12-01,Basic,17367.18
7886,Justin Miller,jasonhaynes.7886@example.com,FM,2020-01-28,Basic,43635.71
7887,Katherine Patel,stanley94.7887@example.com,CV,2020-08-04,Standard,40942.11
7888,Timothy Joseph,nelsonclaire.7888@example.com,PS,2020-11-22,Basic,35154.02
7889,Luis Hunter,jenna71.7889@example.com,GT,2025-05-21,Standard,10065.02
7890,David Peterson,masonjeremy.7890@example.com,LS,2026-06-20,Basic,32531.20
7891,Douglas Alexander,timothy59.7891@example.com,IQ,2023-06-29,Premium,34512.90
7892,Alexandra Richardson,oshah.7892@example.com,EG,2024-10-18,Premium,12886.58
7893,Vanessa Adams,christy88.7893@example.com,VA,2022-02-01,Standard,17885.62
7894,Philip Serrano,danielburgess.7894@example.com,AL,2020-03-14,Premium,44174.84
7895,Richard Brown,michelle74.7895@example.com,TW,2020-10-18,Basic,29513.68
7896,Nathan Nelson,jmoore.7896@example.com,DJ,2021-03-13,Premium,14491.76
7897,David Hall,tyler87.7897@example.com,TV,2025-03-02,Basic,44230.52
7898,Michaela Wells,allenronald.7898@example.com,SR,2020-10-29,Basic,9786.65
7899,Jose Allen,hernandezkeith.7899@example.com,RS,2023-06-20,Standard,16396.37
7900,Richard James,brianparsons.7900@example.com,JP,2023-11-25,Standard,49437.93
7901,Anthony Lopez,james57.7901@example.com,ET,2020-11-25,Standard,1758.60
7902,David Hampton,jeffrey14.7902@example.com,DO,2025-04-03,Basic,3992.53
7903,Mark Williams,qperkins.7903@example.com,GE,2021-03-20,Premium,7223.19
7904,Victoria Johnson,robert84.7904@example.com,GR,2021-09-12,Standard,13571.92
7905,Alyssa Bryan,robertsmark.7905@example.com,BB,2026-03-18,Standard,11127.53
7906,Luke Young,ksanders.7906@example.com,BD,2021-09-19,Standard,38185.27
7907,Jorge Clark,antonio41.7907@example.com,PT,2020-12-16,Basic,44508.35
7908,Susan Payne,grobertson.7908@example.com,TH,2024-11-19,Standard,40231.54
7909,Jessica Griffin,leslie80.7909@example.com,SD,2023-10-11,Premium,13722.09
7910,William Campbell,joyce39.7910@example.com,LC,2023-08-24,Standard,7592.22
7911,Laura Love,stevenbranch.7911@example.com,HR,2026-04-21,Standard,47125.97
7912,Troy Robinson,ghorn.7912@example.com,ZA,2022-06-14,Premium,3124.32
7913,Renee Floyd,nicholascooper.7913@example.com,BI,2024-12-18,Basic,47344.96
7914,Elizabeth Berry,dorothy13.7914@example.com,VC,2026-04-14,Basic,763.69
7915,Kristina Zimmerman,lisa85.7915@example.com,BJ,2020-07-25,Premium,4295.30
7916,Andrew Steele,raybrandi.7916@example.com,CR,2021-02-05,Premium,48820.83
7917,Michael Collins,amandaolson.7917@example.com,MK,2025-10-05,Basic,21336.34
7918,Brett Rasmussen,michelle29.7918@example.com,ME,2026-07-04,Premium,33791.16
7919,Erika Galvan,keithglass.7919@example.com,BH,2024-06-30,Standard,26740.61
7920,Kathleen Thompson,johnstonmichelle.7920@example.com,AO,2020-09-29,Basic,24933.95
7921,Cheryl Perry,brandon51.7921@example.com,ST,2021-04-13,Standard,3660.66
7922,Deborah Green,david11.7922@example.com,CU,2020-05-13,Standard,980.41
7923,Stephanie Ball,phernandez.7923@example.com,BT,2020-06-14,Standard,13690.98
7924,Nicholas Simpson DDS,vmoore.7924@example.com,ZA,2025-09-28,Standard,29859.14
7925,Nicholas Bell,fhart.7925@example.com,TV,2022-08-04,Basic,35700.67
7926,Nicholas Russo,schmidtjonathan.7926@example.com,CH,2023-07-05,Premium,49335.74
7927,David Wolf,wilcoxrobert.7927@example.com,GN,2021-06-03,Standard,17468.88
7928,Colleen Santiago,jeremyhicks.7928@example.com,CO,2021-02-12,Basic,17173.55
7929,Justin Foley,jessica68.7929@example.com,BH,2022-03-03,Basic,34787.77
7930,Jason Hanna,qfisher.7930@example.com,NA,2023-01-12,Basic,39100.47
7931,Kelly Nelson,leah63.7931@example.com,PL,2024-08-15,Basic,36631.43
7932,Laura Morrow,samuelgarcia.7932@example.com,VE,2021-01-12,Basic,37961.89
7933,Brian Townsend,robertbender.7933@example.com,VU,2023-11-12,Premium,1314.35
7934,Amanda Phelps,croberts.7934@example.com,LT,2021-04-05,Basic,12794.63
7935,Matthew Benson,uduke.7935@example.com,SM,2020-04-10,Standard,14877.93
7936,Anna Mcgee,gene54.7936@example.com,VC,2025-03-13,Basic,36190.95
7937,Connor Moreno,lewislindsay.7937@example.com,KM,2022-02-18,Premium,8471.25
7938,Lindsey Allen MD,linda39.7938@example.com,SN,2021-10-01,Standard,8058.37
7939,Timothy Pearson,jennifer43.7939@example.com,CM,2022-08-23,Premium,37496.57
7940,Richard French,frazierjessica.7940@example.com,AR,2020-08-28,Premium,22794.32
7941,Phillip Delgado,lbrowning.7941@example.com,SB,2022-06-21,Premium,47683.45
7942,Kimberly Herring,hannah30.7942@example.com,TO,2025-02-22,Basic,6405.72
7943,Tyler Hunter,eorr.7943@example.com,NL,2026-03-31,Standard,38772.02
7944,Daniel Arnold,michaelbird.7944@example.com,GQ,2024-09-25,Basic,40608.51
7945,Tracy Thomas,pagerita.7945@example.com,SR,2025-04-17,Standard,23840.09
7946,Nicole Andersen,aaronmcdaniel.7946@example.com,PA,2026-08-09,Basic,9226.71
7947,Elizabeth Howard,donaldroberts.7947@example.com,NR,2025-11-15,Standard,17840.92
7948,Alec Jones,osbornematthew.7948@example.com,VA,2023-11-11,Standard,41843.09
7949,Amanda Simmons,angela80.7949@example.com,CM,2025-06-09,Standard,6130.81
7950,Dorothy Vance,sarah92.7950@example.com,BN,2020-03-01,Standard,31933.19
7951,Courtney Greene,gonzaleznathan.7951@example.com,GQ,2025-05-01,Standard,44712.63
7952,Courtney Clay,pauljones.7952@example.com,KE,2025-03-21,Standard,23252.60
7953,Michelle Shelton,jason81.7953@example.com,LI,2020-06-14,Standard,15662.10
7954,Steve Warner,ericagates.7954@example.com,GD,2024-11-21,Standard,24657.36
7955,Ashley Hill,mark23.7955@example.com,BT,2026-07-16,Standard,30426.48
7956,Mathew Harris,rebeccatucker.7956@example.com,PK,2022-02-24,Basic,48797.29
7957,Cynthia Graves,jthompson.7957@example.com,YE,2021-01-06,Basic,37731.74
7958,Michelle Williams,keith40.7958@example.com,SO,2023-07-20,Standard,25782.70
7959,Susan Castillo,betty76.7959@example.com,MV,2026-04-03,Standard,48659.38
7960,Shawn Brady PhD,christophersmith.7960@example.com,GT,2022-11-29,Standard,25900.04
7961,Gerald Hendricks,aliciaortiz.7961@example.com,QA,2024-08-12,Premium,28058.87
7962,Tom Oconnell,gford.7962@example.com,CD,2025-08-05,Standard,38261.02
7963,Allison Ferguson,gomezryan.7963@example.com,GM,2021-10-26,Basic,42385.68
7964,Timothy Guzman,andersoneric.7964@example.com,KW,2024-06-20,Standard,10037.32
7965,Keith Stewart,annrojas.7965@example.com,CO,2024-06-15,Premium,39387.53
7966,Chelsea Kirk,floresheather.7966@example.com,CO,2023-03-18,Premium,32290.14
7967,Holly Haynes,opierce.7967@example.com,AU,2024-12-06,Basic,10377.89
7968,Vanessa Miller,baileystacey.7968@example.com,RO,2025-06-08,Premium,660.11
7969,Walter Mack,lisa28.7969@example.com,EC,2025-02-04,Premium,25320.92
7970,Shannon Fuentes,olsoncharles.7970@example.com,JO,2024-03-10,Basic,37122.22
7971,John Anderson,wyoung.7971@example.com,TG,2025-03-23,Basic,32165.10
7972,Danny Burns,millerrichard.7972@example.com,HN,2025-12-12,Basic,20636.81
7973,Wendy Roberts,sancheznathaniel.7973@example.com,SZ,2025-06-13,Premium,30925.15
7974,Allen Bruce,robert92.7974@example.com,TG,2024-08-28,Basic,12732.55
7975,Douglas Vazquez,xsmith.7975@example.com,PT,2024-06-25,Standard,31005.95
7976,Kimberly Goodman,gstewart.7976@example.com,SM,2026-03-13,Premium,20047.01
7977,Rachel Wilson,phillipstewart.7977@example.com,SB,2022-06-12,Standard,39377.40
7978,Mary Flores,harmondavid.7978@example.com,CM,2025-12-01,Premium,46509.71
7979,Taylor Meyer,richard66.7979@example.com,NP,2021-04-30,Basic,4983.91
7980,Thomas Gibson,fdavid.7980@example.com,VA,2022-09-11,Basic,8626.62
7981,Denise Perry,wilsondavid.7981@example.com,IL,2021-01-12,Premium,17704.32
7982,Joseph Davis,jamesrachel.7982@example.com,CA,2026-02-03,Premium,41417.00
7983,Darlene Zamora,susanwelch.7983@example.com,BR,2022-06-18,Premium,32251.33
7984,Ryan Carr,cannonmichael.7984@example.com,AG,2025-11-23,Premium,11805.63
7985,Haley Ward,timothy34.7985@example.com,PA,2021-01-21,Premium,48554.76
7986,Rebecca Malone,beverly27.7986@example.com,BT,2021-12-11,Basic,30355.56
7987,Heather Villanueva,morrissarah.7987@example.com,SM,2023-06-15,Standard,19528.24
7988,Allen Wright,stephanieparsons.7988@example.com,PH,2024-11-14,Standard,10959.76
7989,Samuel Henry,laura70.7989@example.com,QA,2022-06-26,Premium,24659.86
7990,Matthew Young,eringillespie.7990@example.com,ST,2023-01-11,Standard,40822.52
7991,David Lindsey,wendy47.7991@example.com,ME,2023-05-14,Basic,20862.54
7992,Helen Norris,dbrown.7992@example.com,TH,2025-03-09,Standard,9028.05
7993,Yvonne Harvey,coxlisa.7993@example.com,TT,2021-05-20,Standard,1821.38
7994,Colton Perry,carrie17.7994@example.com,MD,2021-03-18,Basic,29258.69
7995,Christopher Delgado,patricia43.7995@example.com,GH,2021-02-28,Basic,16271.43
7996,Victoria Fitzgerald,qmanning.7996@example.com,AR,2024-04-19,Premium,16629.27
7997,Karen Hamilton,lisa16.7997@example.com,CI,2023-03-31,Basic,6063.71
7998,Alexis Williams,annemoreno.7998@example.com,PH,2023-07-11,Premium,43297.50
7999,Ann Hoffman,dawn29.7999@example.com,PG,2020-01-05,Basic,35752.73
8000,Michael Martinez,arielrodriguez.8000@example.com,KH,2025-02-25,Basic,13471.75
8001,Shannon Logan,amber10.8001@example.com,TN,2021-06-15,Basic,38095.26
8002,Monique Levine,rgarcia.8002@example.com,LT,2022-03-01,Premium,25535.39
8003,Mr. Richard Morris,frank30.8003@example.com,JP,2024-11-25,Premium,35739.51
8004,Lori Davenport,bhunt.8004@example.com,BO,2020-09-20,Premium,35889.83
8005,Tammy Harris,davischristopher.8005@example.com,CL,2020-06-03,Standard,21073.74
8006,Sarah Peterson,gerald60.8006@example.com,MM,2024-03-06,Premium,12878.11
8007,Brian Gonzalez,pwilliams.8007@example.com,MR,2023-10-20,Premium,10278.60
8008,Kelly Phillips,kimberly14.8008@example.com,DO,2023-02-10,Standard,22670.84
8009,Justin Petersen,nealemily.8009@example.com,SO,2023-02-15,Standard,44718.42
8010,Penny Murphy,sarah90.8010@example.com,TT,2022-10-21,Basic,20164.04
8011,Suzanne Hanson,andrewjohnson.8011@example.com,RS,2022-02-08,Basic,49637.14
8012,Brooke White,ericbrown.8012@example.com,DZ,2023-07-19,Premium,43522.80
8013,Daniel Brooks,steven66.8013@example.com,RU,2021-02-17,Basic,32323.96
8014,Thomas Baxter,robert79.8014@example.com,KG,2021-11-06,Premium,668.13
8015,Steven Jenkins,brendan75.8015@example.com,KZ,2023-05-28,Basic,20027.77
8016,Reginald Mckenzie,vhester.8016@example.com,LU,2024-01-06,Standard,23457.64
8017,Christopher Valdez,bradydavid.8017@example.com,LB,2023-06-22,Premium,12038.08
8018,Diana Newman,jamesmarshall.8018@example.com,TD,2021-11-29,Standard,22699.87
8019,Dean Larsen,manuelalexander.8019@example.com,GN,2026-07-31,Basic,25599.51
8020,Sarah Perry,amysanchez.8020@example.com,MK,2025-04-19,Standard,41854.18
8021,Jose Delacruz,jessica68.8021@example.com,NE,2020-08-17,Premium,8983.42
8022,Nicole Stephens,wongjeffrey.8022@example.com,MM,2021-02-17,Standard,15072.79
8023,James Jacobs,joseph09.8023@example.com,PG,2025-09-21,Premium,13274.82
8024,Suzanne Brennan,rebeccaoneal.8024@example.com,ZA,2025-03-01,Basic,38699.68
8025,Erin Holland,baileyjacob.8025@example.com,CN,2025-07-31,Standard,45874.78
8026,Sheryl Morgan,brownchad.8026@example.com,MK,2025-05-10,Standard,25348.59
8027,Thomas Peterson,zlucero.8027@example.com,AL,2021-02-26,Basic,31766.47
8028,Robert Jones,amanda91.8028@example.com,LS,2021-12-12,Basic,45798.78
8029,Joseph Murray,yyoung.8029@example.com,CO,2023-02-21,Basic,2819.25
8030,Rebecca Olson,jerry82.8030@example.com,HT,2021-09-06,Basic,45582.38
8031,Anthony Murray,carla77.8031@example.com,SK,2026-08-17,Standard,38024.99
8032,Madison Morrison,rmendez.8032@example.com,DZ,2025-07-27,Premium,18248.61
8033,Michael Reeves,williammurphy.8033@example.com,JM,2023-11-09,Premium,1661.87
8034,Bradley Smith,xtorres.8034@example.com,KN,2020-10-01,Standard,8930.47
8035,Lori Greene,nicholsonashley.8035@example.com,CL,2022-12-19,Standard,44534.15
8036,Pamela Poole,whitechristopher.8036@example.com,VA,2023-09-11,Basic,40865.39
8037,Deborah Jones,jefferyramirez.8037@example.com,PE,2025-08-02,Premium,41202.62
8038,Dakota Adams,marcustaylor.8038@example.com,BJ,2021-06-05,Basic,31400.25
8039,Daniel Meadows,rodriguezamy.8039@example.com,BI,2022-12-06,Standard,34539.02
8040,Alexis Munoz,clarkashley.8040@example.com,TJ,2020-03-25,Premium,20959.14
8041,James Harrison,monicastanton.8041@example.com,GM,2023-01-30,Standard,44599.54
8042,Daniel Johnson,james34.8042@example.com,PH,2025-09-10,Basic,21238.27
8043,Christopher Bush,rodgersmaxwell.8043@example.com,BA,2020-01-02,Premium,29829.39
8044,Erik Griffith,williamsjames.8044@example.com,MG,2022-01-10,Standard,4363.34
8045,Javier Spencer,selena44.8045@example.com,BY,2025-06-19,Basic,6983.15
8046,Danielle Best,nhernandez.8046@example.com,LU,2020-07-15,Premium,39711.40
8047,Samantha Knapp,owilson.8047@example.com,EG,2020-10-01,Standard,20614.98
8048,Michael Moody,ashleychambers.8048@example.com,LI,2024-02-08,Premium,9882.58
8049,Wendy Moreno,karen50.8049@example.com,CR,2025-10-28,Basic,36902.32
8050,Caroline Swanson,gsparks.8050@example.com,NA,2020-06-01,Basic,31660.17
8051,Donald Johnson,jeremy67.8051@example.com,SD,2020-10-09,Premium,47415.44
8052,Brittany Brown,clambert.8052@example.com,TG,2022-08-31,Standard,32331.92
8053,Tonya Barry,nhernandez.8053@example.com,CV,2023-07-07,Basic,48199.98
8054,Crystal Galloway,kcopeland.8054@example.com,MT,2020-09-17,Basic,43676.54
8055,Joseph Yu,norma47.8055@example.com,CI,2023-03-14,Standard,33662.85
8056,Theodore Taylor,esantiago.8056@example.com,HN,2021-04-23,Standard,26270.83
8057,Kathryn Patel MD,smithnicole.8057@example.com,LY,2021-08-21,Premium,5471.36
8058,Madison Sanders,kenneth68.8058@example.com,KR,2024-05-12,Premium,1101.95
8059,Joshua Vargas,vwright.8059@example.com,SD,2022-09-24,Standard,40712.93
8060,Keith Smith,kimchristopher.8060@example.com,MX,2024-02-24,Standard,41969.76
8061,Jeffrey Baker,gibsonmegan.8061@example.com,PG,2021-02-01,Basic,11575.70
8062,Lisa Walker,matthew05.8062@example.com,BB,2025-02-11,Standard,41651.08
8063,Elizabeth Adams,wbradley.8063@example.com,GQ,2020-10-01,Basic,29156.58
8064,Laura Stafford,ericahart.8064@example.com,GW,2022-04-07,Standard,7304.18
8065,Michelle Wood,rodriguezmelinda.8065@example.com,SV,2024-01-29,Premium,6805.56
8066,Andrew Johnson,jkeller.8066@example.com,VN,2024-05-13,Standard,26460.35
8067,Gregory Salas,jenningspatricia.8067@example.com,ES,2026-07-13,Standard,35719.35
8068,Becky Vaughn,yroberts.8068@example.com,FJ,2024-07-05,Standard,46162.81
8069,Erin Blair,munozgary.8069@example.com,PA,2020-10-21,Basic,18994.53
8070,Hector Lang,mitchelllowe.8070@example.com,TM,2020-10-13,Premium,33504.02
8071,Diana Davis,moralesrobert.8071@example.com,ML,2023-03-21,Standard,48500.58
8072,Colton Lucas,dwade.8072@example.com,GD,2021-06-23,Standard,11674.19
8073,Valerie Wilson,tammymorris.8073@example.com,LR,2021-01-30,Premium,4706.47
8074,Robert Calderon,,BS,2024-02-27,Standard,35400.60
8075,Rachel Wyatt,timothy43.8075@example.com,TR,2023-12-29,Basic,40947.49
8076,Barbara Adams,justin92.8076@example.com,LT,2024-06-06,Basic,33335.45
8077,Jennifer Downs,griley.8077@example.com,UA,2026-08-08,Basic,40021.12
8078,Terry Berry,andrew25.8078@example.com,NA,2022-11-05,Basic,21416.22
8079,Juan Morgan,jerryharris.8079@example.com,AF,2021-09-02,Premium,46896.55
8080,Kevin Jones,pwilliams.8080@example.com,VN,2024-08-08,Standard,16512.63
8081,Eric Gardner,miranda25.8081@example.com,ZA,2020-12-09,Standard,12465.95
8082,John Clark,ymiller.8082@example.com,MD,2020-03-31,Standard,31338.50
8083,William Caldwell,lindseybrown.8083@example.com,SV,2020-05-05,Premium,4618.65
8084,John Morales DDS,james88.8084@example.com,VA,2026-07-09,Standard,10167.50
8085,Natasha Tucker,lindseymichael.8085@example.com,DZ,2023-01-08,Premium,32087.26
8086,Caitlin Bennett,biancakrueger.8086@example.com,LK,2025-11-25,Premium,7907.85
8087,Matthew Goodwin,donna97.8087@example.com,AD,2025-08-31,Premium,45325.68
8088,Kristin Ramirez,martinvictor.8088@example.com,ME,2020-10-21,Premium,20954.32
8089,John Lam,jonesdonald.8089@example.com,VE,2023-10-27,Basic,47615.81
8090,James Allen,lindaray.8090@example.com,SB,2025-10-15,Standard,22907.04
8091,Jack Rodriguez,russellpeterson.8091@example.com,PL,2021-01-06,Basic,22504.61
8092,Gregory Henderson,bakerandrew.8092@example.com,TL,2021-12-21,Standard,46624.72
8093,Joshua Johnson,acampbell.8093@example.com,MK,2025-01-18,Standard,28771.61
8094,Philip Hernandez,jennifergomez.8094@example.com,KG,2021-05-12,Premium,27690.66
8095,Laurie Simon,kblackburn.8095@example.com,BG,2022-06-12,Basic,49345.99
8096,Daniel Rangel,,MM,2023-06-26,Basic,12182.10
8097,Jessica Fischer,hernandezwilliam.8097@example.com,JO,2025-01-23,Basic,37197.36
8098,Karen Long,brian46.8098@example.com,GB,2024-10-31,Premium,44276.95
8099,Janet Tucker,paula87.8099@example.com,CA,2024-11-03,Basic,41558.38
8100,Jonathan Hernandez,kbrown.8100@example.com,JP,2025-08-26,Standard,38303.24
8101,Charles Robles,jsmith.8101@example.com,AE,2023-11-10,Standard,10027.60
8102,Claudia Baker,jennifer39.8102@example.com,AO,2025-11-26,Standard,14464.81
8103,Austin Nelson,ybutler.8103@example.com,BY,2025-07-29,Basic,16980.97
8104,Ethan Jordan,ddiaz.8104@example.com,BY,2020-10-03,Basic,41244.10
8105,Cameron Cox,gbutler.8105@example.com,BY,2026-01-29,Standard,9007.41
8106,Summer Martinez,kelseyruiz.8106@example.com,TN,2025-12-27,Standard,34866.59
8107,Mary Lee,lewislisa.8107@example.com,BJ,2020-04-25,Basic,2307.15
8108,Shannon Estrada,hpalmer.8108@example.com,SB,2021-05-08,Basic,32252.56
8109,Christina Johnson,sandersmarcus.8109@example.com,PA,2022-07-23,Standard,23740.96
8110,Julie Murphy,kimberlysmith.8110@example.com,BI,2023-02-09,Premium,29976.03
8111,Robert Lopez,nhorn.8111@example.com,MH,2020-10-18,Premium,13053.90
8112,Timothy Moreno,robertsgina.8112@example.com,NR,2024-04-05,Standard,33086.27
8113,Olivia Woods,vwhite.8113@example.com,IN,2020-12-09,Basic,39574.43
8114,Thomas Guerrero,fmurphy.8114@example.com,MT,2025-04-06,Premium,17109.06
8115,Eric Farmer,lindasandoval.8115@example.com,PS,2023-09-22,Basic,28568.21
8116,Megan Duarte,jasonbrown.8116@example.com,SD,2020-11-12,Basic,19980.81
8117,Stephanie Campbell,nathanieltucker.8117@example.com,ST,2023-02-10,Basic,7287.01
8118,Natasha Stephens,crystal91.8118@example.com,CZ,2020-08-15,Premium,43378.09
8119,Shawn Olsen,david83.8119@example.com,CI,2023-10-22,Standard,13751.14
8120,Nicole Dunn,tsmith.8120@example.com,AD,2022-06-10,Basic,35192.38
8121,Dr. Abigail Salazar MD,owhitney.8121@example.com,ST,2024-06-28,Basic,23903.84
8122,Kelsey Wright,courtneybuckley.8122@example.com,GQ,2021-04-06,Standard,12043.21
8123,Tina Richardson,maria63.8123@example.com,PL,2026-03-25,Basic,23988.22
8124,Roberta Davis,maguirre.8124@example.com,UA,2025-07-29,Premium,7801.81
8125,Mark Rodriguez,crystalhines.8125@example.com,MC,2025-01-10,Standard,34524.63
8126,Martin Smith,andrew97.8126@example.com,PL,2024-10-24,Basic,17516.16
8127,Maxwell Benton,hdickson.8127@example.com,BE,2024-12-13,Basic,36448.72
8128,Justin Jensen,haroldle.8128@example.com,BB,2021-03-12,Standard,19415.22
8129,Becky Brown,weissderek.8129@example.com,PL,2026-01-25,Standard,9818.68
8130,Charles Galloway,gbowers.8130@example.com,LU,2021-02-22,Premium,40334.58
8131,Bradley Bartlett,wendyjackson.8131@example.com,KR,2021-10-12,Premium,19663.88
8132,Jillian Kemp,jonestoni.8132@example.com,DJ,2022-09-21,Basic,35470.65
8133,Sara Sutton,tanyawatts.8133@example.com,CA,2021-06-30,Standard,23192.46
8134,Casey Tran,fcampbell.8134@example.com,RW,2020-06-21,Premium,31297.05
8135,Richard Cline,jessicayang.8135@example.com,IT,2020-08-20,Premium,5664.54
8136,Tanya Crawford,sfields.8136@example.com,SZ,2025-09-01,Basic,42644.25
8137,Joseph Taylor,linda44.8137@example.com,SE,2024-07-19,Basic,43846.18
8138,Crystal Sanders,jimmyjohnson.8138@example.com,SL,2025-10-21,Standard,27704.03
8139,Brian Mack,padillaangela.8139@example.com,BG,2020-12-23,Basic,3067.87
8140,Morgan Patrick,zpayne.8140@example.com,LB,2020-10-01,Standard,43656.64
8141,Katrina Barker,jessicarose.8141@example.com,BB,2024-08-02,Basic,20795.82
8142,Haley Lee,shelley40.8142@example.com,YE,2022-05-09,Standard,43216.98
8143,Karen Lutz,christian45.8143@example.com,CM,2024-06-01,Basic,8382.22
8144,Christopher Alvarez,brookschristina.8144@example.com,LS,2023-07-07,Premium,43660.21
8145,Sabrina Jackson,nicholas94.8145@example.com,CN,2020-08-19,Basic,9664.51
8146,Brianna Johnson,alam.8146@example.com,MA,2025-06-05,Basic,49850.20
8147,Mrs. Leslie Vazquez,ewiggins.8147@example.com,AU,2021-06-02,Basic,17516.56
8148,Adrian Key,hendrickstimothy.8148@example.com,BD,2022-02-28,Basic,9647.08
8149,Michael Wright,zjohnson.8149@example.com,GM,2021-02-20,Premium,41989.12
8150,Travis Hawkins Jr.,bryanbrown.8150@example.com,PW,2021-10-11,Premium,40552.70
8151,Melinda Haley,robert75.8151@example.com,DE,2020-07-23,Basic,16615.08
8152,Michelle Weber,cookryan.8152@example.com,NO,2020-07-17,Basic,31284.77
8153,Russell Diaz,brett04.8153@example.com,SM,2025-10-07,Premium,8717.06
8154,Judy Martinez,david40.8154@example.com,ZM,2020-06-20,Standard,31911.00
8155,Valerie Wagner,brian21.8155@example.com,CU,2026-01-13,Standard,43336.49
8156,Charles Williams,kimgregory.8156@example.com,CI,2025-08-19,Standard,37503.89
8157,Amy Davis,ryan34.8157@example.com,CO,2023-07-19,Standard,26374.40
8158,Kenneth Davila,mckinneydaniel.8158@example.com,CM,2022-12-21,Standard,6821.42
8159,Lorraine Duarte,collinsjames.8159@example.com,KP,2020-01-08,Premium,45362.51
8160,Amanda Robertson,ymeyers.8160@example.com,ES,2021-06-04,Basic,34906.96
8161,Glenn Bolton,marcthompson.8161@example.com,MA,2026-04-20,Premium,46535.46
8162,Lisa Smith,julianmatthews.8162@example.com,PS,2021-10-03,Basic,4506.52
8163,Peter Parker,adam14.8163@example.com,CI,2021-08-25,Basic,46281.36
8164,Kyle Rodriguez,stanleyfelicia.8164@example.com,NO,2020-05-30,Basic,2397.12
8165,Kathryn Henson,brendafrazier.8165@example.com,SD,2020-03-24,Premium,20297.12
8166,Stephanie Garner,sherry12.8166@example.com,KI,2025-07-30,Basic,23893.08
8167,Joseph Thomas,schroederwilliam.8167@example.com,SZ,2025-07-02,Standard,41666.90
8168,Julie Banks,wbush.8168@example.com,SR,2024-05-26,Basic,34514.49
8169,Gary Brown,lanebrianna.8169@example.com,PL,2026-07-20,Basic,42166.29
8170,Teresa Phillips,hollywalker.8170@example.com,SM,2026-03-12,Standard,49180.00
8171,Barbara Reynolds,whitetiffany.8171@example.com,CL,2025-02-11,Premium,9320.09
8172,Jose Santiago,shelley67.8172@example.com,NA,2022-07-05,Standard,47085.02
8173,Scott Anderson,sharon03.8173@example.com,KZ,2020-07-11,Standard,16695.32
8174,Zachary Green MD,ffoster.8174@example.com,NE,2026-04-21,Standard,2529.91
8175,Nicholas Smith,jennifermaxwell.8175@example.com,DO,2021-03-17,Premium,48325.58
8176,Allen Munoz,holly59.8176@example.com,KR,2024-04-01,Premium,29246.07
8177,Jill Bailey,danielramsey.8177@example.com,DJ,2021-12-23,Basic,32449.74
8178,Katherine Ingram,jenkinssara.8178@example.com,MX,2025-07-19,Basic,14103.52
8179,Charlene Cunningham,manuel66.8179@example.com,CV,2022-01-30,Premium,2745.31
8180,Eric Jackson,ricky87.8180@example.com,AT,2021-10-07,Premium,25496.80
8181,Erika Morgan,yfoster.8181@example.com,MA,2026-07-22,Standard,39895.11
8182,Collin Gordon,michaelasanders.8182@example.com,BJ,2022-10-29,Premium,4901.49
8183,Patricia Jefferson,wilsonwayne.8183@example.com,TL,2026-01-04,Basic,37800.14
8184,Alex Johnson,lindsaycohen.8184@example.com,SY,2023-12-25,Basic,12114.01
8185,James Bishop,nicholas27.8185@example.com,MW,2022-03-21,Basic,48104.31
8186,Dr. Ann Lester,daisy15.8186@example.com,UG,2025-05-22,Premium,2346.45
8187,William Berry,mcintyrejulie.8187@example.com,QA,2022-08-24,Basic,28043.70
8188,Julie Morrison,vwallace.8188@example.com,VN,2023-08-13,Premium,46834.31
8189,Wanda Garcia,nrowland.8189@example.com,ZM,2021-03-17,Standard,23532.24
8190,Taylor Stein,bmay.8190@example.com,TV,2026-07-21,Basic,13846.28
8191,Shannon Bailey,dhester.8191@example.com,TO,2023-06-12,Basic,35791.17
8192,James Carlson,faith93.8192@example.com,BY,2025-01-21,Standard,11054.73
8193,Kristina Dougherty,mathewskimberly.8193@example.com,US,2023-04-06,Standard,23782.37
8194,Debra White,kscott.8194@example.com,RS,2024-09-06,Standard,4895.14
8195,Todd Bates,lauren54.8195@example.com,CL,2020-04-16,Standard,33268.25
8196,Marie Lee,lharris.8196@example.com,CA,2025-03-17,Basic,43132.80
8197,Michael Gregory,abigail56.8197@example.com,LV,2020-04-30,Basic,23293.55
8198,Jeanne Lewis,powelljames.8198@example.com,CU,2022-01-11,Basic,31632.43
8199,Edward Booth,jenniferallen.8199@example.com,GQ,2025-11-10,Premium,15418.03
8200,Sandra Ward,ydunn.8200@example.com,IQ,2024-05-01,Basic,11152.86
8201,Diana Gordon,ann06.8201@example.com,GT,2021-05-09,Standard,22349.06
8202,Catherine Mckinney,kimberlyquinn.8202@example.com,KE,2025-04-21,Premium,31603.54
8203,Robert Brown,thompsonann.8203@example.com,LR,2024-12-14,Premium,11086.02
8204,Kendra Lopez,jameslozano.8204@example.com,CZ,2023-01-17,Standard,40099.72
8205,Elijah Evans,theresathomas.8205@example.com,BY,2021-11-17,Basic,20959.43
8206,Juan Calhoun,jason95.8206@example.com,LB,2022-03-02,Basic,26495.55
8207,Jeff Perez,katieadams.8207@example.com,RW,2021-07-16,Premium,2807.23
8208,Walter Garner,williamsonnicholas.8208@example.com,MV,2021-09-13,Standard,13939.59
8209,Jeffery Munoz,melissa51.8209@example.com,JO,2020-10-23,Premium,10775.52
8210,Kathy Griffin,bellgloria.8210@example.com,NO,2020-01-19,Premium,1340.46
8211,Ashley Morris,david16.8211@example.com,BB,2022-08-15,Premium,11348.57
8212,Amanda Flores,gregorynicholas.8212@example.com,GQ,2024-08-28,Standard,48533.97
8213,Amy Jennings,fletcherbrandon.8213@example.com,DO,2020-08-02,Standard,32316.60
8214,Clayton Harris,jessica76.8214@example.com,ME,2022-10-09,Standard,14032.74
8215,Adriana Weaver,lphillips.8215@example.com,MD,2025-01-09,Standard,14305.61
8216,Elizabeth Harmon,michellehowell.8216@example.com,ER,2020-11-15,Premium,7958.37
8217,Anthony Wells,bradleywhite.8217@example.com,OM,2026-03-24,Basic,4004.41
8218,Jonathan Delacruz,john93.8218@example.com,VU,2024-08-26,Basic,9373.04
8219,Gerald Cooper,phillipsbenjamin.8219@example.com,AU,2022-08-19,Standard,2885.81
8220,John Alvarado,keithlewis.8220@example.com,CU,2024-12-07,Standard,49451.96
8221,Sean Carter,brookschristie.8221@example.com,TG,2025-11-22,Standard,36560.20
8222,Angela Howell,vargasrobert.8222@example.com,VA,2023-08-09,Standard,14715.26
8223,Sheryl Avila,dwilliams.8223@example.com,GE,2020-02-11,Premium,44119.21
8224,Steven Meyer,deborah08.8224@example.com,LR,2022-11-17,Basic,2071.42
8225,Lauren Baker,khull.8225@example.com,LU,2022-08-20,Premium,42762.16
8226,Alyssa Taylor,bakersusan.8226@example.com,BO,2024-08-22,Premium,12780.44
8227,Casey Davidson,stevenslinda.8227@example.com,MK,2020-12-29,Premium,22083.44
8228,Calvin Flores,jenniferhenry.8228@example.com,MD,2020-04-01,Standard,4557.03
8229,William Adams,mclaughlinanthony.8229@example.com,CH,2025-05-02,Basic,5829.14
8230,John Reynolds,orush.8230@example.com,VC,2023-08-28,Basic,20400.46
8231,Aaron Walter,gbarnett.8231@example.com,BR,2025-12-15,Basic,23960.51
8232,Robin Harmon,tpetersen.8232@example.com,CD,2022-10-14,Basic,35632.39
8233,Barbara Montgomery,pollardjeffrey.8233@example.com,PY,2022-11-28,Premium,32147.27
8234,Heather Gay,gtucker.8234@example.com,DE,2021-07-05,Premium,21239.75
8235,Caitlyn Nelson,darren15.8235@example.com,AG,2023-07-15,Standard,29717.63
8236,Shannon Reed,diana02.8236@example.com,IE,2021-01-02,Standard,25571.62
8237,April Robles,deniseholmes.8237@example.com,LB,2025-12-23,Premium,16642.76
8238,Leslie Miller,antonio77.8238@example.com,BD,2025-06-05,Standard,20312.32
8239,Travis Campbell,dbrown.8239@example.com,SZ,2021-08-18,Premium,17166.55
8240,Joshua Dyer,joseph50.8240@example.com,UA,2025-06-01,Standard,23199.08
8241,Kyle Guerrero,upena.8241@example.com,CL,2025-03-07,Premium,27226.26
8242,Brian Chambers,kelleyrachel.8242@example.com,ID,2024-06-07,Standard,12767.22
8243,Wesley Robbins,mccoyrobert.8243@example.com,VC,2020-07-02,Premium,41862.85
8244,Gloria Mccormick,hcampbell.8244@example.com,AU,2026-07-24,Standard,9980.16
8245,Tony Fritz,dwilliams.8245@example.com,ZW,2023-03-04,Premium,35675.30
8246,John Mejia,anna07.8246@example.com,DZ,2024-06-18,Basic,33714.31
8247,Tammy Walsh,ogonzalez.8247@example.com,MG,2020-11-12,Premium,20130.05
8248,Breanna Stark,alexis78.8248@example.com,UY,2026-03-01,Basic,37499.13
8249,John Stone,rrobertson.8249@example.com,NA,2026-06-11,Basic,6850.26
8250,Suzanne Davis,wmorrison.8250@example.com,IE,2022-02-25,Standard,28314.50
8251,Rachael Clark,idavis.8251@example.com,BZ,2022-10-12,Premium,4309.79
8252,James Nelson,martinezdaniel.8252@example.com,CI,2026-06-05,Premium,25015.09
8253,Robert Roach,rgarcia.8253@example.com,RW,2025-12-17,Basic,45431.54
8254,James Durham,amy12.8254@example.com,BZ,2021-02-12,Standard,47424.44
8255,Jonathon Smith,carrieingram.8255@example.com,MM,2023-12-18,Standard,36155.86
8256,Jessica Mccall,danielle92.8256@example.com,US,2022-08-15,Basic,29739.71
8257,James Becker,josephallen.8257@example.com,SY,2021-12-22,Basic,9382.51
8258,Ann Robinson,lgregory.8258@example.com,QA,2020-05-01,Basic,29094.23
8259,Angela Howard,douglasyoung.8259@example.com,KH,2020-02-21,Standard,41129.45
8260,Diane Williams,yfranco.8260@example.com,AO,2026-05-07,Standard,6512.28
8261,Kirk Mayer,robin91.8261@example.com,CM,2024-11-22,Basic,8240.90
8262,Richard Walker,pmartin.8262@example.com,PH,2024-07-03,Standard,458.55
8263,Janet Washington,danny67.8263@example.com,AD,2021-11-21,Basic,20572.34
8264,Marvin Smith,jenniferfitzgerald.8264@example.com,SG,2022-09-22,Premium,39975.21
8265,Robert Johnson,edwardholt.8265@example.com,MZ,2021-02-01,Standard,9108.05
8266,Stephanie Burke,ljoseph.8266@example.com,DM,2025-09-20,Basic,5329.55
8267,Brandon Hawkins,caroline93.8267@example.com,TO,2021-09-11,Premium,24507.87
8268,Mark Perry,atkinsontheodore.8268@example.com,AR,2026-05-28,Premium,28239.45
8269,Krystal Henderson,samantha63.8269@example.com,VN,2022-07-23,Standard,42571.40
8270,William Forbes,stephanie88.8270@example.com,BT,2022-02-23,Basic,35922.45
8271,Erik Matthews,stephanie95.8271@example.com,GY,2020-03-06,Basic,19893.48
8272,Ryan Sloan,millerkari.8272@example.com,CR,2024-11-22,Standard,42830.87
8273,Rachel Cobb,mccarthypaula.8273@example.com,GT,2022-05-01,Premium,29594.50
8274,Victoria Phelps,goldenchristina.8274@example.com,AL,2020-05-01,Standard,6603.36
8275,Albert Carson,kscott.8275@example.com,UZ,2020-11-02,Standard,28633.10
8276,Joseph Silva,sherry15.8276@example.com,FR,2021-10-17,Premium,26180.60
8277,Anthony Novak,ddavis.8277@example.com,TD,2026-03-03,Standard,41326.52
8278,Mario Russell,jenniferbrown.8278@example.com,CG,2024-03-24,Premium,14196.47
8279,Ashley Brown,wellsmartin.8279@example.com,PS,2021-08-30,Basic,6640.94
8280,Kelly Harvey,karamckee.8280@example.com,TG,2023-04-23,Premium,26570.91
8281,Seth Taylor,xpeterson.8281@example.com,MH,2020-04-24,Standard,7833.27
8282,Patrick Baker,,BZ,2022-06-01,Premium,4241.35
8283,Anna Yoder MD,tlewis.8283@example.com,SN,2022-10-02,Basic,29522.94
8284,Linda King,carloswise.8284@example.com,CF,2020-08-30,Basic,21693.51
8285,Angela Mendez,jeanette13.8285@example.com,BN,2024-03-19,Premium,19528.56
8286,Melissa Greene,stacey83.8286@example.com,EC,2024-02-04,Standard,20189.14
8287,Andrea Rodriguez,raymondmorgan.8287@example.com,KI,2025-12-10,Standard,34621.27
8288,Daniel Anderson,butlermarc.8288@example.com,MC,2020-04-01,Standard,36977.30
8289,David Murphy,ericmunoz.8289@example.com,AM,2020-02-19,Standard,47572.10
8290,Chad Morales,kendrabowers.8290@example.com,AG,2024-06-19,Standard,3045.88
8291,Nicole Snyder,lisa15.8291@example.com,VC,2023-11-26,Standard,46250.29
8292,Jason Warren,bethany12.8292@example.com,GQ,2021-06-11,Standard,6275.92
8293,James Mcmillan,umiller.8293@example.com,BN,2022-01-21,Premium,33053.58
8294,Alexandria Richards,davislori.8294@example.com,YE,2021-05-03,Premium,17605.73
8295,Ashley Simpson,sydneyjimenez.8295@example.com,EE,2021-05-24,Premium,19972.49
8296,Monica Carr,lindaross.8296@example.com,EE,2025-12-06,Premium,18808.59
8297,Amber Williams,nicholasschwartz.8297@example.com,NP,2023-05-10,Basic,11211.51
8298,Emily Green,yburke.8298@example.com,HN,2024-02-28,Standard,45235.35
8299,Michelle Stewart,dannysmith.8299@example.com,BF,2022-04-23,Premium,13856.64
8300,Kevin Gibson,burgesskelsey.8300@example.com,GE,2025-08-29,Standard,20603.00
8301,Kevin Hayes,craigjuarez.8301@example.com,SZ,2022-06-13,Standard,40202.85
8302,Beverly Martin,garciamary.8302@example.com,MT,2022-07-09,Basic,21520.95
8303,Sharon Sims,vpatton.8303@example.com,DK,2023-11-02,Premium,31018.47
8304,James Craig,cristian69.8304@example.com,GA,2023-11-09,Premium,23511.36
8305,Joshua White,james47.8305@example.com,BW,2026-03-13,Standard,702.74
8306,Cynthia Fisher,rmichael.8306@example.com,GW,2020-11-30,Standard,42561.81
8307,Patricia Morgan,ellenreeves.8307@example.com,VN,2021-08-19,Standard,35402.82
8308,Nicholas Blevins,bryanmiller.8308@example.com,BI,2023-04-15,Standard,30848.73
8309,Joshua Torres,howardjames.8309@example.com,GM,2021-02-09,Premium,25418.09
8310,Carlos Edwards,kristenbecker.8310@example.com,AR,2021-03-11,Basic,32344.57
8311,Sara Gillespie,bkennedy.8311@example.com,PT,2025-02-17,Premium,19737.32
8312,Zachary Pittman,karen39.8312@example.com,AF,2023-10-29,Basic,3377.96
8313,Wayne Barton,ablack.8313@example.com,GW,2024-01-15,Standard,41888.91
8314,Lauren Perry,rodriguezsarah.8314@example.com,TO,2026-07-10,Basic,36350.18
8315,Joseph Wolfe,hfranklin.8315@example.com,BF,2023-01-17,Basic,16138.39
8316,Sarah Navarro,wleblanc.8316@example.com,BA,2024-09-21,Premium,45075.17
8317,April Smith,tfernandez.8317@example.com,JM,2025-03-04,Premium,26678.36
8318,Margaret Woodard,froststacy.8318@example.com,KZ,2025-10-09,Premium,32246.91
8319,Gloria Robinson,coxmatthew.8319@example.com,MT,2022-08-16,Standard,10497.07
8320,Brittany Murray,michele55.8320@example.com,BY,2024-10-10,Premium,36435.95
8321,Jennifer Munoz,johnroman.8321@example.com,UY,2023-02-01,Basic,32952.99
8322,Stephen Jackson,qsanders.8322@example.com,AU,2022-12-09,Premium,26375.20
8323,Monica Taylor,abigail46.8323@example.com,JP,2022-06-05,Standard,18455.83
8324,Mackenzie Wilson,ymcdonald.8324@example.com,TT,2021-02-25,Standard,49351.81
8325,Andrea Phillips,natasha61.8325@example.com,PS,2022-07-23,Premium,13785.11
8326,Brian Brooks,christopherbrown.8326@example.com,LR,2021-12-14,Premium,10221.76
8327,Grant Gonzalez,sanfordmary.8327@example.com,UA,2025-03-28,Standard,36551.36
8328,Steven Nelson,aaronreynolds.8328@example.com,KW,2021-07-14,Basic,40997.16
8329,Deborah Robertson,cmiller.8329@example.com,MX,2023-10-17,Premium,37444.47
8330,Carly Crawford,vaughnjennifer.8330@example.com,LI,2021-07-22,Basic,18924.30
8331,Cassandra Howard,dhickman.8331@example.com,PW,2023-07-22,Basic,8445.61
8332,Francisco Whitehead,sandrabass.8332@example.com,CG,2022-08-11,Premium,19026.15
8333,John Cohen,barbara01.8333@example.com,BT,2025-07-22,Basic,13060.42
8334,Daniel Marquez,wallerkevin.8334@example.com,PH,2020-02-12,Premium,20305.85
8335,Patrick Herring,xcook.8335@example.com,KP,2024-02-07,Standard,8608.45
8336,Dustin Richardson,catherinegonzales.8336@example.com,MK,2024-01-24,Premium,37122.34
8337,Steven Lopez,vross.8337@example.com,VA,2025-11-21,Premium,16914.10
8338,Phillip Griffith,kelly83.8338@example.com,SN,2022-09-02,Standard,22004.87
8339,Joseph Cooper,ashleystephen.8339@example.com,CU,2025-09-23,Premium,41965.23
8340,Kelly Chavez,usanders.8340@example.com,ST,2023-07-24,Basic,11080.63
8341,Tammy Jones,karinarobertson.8341@example.com,KP,2023-12-08,Basic,25449.73
8342,Kayla Cruz,robertwilliams.8342@example.com,BD,2020-07-28,Premium,30345.05
8343,Barbara Reed,gnichols.8343@example.com,CI,2024-12-05,Standard,15604.47
8344,Julia Ferguson,vmiller.8344@example.com,CG,2022-07-06,Standard,3012.30
8345,Rhonda Rivera,edward39.8345@example.com,BI,2025-09-01,Premium,11226.31
8346,Valerie Wallace,zbailey.8346@example.com,HU,2023-02-09,Premium,32.06
8347,Crystal Camacho,sjohnson.8347@example.com,FM,2024-03-27,Premium,49534.58
8348,Lee Juarez,stevenwells.8348@example.com,NP,2021-11-14,Premium,840.77
8349,George Bell PhD,butlerelizabeth.8349@example.com,SI,2023-10-06,Basic,44294.70
8350,Roy Burgess,mark46.8350@example.com,CG,2026-04-26,Premium,22733.44
8351,Grace Thornton,frankjones.8351@example.com,FR,2025-09-10,Standard,32605.38
8352,Gwendolyn Lopez,josephmaxwell.8352@example.com,GH,2023-01-23,Standard,6613.90
8353,Sarah Simpson,anthonykim.8353@example.com,DO,2026-08-26,Basic,4328.87
8354,Miguel Hernandez,wsnyder.8354@example.com,FI,2024-09-15,Premium,4077.77
8355,Jasmine Wallace,nunezsean.8355@example.com,SR,2023-10-12,Basic,3260.30
8356,Lori Martin,xsmith.8356@example.com,RS,2023-11-22,Standard,12148.59
8357,Richard Mcneil,brad94.8357@example.com,AU,2022-06-04,Basic,18121.00
8358,Emily Miller,ffrank.8358@example.com,HN,2026-04-25,Standard,39677.69
8359,Melissa Paul,keith69.8359@example.com,MK,2024-07-23,Basic,1357.17
8360,Andrew Herring,klineelizabeth.8360@example.com,PE,2024-12-29,Premium,34859.27
8361,Jimmy Boyd,jessicaleach.8361@example.com,LV,2021-12-23,Premium,25564.19
8362,Collin Robinson,bill54.8362@example.com,IQ,2025-08-29,Basic,29037.11
8363,Jacob Aguilar,christopher56.8363@example.com,PG,2021-09-13,Standard,847.20
8364,Hector Gutierrez,jnewman.8364@example.com,CV,2025-01-01,Standard,15861.29
8365,David Hood,william58.8365@example.com,TG,2022-04-05,Standard,18358.67
8366,Jacqueline Foster,raymondveronica.8366@example.com,SD,2020-02-23,Standard,38673.92
8367,Hannah Barrett,jenningssarah.8367@example.com,KM,2025-05-13,Premium,39126.05
8368,Jamie Mcintyre,briananderson.8368@example.com,KG,2021-01-20,Standard,49114.31
8369,Michael Everett,elizabeth20.8369@example.com,KE,2022-06-03,Premium,21074.73
8370,Jasmine Mcgee,jeffersonjacqueline.8370@example.com,MR,2020-08-23,Basic,4025.15
8371,Cameron Haynes,urobertson.8371@example.com,TN,2021-12-13,Basic,42011.66
8372,Richard Oconnor,stevenprice.8372@example.com,TV,2021-08-23,Standard,17936.30
8373,Frances Mitchell,vmejia.8373@example.com,DJ,2024-05-17,Standard,24602.18
8374,James Moss,mitchell96.8374@example.com,BO,2025-06-12,Standard,16033.48
8375,Jack Juarez,davidmartinez.8375@example.com,ID,2021-10-26,Standard,26415.28
8376,Mrs. Jessica Coleman,jasonholt.8376@example.com,LS,2023-10-13,Standard,24485.12
8377,Tara Hansen,sara20.8377@example.com,GW,2026-02-23,Basic,34381.27
8378,Rodney Brock,allen89.8378@example.com,HU,2022-03-25,Standard,15776.91
8379,Patricia Oliver,xbrewer.8379@example.com,BT,2022-11-11,Premium,4090.25
8380,Heather Cook,millskristin.8380@example.com,CI,2023-03-25,Standard,1479.23
8381,Steven Warren,molly46.8381@example.com,GM,2022-10-05,Basic,5844.71
8382,Antonio Henry,walkerkayla.8382@example.com,MN,2025-09-27,Standard,10148.91
8383,Jodi White,cobblisa.8383@example.com,KP,2023-06-06,Premium,45245.97
8384,Robert Wells,vaughnkyle.8384@example.com,AF,2025-03-30,Standard,35054.66
8385,Jason Noble,phall.8385@example.com,PG,2020-05-10,Basic,27980.92
8386,William Bell,ejackson.8386@example.com,CH,2021-06-30,Standard,49968.44
8387,Amy Smith,martinchristine.8387@example.com,GD,2022-06-22,Standard,10947.44
8388,Jack Kane DDS,ujones.8388@example.com,IQ,2022-08-07,Basic,43122.12
8389,Curtis Russo,opope.8389@example.com,BT,2024-03-23,Basic,248.52
8390,George Hall,garciaelizabeth.8390@example.com,KI,2023-03-23,Premium,49142.37
8391,James Hurst,isaiahwilson.8391@example.com,DJ,2025-11-13,Standard,42169.04
8392,Cynthia Bolton,michealcobb.8392@example.com,TD,2024-04-23,Premium,16765.40
8393,Jason Kelly,amymartin.8393@example.com,TH,2022-05-27,Standard,23818.58
8394,Melinda Martinez,amanda44.8394@example.com,BD,2021-01-17,Basic,46811.70
8395,Roy Sherman,doncruz.8395@example.com,CL,2022-11-19,Basic,48890.34
8396,Tamara Rodriguez,morganolson.8396@example.com,OM,2023-04-30,Basic,39491.80
8397,Deborah Ritter,brownnicole.8397@example.com,GQ,2022-12-25,Standard,45662.85
8398,Samantha Clark,sandovalcheryl.8398@example.com,DM,2024-01-31,Standard,18279.30
8399,Norma Williams,dennisjoseph.8399@example.com,VA,2023-12-28,Basic,6983.31
8400,Gregory Johnson,lauriemcdonald.8400@example.com,BA,2023-12-02,Standard,3353.47
8401,Timothy Hernandez,austinmiller.8401@example.com,MM,2023-06-12,Premium,38275.17
8402,Travis Mcdaniel,bridgetrogers.8402@example.com,AM,2023-10-18,Standard,9959.72
8403,Mallory Price,brenda07.8403@example.com,MN,2022-08-05,Standard,34278.06
8404,Amanda Morgan,robertarmstrong.8404@example.com,CR,2025-09-26,Basic,47166.90
8405,Tyler Glenn,xwatkins.8405@example.com,AR,2022-02-18,Basic,42869.04
8406,Brent Lamb,teresa07.8406@example.com,CR,2023-04-04,Premium,20175.30
8407,Christopher Powell,jasonlester.8407@example.com,PK,2021-03-17,Standard,6935.96
8408,Megan Brown,vaughandana.8408@example.com,TH,2021-08-16,Premium,1586.88
8409,Jesse Moore,marc41.8409@example.com,ME,2023-05-24,Basic,4234.05
8410,Dr. Andrew Smith,susanschmidt.8410@example.com,MH,2021-10-07,Premium,10566.34
8411,Susan Cook,vbernard.8411@example.com,SE,2022-05-18,Premium,16920.77
8412,Kimberly Brown,kimberlygates.8412@example.com,MG,2022-12-12,Premium,3748.07
8413,Stacy Prince,emilywalsh.8413@example.com,AF,2022-06-14,Premium,2998.81
8414,Jennifer Quinn,vanessahughes.8414@example.com,BR,2021-10-15,Basic,35187.90
8415,Laura Chambers,steve28.8415@example.com,BH,2024-03-27,Premium,37593.30
8416,Christopher Walker,everettlarry.8416@example.com,SK,2023-09-15,Basic,11847.88
8417,Kevin Graham,joshua68.8417@example.com,PE,2021-07-23,Basic,23449.33
8418,Alexander Ayala,zwright.8418@example.com,CA,2021-09-30,Premium,13515.22
8419,Timothy Davis,denise03.8419@example.com,BJ,2022-03-10,Standard,40864.22
8420,Kathleen Guerrero,jamiegibson.8420@example.com,GM,2024-04-21,Standard,29932.36
8421,Laura Dennis,oclark.8421@example.com,DK,2023-07-28,Standard,17662.55
8422,Jeremy Valencia,angela76.8422@example.com,GT,2023-09-28,Standard,20306.94
8423,Francisco Davis,mckinneysteven.8423@example.com,IL,2023-05-01,Premium,9164.72
8424,Mrs. Christine Owens DVM,nicholasedwards.8424@example.com,RS,2022-09-04,Basic,23038.17
8425,Jessica Torres,elizabeth37.8425@example.com,MD,2023-07-21,Premium,24467.80
8426,Desiree Adams,fescobar.8426@example.com,SV,2024-08-20,Premium,23141.16
8427,Cory Smith,zrivas.8427@example.com,ML,2026-05-16,Standard,23627.59
8428,Lacey Palmer,tina72.8428@example.com,LU,2026-01-04,Premium,15968.03
8429,Kara Harrison,jennifer79.8429@example.com,GY,2024-09-18,Premium,36116.29
8430,Dawn Jones,vstewart.8430@example.com,EG,2024-11-04,Standard,8717.18
8431,Christy Salazar,jjohnson.8431@example.com,CY,2024-04-05,Standard,8395.08
8432,Jonathan Gallegos,woodjulie.8432@example.com,BG,2022-11-28,Basic,2304.99
8433,Mark Davila,allison42.8433@example.com,EE,2020-04-19,Premium,39928.49
8434,Kevin Carter,welchmichelle.8434@example.com,AM,2020-11-21,Basic,16300.66
8435,Tina Rodgers,sarahlong.8435@example.com,MN,2022-12-17,Premium,44242.16
8436,Michael Shaw,robertlivingston.8436@example.com,CL,2025-11-12,Premium,1696.11
8437,Kyle Thornton,hhutchinson.8437@example.com,ID,2022-06-24,Basic,48312.08
8438,Vincent Meyers,vcoleman.8438@example.com,CR,2023-02-20,Standard,17625.70
8439,Alison Harper,brucemichael.8439@example.com,CO,2025-06-24,Premium,9348.05
8440,Russell Davidson,omoore.8440@example.com,TH,2023-01-29,Basic,14226.32
8441,Joseph Mcdonald,elizabethray.8441@example.com,UZ,2025-01-17,Premium,91.63
8442,Veronica Johnson,bhayes.8442@example.com,KH,2024-01-14,Standard,43728.86
8443,James Alvarado,dominiquesutton.8443@example.com,PY,2020-03-18,Premium,33468.00
8444,Yvette Lewis,rgibbs.8444@example.com,VU,2024-02-09,Standard,39008.17
8445,Paula Greer,edwardreese.8445@example.com,GT,2025-06-26,Basic,42173.92
8446,Michele Reed,cpierce.8446@example.com,KE,2021-06-04,Basic,25776.63
8447,Gary Chavez,jeremymcdonald.8447@example.com,LV,2023-07-18,Premium,47804.01
8448,Maria Oliver,kaylaalvarez.8448@example.com,RO,2023-07-12,Basic,42058.33
8449,Kevin Ellis,brandyjordan.8449@example.com,MC,2025-06-27,Standard,8538.33
8450,Mark Chen,fosterbrandi.8450@example.com,KZ,2024-12-05,Basic,43223.97
8451,Jennifer Baker,calebwashington.8451@example.com,BE,2025-03-23,Premium,15148.38
8452,Mrs. Jennifer Wilson,nrichardson.8452@example.com,AZ,2022-07-13,Premium,10592.82
8453,Katie Alvarez,amanda25.8453@example.com,CV,2023-07-28,Standard,18814.63
8454,Allison Fowler,ethornton.8454@example.com,NL,2023-12-22,Premium,6566.75
8455,Faith Brown,sarahsoto.8455@example.com,ST,2023-12-23,Standard,28220.40
8456,Emily Edwards,scottmichelle.8456@example.com,HN,2022-02-26,Standard,10840.82
8457,Meredith Johnson,marshallshelby.8457@example.com,KM,2024-08-01,Premium,3298.60
8458,James White,torresandrew.8458@example.com,DJ,2020-12-11,Basic,46064.04
8459,Gabriel Patel,carterkyle.8459@example.com,AT,2025-06-12,Premium,2021.18
8460,Christian Jackson,fclark.8460@example.com,MX,2025-08-24,Premium,4260.36
8461,Kelly Mcintosh,ydean.8461@example.com,BR,2022-11-04,Basic,16483.57
8462,Carolyn Sampson,lee31.8462@example.com,CH,2020-02-28,Basic,27443.59
8463,Stephen Robbins,david56.8463@example.com,LS,2020-10-29,Standard,32683.39
8464,Haley Coleman,mariahschneider.8464@example.com,JM,2021-04-28,Basic,21357.82
8465,Nicole Hall,morganrichard.8465@example.com,BW,2025-12-17,Basic,13046.66
8466,Karen Jones,richardcase.8466@example.com,MV,2020-07-09,Standard,9456.47
8467,Amy Dominguez,angelica81.8467@example.com,TJ,2023-06-11,Premium,27309.42
8468,Daniel Church,fryejohn.8468@example.com,WS,2025-08-20,Basic,47239.78
8469,Christopher Sullivan,margaretcook.8469@example.com,CY,2026-04-19,Basic,34153.94
8470,Amy Garcia,tyler85.8470@example.com,RU,2023-02-11,Premium,23222.63
8471,Lindsay Klein,alison18.8471@example.com,IL,2022-09-06,Premium,21115.25
8472,James Castillo,angel46.8472@example.com,BO,2025-10-15,Basic,6889.43
8473,Stefanie Brock,ljones.8473@example.com,CY,2024-04-17,Basic,21423.68
8474,Collin Conley,bruce79.8474@example.com,GT,2026-04-03,Basic,48632.83
8475,Dillon Hughes,leah30.8475@example.com,KZ,2020-09-13,Basic,34325.32
8476,Stephen Rodriguez,corey44.8476@example.com,MG,2021-02-14,Premium,32160.10
8477,Joseph Carter,christinaramos.8477@example.com,AZ,2023-04-30,Premium,24604.46
8478,Joshua Owens,halltimothy.8478@example.com,DK,2021-05-22,Basic,38721.57
8479,Mark Robbins,shauncooper.8479@example.com,CF,2020-02-07,Basic,25579.21
8480,James Burke PhD,kevin97.8480@example.com,CF,2020-08-12,Premium,9202.43
8481,Hannah Peterson,marcushouse.8481@example.com,MD,2024-04-17,Premium,40040.60
8482,Nicholas Murphy,sabrinamorgan.8482@example.com,GD,2022-02-11,Standard,14999.33
8483,David Howe,davidmorales.8483@example.com,RW,2021-04-11,Basic,10650.92
8484,Rhonda Lewis,phillip33.8484@example.com,KI,2021-10-21,Standard,24467.02
8485,Jason Rodgers,madison36.8485@example.com,LK,2021-06-13,Premium,41956.31
8486,Daniel Sellers,cmeadows.8486@example.com,HN,2024-08-31,Standard,10561.96
8487,Lisa Norris,xcarter.8487@example.com,UG,2025-06-20,Standard,14052.52
8488,Richard Aguirre,alexandria60.8488@example.com,GM,2023-05-10,Standard,21250.36
8489,Tony Vance,nortonsharon.8489@example.com,BZ,2020-09-28,Premium,20865.83
8490,John Nguyen,crystalgeorge.8490@example.com,RS,2021-05-22,Standard,38838.29
8491,Victor Sanchez,monicafloyd.8491@example.com,SE,2026-03-15,Basic,36651.87
8492,Carmen Robinson,tmontes.8492@example.com,MH,2022-05-19,Basic,46439.71
8493,Dennis Herrera,nancy10.8493@example.com,SZ,2023-11-08,Premium,8486.09
8494,Dawn Rogers,elizabeth07.8494@example.com,ME,2021-02-03,Standard,5876.38
8495,Erin Brooks,vjackson.8495@example.com,LY,2021-04-24,Basic,17229.53
8496,John Hale,warrenestrada.8496@example.com,IE,2024-03-13,Standard,46137.62
8497,William Williams,samuelperry.8497@example.com,HR,2021-10-13,Standard,29460.39
8498,Gary Williamson,greentara.8498@example.com,NZ,2021-10-25,Premium,3470.97
8499,Chad Moon,paula62.8499@example.com,IN,2023-07-06,Basic,1599.82
8500,Christopher Hill,combsjoan.8500@example.com,MY,2025-03-23,Premium,5.54
8501,Margaret Moore,fanderson.8501@example.com,BB,2024-03-27,Basic,11997.06
8502,Emma Carter,megan32.8502@example.com,UA,2024-10-28,Standard,842.97
8503,Kristin Duncan,tjones.8503@example.com,KM,2024-01-13,Basic,39497.53
8504,Shelia Gross,omorgan.8504@example.com,SY,2020-09-12,Standard,40549.04
8505,Cynthia Hall,parkerjulie.8505@example.com,TL,2022-02-24,Basic,42268.97
8506,Laura Burke,anthony37.8506@example.com,LK,2026-06-12,Premium,14787.96
8507,Gregory Blevins,tsmith.8507@example.com,PE,2024-01-02,Basic,49622.50
8508,Julie Bates,jwashington.8508@example.com,IT,2021-10-20,Standard,1933.37
8509,Bradley Willis,mlang.8509@example.com,EE,2025-04-15,Standard,26397.24
8510,John Duke,timothy93.8510@example.com,EC,2024-04-02,Standard,34432.80
8511,Whitney Taylor,ronald98.8511@example.com,FJ,2021-11-20,Premium,9297.32
8512,Linda White,harrelllisa.8512@example.com,PY,2026-08-12,Standard,24755.90
8513,Donna Mcknight,christopherhamilton.8513@example.com,MC,2023-02-23,Standard,9371.42
8514,Megan Stewart,jenniferconway.8514@example.com,CV,2020-04-01,Basic,49083.03
8515,Karen Sanchez,cwood.8515@example.com,AT,2026-09-14,Standard,16547.15
8516,Rachel Shaffer,joshuaroberts.8516@example.com,EC,2022-07-27,Basic,37498.09
8517,Tony Gibson,susaningram.8517@example.com,EG,2024-11-02,Standard,24981.45
8518,Phyllis Weaver,xavierkelly.8518@example.com,UA,2024-06-03,Premium,42742.15
8519,Michele Walker,stevenfitzgerald.8519@example.com,GE,2024-03-18,Premium,27935.14
8520,Erin White,cheyenne02.8520@example.com,CA,2023-02-10,Standard,37862.13
8521,Crystal Smith,thomas43.8521@example.com,KI,2024-08-26,Basic,44350.57
8522,Michele King,brittany33.8522@example.com,AM,2025-08-01,Premium,47149.42
8523,Sara Carter DVM,diana26.8523@example.com,MR,2023-03-24,Premium,44156.09
8524,Thomas Torres,mcmillankelsey.8524@example.com,NL,2026-02-11,Basic,25972.77
8525,Paul Skinner,rogerskatie.8525@example.com,KE,2024-05-01,Standard,46205.58
8526,Heather Jackson,smithshelby.8526@example.com,LR,2023-01-08,Basic,11612.49
8527,Matthew Waters MD,erik31.8527@example.com,LV,2025-07-19,Basic,29803.36
8528,Joshua Flores,fporter.8528@example.com,NE,2021-10-20,Premium,17081.66
8529,Madeline Edwards,vicki81.8529@example.com,CZ,2020-08-21,Basic,6544.71
8530,Scott Wilson,michaelfarmer.8530@example.com,IL,2021-01-26,Premium,49166.18
8531,Erica Miranda,vchristensen.8531@example.com,EE,2024-02-28,Premium,39447.03
8532,Ruth Harvey,smithjodi.8532@example.com,RO,2022-10-21,Basic,43251.66
8533,Jeremy Cross,dianereid.8533@example.com,RW,2022-01-27,Basic,3119.95
8534,Brett Price,rhall.8534@example.com,IE,2021-04-26,Premium,12343.23
8535,Nicole Griffin,mariahernandez.8535@example.com,AZ,2023-06-04,Premium,7905.68
8536,Jessica Moore,hfernandez.8536@example.com,KW,2021-04-11,Premium,33412.11
8537,Christopher Miller,james68.8537@example.com,IQ,2021-09-20,Basic,34499.21
8538,Donald Sandoval,uzimmerman.8538@example.com,GT,2024-12-22,Basic,49569.44
8539,Jeffrey Jackson,ashley19.8539@example.com,MH,2025-09-13,Premium,25136.16
8540,Michelle Weaver,hudsonshawn.8540@example.com,SE,2023-12-03,Standard,6039.85
8541,Mark Saunders,nancy25.8541@example.com,FJ,2021-10-14,Basic,32361.56
8542,Lisa Fitzpatrick,stephen40.8542@example.com,KG,2023-02-16,Premium,39762.44
8543,Michael Smith,seanevans.8543@example.com,CY,2022-06-09,Basic,21757.10
8544,Kevin Diaz,leslievargas.8544@example.com,LR,2023-07-23,Standard,41475.75
8545,Thomas Boone,larrycline.8545@example.com,BY,2025-02-07,Standard,9699.94
8546,Kelsey Wilcox,sean52.8546@example.com,SZ,2026-08-24,Standard,18726.23
8547,Charles Olson,karicase.8547@example.com,SD,2020-06-21,Premium,44023.66
8548,Elizabeth Gutierrez,garyproctor.8548@example.com,GE,2022-03-04,Basic,32381.10
8549,Patrick Levine,mitchellsantos.8549@example.com,LV,2025-08-21,Standard,21252.55
8550,Mary Wilson,igibson.8550@example.com,CH,2025-09-13,Premium,20199.66
8551,Amy Montoya,coleveronica.8551@example.com,SA,2023-02-04,Premium,13027.25
8552,Caroline Duke,nicholas76.8552@example.com,SG,2022-07-13,Standard,3974.23
8553,Jennifer Jacobs,nhughes.8553@example.com,BH,2023-10-07,Basic,30933.39
8554,Jennifer George,gregoryryan.8554@example.com,SK,2023-02-15,Standard,12468.65
8555,George Hebert,cruzthomas.8555@example.com,DJ,2026-02-21,Premium,25704.86
8556,Danielle Quinn,cannonchristy.8556@example.com,SN,2021-10-14,Standard,17097.10
8557,Julie Briggs,hickskristin.8557@example.com,EG,2023-08-27,Basic,11832.69
8558,Tracy Pena,samanthabrooks.8558@example.com,LB,2024-12-21,Standard,11354.89
8559,Erica Moore,becky91.8559@example.com,BZ,2023-09-01,Premium,16273.09
8560,Michaela Gonzales,mkim.8560@example.com,TM,2024-09-19,Standard,9403.83
8561,Rebecca Cook,maxkim.8561@example.com,ES,2022-04-30,Standard,47706.25
8562,Emily Mccoy,wolfmichael.8562@example.com,NA,2025-02-05,Basic,33863.39
8563,William Diaz,bryanchapman.8563@example.com,KH,2023-11-26,Basic,45518.06
8564,Deborah Smith,parkermicheal.8564@example.com,KI,2020-02-16,Premium,45306.56
8565,Kerry Rodriguez,ybell.8565@example.com,NE,2025-07-28,Basic,27517.43
8566,Matthew Washington,pwilliams.8566@example.com,JM,2026-07-04,Basic,7430.30
8567,Amy Thompson,joshuaoconnell.8567@example.com,TJ,2020-09-28,Premium,48362.88
8568,Jamie Odom,xesparza.8568@example.com,PS,2020-07-18,Basic,11622.58
8569,Misty Smith,weaveredwin.8569@example.com,AT,2020-02-01,Basic,33857.02
8570,Robin Armstrong,iramirez.8570@example.com,CD,2024-11-13,Premium,1872.70
8571,Suzanne Ramos,ruth67.8571@example.com,TN,2021-02-20,Basic,29229.89
8572,John Nguyen,gonzalezlarry.8572@example.com,CZ,2026-01-23,Premium,10032.46
8573,Matthew Kelly Jr.,lwatson.8573@example.com,IR,2021-05-31,Basic,47432.48
8574,Brian Parker,christina20.8574@example.com,LI,2023-11-22,Basic,31319.97
8575,Teresa Baker,zoetyler.8575@example.com,ZM,2023-05-31,Standard,14568.88
8576,Marie Hanson,eileen48.8576@example.com,PK,2026-06-16,Premium,23572.11
8577,Matthew Castro,wilsonkimberly.8577@example.com,LT,2026-01-20,Standard,24368.52
8578,Tina Allen,wayne96.8578@example.com,YE,2021-11-22,Basic,23903.81
8579,Clinton Koch,baxtersara.8579@example.com,LA,2021-11-21,Basic,4748.73
8580,Tyler Ward,marthasmith.8580@example.com,TN,2020-02-03,Basic,47970.81
8581,Seth Howell,tmorrison.8581@example.com,BR,2025-09-27,Basic,35934.59
8582,Lisa Ross,vklein.8582@example.com,ME,2023-01-01,Standard,10903.82
8583,Joshua Kennedy,danny60.8583@example.com,SI,2022-07-10,Basic,24875.46
8584,Elizabeth Hall,saracarter.8584@example.com,GB,2025-04-16,Standard,1790.11
8585,Steven Leblanc,phillipchen.8585@example.com,AU,2020-05-11,Standard,44433.63
8586,Justin Hughes,jenkinsadam.8586@example.com,KN,2026-08-11,Basic,43580.37
8587,Ronnie Stokes,agreene.8587@example.com,LB,2020-02-05,Premium,16459.56
8588,Kimberly Alexander,stephaniesmith.8588@example.com,TN,2022-05-15,Premium,42629.09
8589,Sarah Moore,beasleydouglas.8589@example.com,SO,2020-01-27,Premium,36567.69
8590,Megan Burton,monica86.8590@example.com,CM,2024-12-04,Standard,18151.42
8591,Elizabeth Wilson MD,garykey.8591@example.com,BF,2020-07-16,Premium,8846.02
8592,Gerald Haynes,daviscole.8592@example.com,PS,2024-06-13,Standard,44759.90
8593,Justin Tran,hollandalexander.8593@example.com,GE,2022-06-14,Standard,15767.99
8594,Alexander Perez,nancysimpson.8594@example.com,GB,2026-06-17,Basic,40351.36
8595,Jamie Haley,jodyhart.8595@example.com,JM,2026-03-31,Standard,6410.77
8596,Eric Casey,tbarr.8596@example.com,MM,2023-06-11,Standard,13735.96
8597,Daniel Garcia,pattyrivera.8597@example.com,PG,2024-10-21,Premium,38680.10
8598,Shawn Sims,heathelizabeth.8598@example.com,IT,2026-02-04,Basic,36247.61
8599,Jennifer Howard,irogers.8599@example.com,AF,2025-12-19,Basic,10525.76
8600,Matthew Nash,williamdavis.8600@example.com,GN,2023-07-21,Premium,11008.70
8601,Christian Underwood,rodrigueznatasha.8601@example.com,GY,2020-10-07,Basic,3583.21
8602,Robert Owens,hendrickserin.8602@example.com,CF,2021-01-19,Standard,36010.70
8603,Karl Williams,nguyendaniel.8603@example.com,AM,2026-08-07,Basic,45236.01
8604,Justin Taylor,anthonywilson.8604@example.com,TW,2023-06-15,Standard,8902.80
8605,Christopher Carrillo,trujillogeorge.8605@example.com,PK,2023-08-23,Standard,15846.88
8606,Stacy Moore,watkinsricardo.8606@example.com,GQ,2026-05-08,Basic,44493.34
8607,James Sanders,chris81.8607@example.com,EC,2024-06-14,Basic,38025.08
8608,Linda Estrada,sandra80.8608@example.com,LS,2022-08-30,Premium,42925.85
8609,Natasha Grant,pgalloway.8609@example.com,OM,2026-04-13,Premium,3020.63
8610,James Lopez,leon13.8610@example.com,RW,2024-11-20,Standard,26421.99
8611,Kenneth Cowan,cynthia74.8611@example.com,GW,2025-05-05,Premium,21905.29
8612,Brittany Simmons,jessicasullivan.8612@example.com,ME,2026-04-02,Basic,16689.44
8613,Adam Guzman,wangangela.8613@example.com,IT,2026-03-16,Premium,7676.27
8614,Jeffrey Nichols,smithvincent.8614@example.com,CY,2024-04-30,Basic,37799.05
8615,Gary Moran,wriddle.8615@example.com,CD,2025-06-02,Basic,2549.08
8616,Joseph Thompson,lindseycampbell.8616@example.com,MD,2020-03-10,Premium,11111.93
8617,Jennifer Martin,laurahernandez.8617@example.com,CY,2022-03-26,Basic,11913.61
8618,Mark Nelson,christinegonzalez.8618@example.com,BA,2021-06-06,Premium,1779.14
8619,Dr. Kathryn Woods,cory47.8619@example.com,GB,2025-07-22,Standard,28788.74
8620,Alicia Owens,jeanetteberg.8620@example.com,US,2026-03-28,Basic,17750.69
8621,Joshua Dawson,ukennedy.8621@example.com,MV,2025-07-05,Premium,25647.26
8622,Jane Durham,brittanyhoward.8622@example.com,TZ,2020-04-15,Basic,37073.06
8623,Brittney Whitehead,lunajoe.8623@example.com,CZ,2024-03-27,Premium,2839.84
8624,Penny Smith,cooleyglenn.8624@example.com,CY,2023-12-03,Premium,32325.79
8625,Kevin Mercer,kluna.8625@example.com,ER,2020-03-02,Basic,32398.37
8626,Paul Herman,serranolaura.8626@example.com,TD,2026-03-28,Premium,30153.04
8627,Sandra Jones,ericrobinson.8627@example.com,BS,2020-03-06,Premium,22333.09
8628,William Finley,daniel95.8628@example.com,LY,2022-07-09,Standard,2809.47
8629,Jason Austin,alison48.8629@example.com,IT,2022-06-29,Premium,22109.78
8630,Jamie Walsh,lfischer.8630@example.com,AL,2022-09-21,Premium,35338.96
8631,Monique Long,michaelmunoz.8631@example.com,JM,2022-03-13,Standard,16672.89
8632,Dawn Yates,user@,RO,2020-08-06,Standard,47719.33
8633,James Shaw,irwintyler.8633@example.com,VA,2026-07-21,Premium,36796.17
8634,Daniel Brown,katherineallison.8634@example.com,IS,2024-03-18,Premium,19419.31
8635,Traci Wright,josephadams.8635@example.com,TZ,2023-08-04,Standard,31473.75
8636,Cassie Fields,fergusonbrittney.8636@example.com,EE,2021-06-07,Basic,27211.22
8637,Michael Tapia,lejacqueline.8637@example.com,IR,2025-11-07,Standard,39242.75
8638,Jennifer Farmer,brownjessica.8638@example.com,SK,2020-08-04,Standard,27652.55
8639,Lauren Novak,annette28.8639@example.com,DO,2021-06-05,Basic,28192.09
8640,Alice Yang,collinskenneth.8640@example.com,TJ,2021-02-24,Premium,5446.67
8641,Russell Patterson,ylopez.8641@example.com,CZ,2020-06-03,Basic,11196.70
8642,Jason Hampton,shawn14.8642@example.com,IL,2022-01-29,Standard,29101.21
8643,Kelly Walton,hector73.8643@example.com,GA,2021-03-19,Standard,33676.10
8644,Darrell Sullivan,billy90.8644@example.com,UY,2020-07-19,Premium,49029.27
8645,Jeanette Fisher,gerald82.8645@example.com,BG,2023-02-11,Basic,30927.38
8646,Brian Johnson,myersjeremy.8646@example.com,TH,2026-05-25,Basic,41113.59
8647,Amanda Walker,mary38.8647@example.com,GR,2022-02-28,Standard,39696.75
8648,Christine Smith,kimberly15.8648@example.com,MG,2020-06-13,Premium,11102.70
8649,Joel Wilson,sanchezcameron.8649@example.com,AZ,2025-08-18,Standard,29052.49
8650,Alexander Rodriguez DDS,archerchristine.8650@example.com,SE,2021-04-09,Basic,39205.17
8651,Lawrence Mccarthy,harmonzachary.8651@example.com,KN,2021-01-07,Premium,45494.97
8652,Carol Montgomery,dhernandez.8652@example.com,CD,2021-07-30,Basic,14153.71
8653,Sarah Orozco,brownchristine.8653@example.com,KH,2025-10-17,Standard,39880.31
8654,Matthew Pineda,joshua28.8654@example.com,JM,2025-03-05,Premium,24576.27
8655,Dawn Lowe,joannalvarez.8655@example.com,TL,2023-10-16,Premium,16761.89
8656,John Weaver,tjackson.8656@example.com,TV,2025-04-14,Premium,31878.74
8657,Michael Delgado,joyzhang.8657@example.com,NG,2026-05-10,Premium,41759.11
8658,Laura Edwards MD,joshuacarney.8658@example.com,AT,2025-05-11,Premium,1860.57
8659,Sandra Davis,zwright.8659@example.com,HR,2020-11-26,Standard,36506.21
8660,Erin Carter,allenpeggy.8660@example.com,MX,2020-07-19,Standard,11879.10
8661,Connor Higgins,goodwinsheri.8661@example.com,GM,2024-09-07,Standard,4146.90
8662,Susan Parks,danieldavis.8662@example.com,SE,2020-07-27,Basic,16846.75
8663,Martin Martinez,,BD,2023-06-09,Standard,9634.50
8664,Ronald Lane,davidcamacho.8664@example.com,BZ,2020-01-24,Standard,47086.65
8665,Rebecca Decker,heatherbrown.8665@example.com,SA,2021-04-11,Premium,29653.35
8666,Michelle Jackson,leonshaun.8666@example.com,TT,2024-06-29,Basic,45582.73
8667,Nathan Sullivan,sharonrivas.8667@example.com,MY,2022-05-23,Premium,34528.04
8668,William Smith,jennifer99.8668@example.com,HT,2022-10-11,Premium,19552.91
8669,Dustin Williams,jason48.8669@example.com,SI,2024-10-21,Basic,41580.38
8670,Philip Jackson,barbararivers.8670@example.com,VU,2022-07-31,Basic,21704.39
8671,Ariel Hernandez,heathermorse.8671@example.com,LK,2022-06-02,Basic,35578.27
8672,John Wolfe,kelly63.8672@example.com,MW,2023-03-08,Premium,27376.06
8673,Michael Dyer,guerrerodiana.8673@example.com,ID,2023-03-25,Basic,28082.59
8674,Kayla Sanchez,oalexander.8674@example.com,MN,2022-05-04,Premium,49078.97
8675,Jessica Wheeler,andrew08.8675@example.com,LK,2023-03-19,Basic,20016.44
8676,Annette Jones,sgamble.8676@example.com,PA,2024-10-29,Basic,28281.73
8677,Julie Frazier,vvillegas.8677@example.com,LK,2021-03-15,Standard,38276.54
8678,Penny Jones,john13.8678@example.com,LC,2026-06-06,Premium,2065.97
8679,Lisa Gray,mary05.8679@example.com,PG,2023-05-20,Premium,141.97
8680,Zachary Adams,fwilliams.8680@example.com,CI,2024-07-09,Standard,42787.41
8681,Debbie Anderson,troberts.8681@example.com,PE,2022-03-31,Premium,9553.77
8682,Walter Jones,williamwade.8682@example.com,CV,2024-11-13,Premium,31560.33
8683,Jason Richmond,shanehill.8683@example.com,BN,2025-07-13,Standard,46796.89
8684,Michelle Hall,kimberlylittle.8684@example.com,CG,2026-07-11,Basic,20137.63
8685,Anthony Wilson,josephmartin.8685@example.com,PH,2021-10-03,Basic,35027.39
8686,Leslie Erickson,christopherwhite.8686@example.com,LA,2026-08-10,Basic,36519.53
8687,Charles Patel,tracithornton.8687@example.com,RU,2024-05-02,Standard,15902.13
8688,Douglas Whitaker,kanedustin.8688@example.com,JP,2021-07-22,Standard,33039.83
8689,Shelley Jackson,seanharris.8689@example.com,CN,2022-10-23,Basic,23437.06
8690,Lauren Garcia,cryan.8690@example.com,LB,2020-12-28,Premium,288.17
8691,Cynthia Browning,sandralutz.8691@example.com,TW,2024-02-23,Premium,34003.73
8692,Jonathan Johnson,xcox.8692@example.com,HN,2021-11-25,Premium,38865.65
8693,Teresa Wilson,caldwellkyle.8693@example.com,VA,2022-07-19,Basic,27094.62
8694,David Reeves,schmidtmelissa.8694@example.com,AU,2021-03-10,Basic,7001.80
8695,Kristin Farley,jimenezchristopher.8695@example.com,VA,2025-01-03,Basic,37237.13
8696,Timothy Cooper,justingeorge.8696@example.com,ET,2022-05-15,Premium,19489.21
8697,Brooke Estrada,fbrowning.8697@example.com,IT,2026-01-20,Basic,42299.39
8698,Michael Cochran,james92.8698@example.com,FM,2026-01-20,Premium,4017.57
8699,Joseph Miller,patricia23.8699@example.com,KE,2022-05-07,Standard,9592.60
8700,Charles Bean,maddoxcharles.8700@example.com,CY,2025-11-30,Standard,587.79
8701,James Roberts,crystal28.8701@example.com,ET,2023-02-21,Standard,15195.68
8702,Alex Cantrell,grantgutierrez.8702@example.com,GW,2023-07-02,Basic,36853.91
8703,Joseph Douglas,kgutierrez.8703@example.com,UY,2023-09-10,Standard,11609.43
8704,Katherine Hernandez,voliver.8704@example.com,CZ,2023-01-02,Basic,40529.92
8705,Gabriel Padilla,sarahpitts.8705@example.com,MW,2026-01-10,Standard,33316.84
8706,Timothy Winters,chandlerjames.8706@example.com,NG,2023-03-08,Standard,23567.80
8707,Sandra Lopez,robin35.8707@example.com,KH,2020-09-16,Basic,40203.09
8708,Leslie Bailey,wulisa.8708@example.com,TJ,2020-07-30,Standard,36559.68
8709,Cheryl Lewis,perezjared.8709@example.com,MT,2024-02-04,Basic,45463.79
8710,Blake Page,joshua76.8710@example.com,LY,2021-05-02,Standard,20346.33
8711,Charles Pham,vwallace.8711@example.com,CV,2026-05-07,Standard,7058.39
8712,Karen Ramirez,david82.8712@example.com,CA,2021-03-10,Standard,20242.79
8713,Ryan Johnson,amanda83.8713@example.com,KP,2026-07-28,Basic,38489.47
8714,Sean Edwards,cassandra51.8714@example.com,AD,2025-07-16,Standard,7334.92
8715,Jason Bray,user@example,KI,2025-07-26,Premium,30450.41
8716,Wendy Cline,andrewcastro.8716@example.com,QA,2023-09-09,Basic,7830.33
8717,Karen Acosta,samuel00.8717@example.com,ET,2020-06-06,Basic,49505.82
8718,Cheryl Williams,acostadiana.8718@example.com,CI,2023-12-17,Standard,40457.09
8719,Anthony York,traceysmith.8719@example.com,GW,2026-04-30,Basic,11303.26
8720,Kathleen Hernandez,ybrandt.8720@example.com,BR,2024-01-04,Standard,38416.87
8721,Christopher George,davidsalinas.8721@example.com,JM,2021-07-16,Premium,19892.89
8722,James Stewart,andrew42.8722@example.com,VN,2021-12-06,Premium,6163.12
8723,Michael Schmidt,gardnerkristin.8723@example.com,VU,2022-01-07,Standard,32687.18
8724,Robert Jones,darrellmcintosh.8724@example.com,MC,2021-03-28,Premium,42026.22
8725,Rebecca Anderson,darlenespencer.8725@example.com,GY,2021-10-19,Standard,22129.00
8726,Jennifer Pearson,gabriellecampos.8726@example.com,BT,2024-02-15,Basic,11966.61
8727,Adriana Hunter,mannmonica.8727@example.com,TW,2025-06-06,Premium,8838.21
8728,Theresa Williams,bcombs.8728@example.com,WS,2024-09-21,Basic,17976.39
8729,Kelly Bowen,lisariley.8729@example.com,MY,2025-02-15,Premium,40186.18
8730,Bruce Paul,kellerkathryn.8730@example.com,UZ,2025-10-18,Standard,6287.47
8731,Paul Morris,fsmith.8731@example.com,LU,2026-06-11,Standard,6938.61
8732,Mary Williams,khodges.8732@example.com,CI,2024-10-31,Basic,16184.02
8733,Christian Sellers,zpeterson.8733@example.com,UG,2024-04-20,Basic,41861.64
8734,Christopher Fitzgerald,nathananderson.8734@example.com,GY,2026-09-04,Basic,13875.05
8735,Jennifer Nelson,swilliams.8735@example.com,AM,2021-12-07,Basic,43296.99
8736,Amy Raymond,csmith.8736@example.com,RU,2021-06-17,Standard,48103.37
8737,Mitchell Moody,cindymurray.8737@example.com,MD,2025-11-10,Basic,10051.31
8738,James Costa,sandyacosta.8738@example.com,NP,2025-12-29,Premium,2946.91
8739,Gregory Carpenter,keith19.8739@example.com,TL,2021-10-28,Basic,37005.63
8740,William Anderson,richardrhodes.8740@example.com,BH,2024-09-07,Standard,7494.73
8741,Marilyn Lambert,kathyvillegas.8741@example.com,SO,2025-01-19,Premium,2510.02
8742,Amber Bender,garyjohnson.8742@example.com,KZ,2023-11-13,Standard,32462.19
8743,Bruce Dean,frederick38.8743@example.com,TT,2024-10-21,Premium,5159.46
8744,Chloe Smith,oromero.8744@example.com,ZW,2024-01-11,Premium,8810.55
8745,Kimberly Dixon,michael31.8745@example.com,DK,2023-02-09,Basic,23705.88
8746,Danny Cooper,michael23.8746@example.com,BH,2025-04-19,Standard,46113.29
8747,Roger Nielsen,paul17.8747@example.com,KI,2020-01-12,Premium,33794.96
8748,Sandra Mccormick,patrickhicks.8748@example.com,PY,2026-05-21,Standard,17749.90
8749,Danny Clayton,justin98.8749@example.com,TM,2022-12-03,Premium,31792.87
8750,Steven Thompson,ymontgomery.8750@example.com,TR,2024-07-15,Premium,46331.11
8751,Jennifer Dixon,timothylucas.8751@example.com,SD,2025-08-17,Premium,2538.13
8752,James Morris,lpennington.8752@example.com,AF,2022-06-06,Premium,9517.84
8753,Robert Rivera,cruzaaron.8753@example.com,VA,2021-07-29,Basic,9846.73
8754,David Bennett,ramseyanna.8754@example.com,NR,2026-02-11,Basic,7967.84
8755,Joshua Smith,alicia47.8755@example.com,KI,2024-06-10,Standard,42457.45
8756,Mr. Justin Sexton,cainbrenda.8756@example.com,PE,2022-04-14,Basic,34168.80
8757,Chad Smith,kenneth97.8757@example.com,CO,2022-12-16,Basic,21266.00
8758,Matthew Moran,sheilagonzalez.8758@example.com,AD,2025-03-05,Standard,6926.36
8759,Kimberly Sampson,thomas22.8759@example.com,RS,2023-06-14,Standard,9440.87
8760,Randall Scott,danielle05.8760@example.com,HU,2026-07-14,Premium,10397.37
8761,Javier Howard,fmoore.8761@example.com,KG,2020-09-14,Premium,38474.14
8762,Joshua Jones,markjohnson.8762@example.com,IR,2023-03-03,Standard,15118.12
8763,Timothy Pugh,glenda41.8763@example.com,ID,2024-04-21,Premium,1573.35
8764,Jennifer Rios,wfaulkner.8764@example.com,TT,2026-03-03,Standard,34031.63
8765,Michael Scott,osnyder.8765@example.com,FR,2022-06-12,Basic,11988.62
8766,Michael Blair,vwilson.8766@example.com,AE,2022-07-02,Premium,6494.22
8767,Thomas Jordan,acantrell.8767@example.com,GW,2022-01-11,Basic,11354.51
8768,April Lewis,richard13.8768@example.com,DO,2025-06-28,Premium,18880.09
8769,Shannon Kim,moorejustin.8769@example.com,AT,2021-11-16,Premium,16679.06
8770,Eugene Love,ashleyjones.8770@example.com,AR,2022-06-26,Standard,2764.49
8771,Andrew Mills,zimmermanlauren.8771@example.com,TN,2020-02-06,Premium,41954.54
8772,Thomas Newman,njacobs.8772@example.com,JM,2021-08-02,Basic,49219.15
8773,Michael Reed,seanhughes.8773@example.com,DO,2021-11-10,Standard,25465.67
8774,James Lin,mfischer.8774@example.com,NR,2021-05-24,Standard,11236.84
8775,Lisa Tucker,douglasmarshall.8775@example.com,AM,2023-08-20,Premium,21514.40
8776,Abigail Ramirez,carrillojoan.8776@example.com,IS,2024-05-08,Basic,6103.35
8777,Kyle Meyers,charleslewis.8777@example.com,VC,2025-11-11,Standard,23160.31
8778,Michael Walker,aedwards.8778@example.com,KZ,2023-08-06,Basic,9979.66
8779,Tyler Medina,willisnicole.8779@example.com,YE,2022-02-19,Premium,4279.56
8780,Susan Wood,sarahwilliams.8780@example.com,PT,2025-10-21,Basic,28495.01
8781,David Lang,xpierce.8781@example.com,VN,2025-05-19,Standard,30594.26
8782,Kristina Williams,tyleravery.8782@example.com,BA,2023-02-07,Basic,39626.58
8783,Raymond Blackwell,jacksonmichael.8783@example.com,IE,2024-08-24,Basic,35963.07
8784,Melinda Payne,briangardner.8784@example.com,GB,2020-07-04,Standard,41805.49
8785,Mia Howe,ocamacho.8785@example.com,BE,2020-05-05,Premium,18723.27
8786,Susan Hoffman,oboyd.8786@example.com,UG,2026-06-30,Premium,38353.72
8787,Stacy Taylor,monteskellie.8787@example.com,GR,2022-04-26,Standard,22333.40
8788,Jessica White,hwilkerson.8788@example.com,LB,2026-02-28,Basic,45989.36
8789,Benjamin Johnson,lhernandez.8789@example.com,MH,2023-05-21,Premium,25331.73
8790,Julie Fleming,christopher32.8790@example.com,SI,2020-10-15,Basic,1903.53
8791,Nicole Lee,perrydenise.8791@example.com,GY,2023-07-31,Basic,47676.50
8792,William Perez,brownemily.8792@example.com,DO,2024-08-29,Basic,31477.25
8793,Susan Garcia,campbellethan.8793@example.com,HR,2020-05-06,Standard,41661.90
8794,Mary Chen,christopher26.8794@example.com,VE,2023-11-21,Standard,7556.93
8795,John Diaz,nicole10.8795@example.com,LI,2020-11-17,Standard,19644.93
8796,Arthur Watts,katrinareed.8796@example.com,UG,2020-07-04,Premium,38632.40
8797,Anna Anderson,mfletcher.8797@example.com,NZ,2023-10-03,Standard,826.25
8798,Victor Burch,michaelgarcia.8798@example.com,IT,2021-08-13,Basic,32123.87
8799,Patrick Logan,brandonlee.8799@example.com,RU,2020-10-14,Premium,26687.97
8800,Deborah Cruz,jameswatson.8800@example.com,BE,2020-07-02,Basic,31532.33
8801,Joshua Allen,rachelthomas.8801@example.com,BA,2026-07-23,Premium,42230.24
8802,Kristina Ferguson,usmith.8802@example.com,EG,2023-01-27,Standard,39616.92
8803,Keith Ayala,kpotter.8803@example.com,FI,2022-08-17,Standard,31508.46
8804,Paul Cole,trujillowendy.8804@example.com,TG,2020-10-31,Basic,1596.58
8805,Amy Mcintosh,michael44.8805@example.com,GA,2023-01-19,Premium,6167.10
8806,Joshua Graham,ngillespie.8806@example.com,RW,2023-08-07,Basic,19138.59
8807,Katherine Murray,josephmartinez.8807@example.com,SG,2025-07-29,Basic,34599.42
8808,Thomas Short,josephmartinez.8808@example.com,LU,2025-10-23,Basic,12847.94
8809,Kristen Wade,natalierodriguez.8809@example.com,YE,2024-11-30,Basic,10348.58
8810,Emily Howe,prodriguez.8810@example.com,LT,2026-01-12,Standard,89.11
8811,Mary Roberts,davishunter.8811@example.com,DM,2025-12-25,Standard,3497.51
8812,Paul Parsons,lisaavila.8812@example.com,NL,2026-04-27,Standard,37932.27
8813,Whitney Romero,shannonsosa.8813@example.com,SA,2025-09-05,Basic,2942.54
8814,Cheyenne Deleon,matthew84.8814@example.com,BA,2023-04-03,Premium,46228.46
8815,Jeffrey Boyer,mathisrachel.8815@example.com,TH,2021-02-25,Premium,46254.39
8816,Mary Garza,hineswilliam.8816@example.com,YE,2024-08-26,Basic,35173.17
8817,Joshua Rodriguez Jr.,scottrivera.8817@example.com,DO,2023-10-01,Premium,17331.58
8818,Carrie Clarke,katrinasmith.8818@example.com,BA,2022-08-23,Standard,32785.25
8819,George Delgado,jesse03.8819@example.com,PS,2021-05-10,Premium,9165.85
8820,Elizabeth Duran,malik86.8820@example.com,BW,2022-08-26,Basic,47646.58
8821,James Walker,heatherwalker.8821@example.com,BZ,2023-04-21,Premium,26253.47
8822,Jamie Jacobs,hollysmith.8822@example.com,UA,2024-03-24,Premium,18964.77
8823,Jared Bean,shaffervirginia.8823@example.com,MY,2023-05-20,Premium,23636.18
8824,Dylan Bush,campbellmelissa.8824@example.com,NL,2023-07-12,Basic,24201.94
8825,Michelle Martinez,ashleecasey.8825@example.com,WS,2021-05-25,Standard,15350.86
8826,James Hogan,carrie62.8826@example.com,MT,2023-11-06,Basic,44525.14
8827,Angela Robinson,walshjessica.8827@example.com,ER,2022-05-27,Standard,13909.81
8828,Cynthia Collins,russellricky.8828@example.com,VC,2020-03-04,Basic,10479.15
8829,Elizabeth Owens,ppace.8829@example.com,GD,2021-11-02,Standard,26927.31
8830,Anthony Barnes,robertsrobert.8830@example.com,CD,2023-02-28,Basic,3449.83
8831,Stephanie Arnold,jason56.8831@example.com,RW,2022-11-13,Premium,45553.49
8832,Amanda Odonnell,thomas62.8832@example.com,SN,2022-11-01,Premium,7583.35
8833,Megan Brown,burtonkrystal.8833@example.com,NI,2024-08-03,Standard,14536.21
8834,Ashley Porter,christopherclark.8834@example.com,AZ,2022-01-06,Standard,18611.53
8835,Victor Mcdonald,dawnmeyer.8835@example.com,TV,2020-06-04,Basic,44711.90
8836,Veronica Rubio,lmaddox.8836@example.com,PT,2020-08-22,Basic,30226.50
8837,Jay Howard,jeremyherring.8837@example.com,AE,2020-10-09,Standard,19878.49
8838,Angela Reyes,amanda83.8838@example.com,PW,2026-04-21,Standard,49251.24
8839,Andrew Brown,randy01.8839@example.com,TL,2023-08-31,Basic,25459.84
8840,Alex Powell,darrentorres.8840@example.com,KH,2025-08-16,Basic,34399.21
8841,Jacob Anderson,robertyoung.8841@example.com,MG,2022-05-26,Basic,17516.40
8842,Nathan Powell,randystevens.8842@example.com,LR,2025-06-01,Premium,34584.88
8843,Maureen Adams,gschultz.8843@example.com,NR,2021-02-18,Standard,9321.38
8844,Jonathan Liu,robert00.8844@example.com,LU,2022-03-11,Standard,10127.76
8845,Dr. Cameron Sanchez,kimberlyhooper.8845@example.com,GA,2024-08-20,Premium,39749.85
8846,Jason Jacobs,descobar.8846@example.com,CN,2025-03-12,Premium,44367.41
8847,Lindsey Roy,amandaarmstrong.8847@example.com,BF,2021-05-07,Standard,39413.89
8848,Mr. Hector Hood IV,walkerjessica.8848@example.com,VE,2022-09-16,Basic,39238.38
8849,Paula Smith PhD,pateltristan.8849@example.com,RW,2021-07-11,Standard,43826.06
8850,Kristy Schroeder,thompsoncharles.8850@example.com,VE,2024-10-24,Standard,46286.72
8851,Veronica Martin,,ES,2023-03-16,Premium,46512.04
8852,Zachary Adkins,pooledeborah.8852@example.com,EG,2020-02-13,Standard,34806.51
8853,Kelly Mack,robert85.8853@example.com,MM,2023-07-13,Premium,15412.52
8854,Jean Martinez,staceywilliams.8854@example.com,GT,2023-05-28,Standard,9495.84
8855,Dr. Sarah Miller,martinnatalie.8855@example.com,KW,2026-01-11,Basic,45825.64
8856,Kimberly James,handrews.8856@example.com,BH,2020-01-29,Premium,25004.74
8857,Jackson Garcia,ccharles.8857@example.com,SN,2020-04-23,Standard,10942.01
8858,Jennifer Mendez MD,wardtara.8858@example.com,KZ,2023-05-12,Premium,20605.77
8859,Johnathan Martinez Jr.,taylorchristopher.8859@example.com,ZM,2021-05-21,Basic,42443.48
8860,Barbara Taylor,chandleralan.8860@example.com,MU,2026-05-05,Standard,290.31
8861,Rachel Johnson,vcook.8861@example.com,LR,2020-09-23,Premium,40198.96
8862,Eric Rosales,jessica53.8862@example.com,SO,2023-02-11,Basic,41065.85
8863,Richard Rodriguez,pottskarl.8863@example.com,EE,2025-12-11,Standard,4197.57
8864,April Thompson,johnmoore.8864@example.com,TG,2020-07-14,Premium,6046.56
8865,Heather Dillon,kristen62.8865@example.com,SV,2025-07-19,Premium,26428.46
8866,Todd Graham,turnerdavid.8866@example.com,PG,2020-02-05,Premium,18271.04
8867,Lisa Stein,charlesball.8867@example.com,HR,2022-03-21,Standard,22310.19
8868,Lisa Silva,ochavez.8868@example.com,GR,2024-09-17,Standard,157.79
8869,Mr. Cody Casey MD,montgomerytodd.8869@example.com,EE,2024-01-09,Standard,39075.22
8870,John Norton,jorge68.8870@example.com,TG,2021-04-01,Premium,6563.43
8871,Amanda Davies,kaitlyn11.8871@example.com,MW,2025-04-21,Standard,46309.53
8872,James Allen,kimberlylawson.8872@example.com,SN,2022-03-05,Standard,28653.18
8873,Nicole Smith,tatestephanie.8873@example.com,RO,2025-11-19,Premium,17491.17
8874,Patrick Sweeney,stephanie12.8874@example.com,CR,2022-02-12,Premium,32046.75
8875,Carlos Hawkins DDS,gordonbrian.8875@example.com,SE,2023-01-30,Premium,14261.98
8876,Joann Williams DVM,kaylavalentine.8876@example.com,DM,2021-05-06,Basic,26774.66
8877,Trevor Smith,donaldwright.8877@example.com,MM,2024-08-01,Premium,44805.16
8878,Deborah Delacruz,susanhebert.8878@example.com,SB,2021-01-10,Standard,35103.26
8879,James Anderson,longrobert.8879@example.com,GA,2021-06-24,Basic,40224.04
8880,Leah Ford,jenniferbrooks.8880@example.com,BR,2023-02-27,Basic,14681.74
8881,Alex Foster,williamsashley.8881@example.com,IQ,2026-01-13,Standard,11688.82
8882,Adam Lucero,paullane.8882@example.com,RO,2022-08-13,Premium,16782.69
8883,Dawn Brown,gregmartin.8883@example.com,TV,2022-02-27,Basic,26042.88
8884,Patrick Berg,robert10.8884@example.com,FJ,2023-09-21,Premium,162.62
8885,James Camacho,larryhawkins.8885@example.com,TD,2024-07-07,Basic,7178.14
8886,Jason Marks,erik92.8886@example.com,CD,2020-05-17,Basic,15085.50
8887,Chad Grant,ugallagher.8887@example.com,AF,2025-09-22,Basic,26782.35
8888,Eugene Bishop,ericksonaaron.8888@example.com,LB,2022-09-27,Standard,25266.38
8889,Diane Atkins,ericaallen.8889@example.com,SG,2025-06-02,Basic,35937.80
8890,Rebecca Arnold,zramirez.8890@example.com,CF,2026-08-20,Basic,24159.29
8891,Gary Lopez,choifrank.8891@example.com,LR,2022-10-25,Basic,37995.23
8892,Timothy Briggs,charles45.8892@example.com,ZM,2020-05-05,Standard,30559.92
8893,Rebecca Daniels,kimberlyhumphrey.8893@example.com,MW,2020-10-09,Premium,47358.11
8894,Kevin Holder,hhowell.8894@example.com,FM,2022-03-20,Standard,21871.87
8895,Troy Sosa,gmorales.8895@example.com,DZ,2025-01-28,Basic,7367.55
8896,Nicholas Johnson,fbell.8896@example.com,IN,2020-01-29,Standard,45259.84
8897,Justin Garcia,hharper.8897@example.com,VC,2025-06-27,Basic,43483.63
8898,Katherine Anderson,jwong.8898@example.com,IT,2024-12-10,Basic,35002.94
8899,Benjamin Barnes,davenportandrew.8899@example.com,AR,2025-06-03,Premium,15230.76
8900,Gary Sullivan,mason72.8900@example.com,BT,2022-02-17,Standard,9744.63
8901,Kayla Ortiz,kimberlylopez.8901@example.com,DZ,2025-05-16,Premium,1086.06
8902,Debra Medina,ruizjennifer.8902@example.com,AE,2025-05-30,Premium,4037.54
8903,Shane Hawkins,geoffrey13.8903@example.com,NI,2023-01-04,Premium,23798.95
8904,Micheal Adams,arthurruiz.8904@example.com,NI,2020-01-16,Basic,13990.37
8905,Glenda Jefferson MD,kstephenson.8905@example.com,SV,2022-09-21,Premium,38804.20
8906,Cameron Martinez,bhutchinson.8906@example.com,KG,2021-12-27,Premium,21730.27
8907,Alan Gilbert,santanacrystal.8907@example.com,WS,2021-04-30,Basic,14636.58
8908,Dana Miller,brittany42.8908@example.com,VC,2026-06-16,Premium,37712.66
8909,Mary Davis,jross.8909@example.com,ZW,2021-09-24,Standard,5008.89
8910,Anthony Davis,mherrera.8910@example.com,ES,2020-07-07,Basic,33077.91
8911,Adam Harrison,vmurphy.8911@example.com,MT,2022-01-23,Premium,9033.68
8912,Traci Pierce,mbarajas.8912@example.com,NG,2025-01-20,Premium,20678.01
8913,Michael Cunningham,zwagner.8913@example.com,GT,2025-08-31,Basic,15525.37
8914,Tracey Jackson,kmorton.8914@example.com,NL,2023-04-03,Standard,23134.98
8915,Charles Montoya,marco76.8915@example.com,GN,2020-09-15,Basic,19264.14
8916,Stephanie White,stanley81.8916@example.com,VC,2020-09-18,Basic,12116.06
8917,Tyler Perry,ashley89.8917@example.com,RO,2025-04-19,Premium,23954.56
8918,Scott Garcia,moramichael.8918@example.com,GW,2021-06-16,Premium,15451.05
8919,Bryan Richardson,sherrycooper.8919@example.com,HU,2023-08-16,Basic,2024.34
8920,Taylor Arellano,alison13.8920@example.com,OM,2020-02-11,Standard,17525.08
8921,Daniel Cross,timothy80.8921@example.com,KR,2022-02-07,Standard,30624.02
8922,Kathryn Bailey,anthonyweeks.8922@example.com,UY,2020-04-15,Premium,44546.10
8923,Maria Hall,james53.8923@example.com,AE,2023-05-07,Basic,13579.40
8924,Sandra Perez,derek01.8924@example.com,NR,2020-02-19,Standard,49171.88
8925,Kenneth Wilson,kimberly69.8925@example.com,KP,2022-11-21,Standard,1417.77
8926,Tiffany Bass,ramirezeric.8926@example.com,CI,2022-12-20,Standard,35287.01
8927,Robert Kim,joanmarks.8927@example.com,SY,2022-09-18,Basic,22550.94
8928,Jacob Byrd,cummingswendy.8928@example.com,KZ,2024-02-29,Standard,25312.83
8929,Earl Mclean,scott06.8929@example.com,MD,2025-05-23,Premium,20930.38
8930,Frank Johnson,derrick52.8930@example.com,AE,2021-11-14,Basic,32055.36
8931,Kathryn Gonzalez,elijah99.8931@example.com,KI,2023-03-03,Basic,488.71
8932,Sergio Johnson,katieyoder.8932@example.com,BH,2022-06-02,Standard,8987.75
8933,Nicholas Luna,edward33.8933@example.com,AG,2020-07-14,Basic,34712.13
8934,Barry Green Jr.,mnoble.8934@example.com,RW,2024-11-20,Basic,9599.43
8935,Nina Jensen,ycooper.8935@example.com,TH,2024-04-20,Standard,41320.44
8936,Clayton Holmes,khughes.8936@example.com,TV,2021-09-21,Premium,29441.96
8937,Angela Thomas,williammarshall.8937@example.com,ER,2022-03-01,Basic,29726.16
8938,Karen Riggs,davidgonzalez.8938@example.com,MC,2024-02-04,Standard,38370.74
8939,Jamie Roberts,qharris.8939@example.com,BW,2026-02-19,Standard,47137.56
8940,Aaron Hubbard,fowens.8940@example.com,LR,2024-03-01,Standard,36946.05
8941,Ryan Miller,timothypatel.8941@example.com,GW,2022-12-08,Basic,16069.14
8942,Erin Bell,lisasullivan.8942@example.com,TH,2026-05-21,Basic,31709.81
8943,Tamara Vaughan,greenshelby.8943@example.com,PW,2023-10-18,Standard,29446.66
8944,Kathleen Garcia,progers.8944@example.com,TG,2023-10-16,Basic,10615.34
8945,Ashley Williams,kbrooks.8945@example.com,MR,2026-03-13,Basic,6146.83
8946,Michael Zamora,brandon16.8946@example.com,JM,2024-08-23,Standard,38645.40
8947,Tina Taylor,elewis.8947@example.com,BZ,2022-03-24,Premium,24166.82
8948,James Chapman,ifisher.8948@example.com,PT,2025-04-24,Standard,47733.16
8949,Kevin Moore,stevenschmidt.8949@example.com,DE,2022-08-20,Standard,27388.56
8950,Eric Dixon,samantha67.8950@example.com,KP,2022-04-11,Standard,14789.30
8951,Cassandra Malone,stephen72.8951@example.com,ZW,2023-11-03,Basic,15007.87
8952,Stephanie Boyer,angela00.8952@example.com,PT,2026-09-20,Standard,5712.97
8953,Katherine Porter,greenconnie.8953@example.com,CA,2024-07-11,Standard,7346.48
8954,Anita Chan,lauragrant.8954@example.com,TG,2023-01-22,Standard,34708.77
8955,Michael Nichols,heatherpowell.8955@example.com,MM,2024-04-06,Standard,21518.14
8956,Stephen Hart,tsmith.8956@example.com,GB,2023-10-09,Basic,14364.04
8957,Brandon Perez,smithalan.8957@example.com,NZ,2024-04-07,Premium,40410.04
8958,Glenda Combs,uwade.8958@example.com,ID,2025-04-30,Premium,34234.04
8959,Ann Murphy DDS,pgutierrez.8959@example.com,LR,2024-01-15,Premium,2481.08
8960,Jordan Butler,amber74.8960@example.com,PL,2023-11-14,Basic,49547.16
8961,Kimberly Rodriguez,jimmy51.8961@example.com,MU,2026-03-30,Standard,4382.20
8962,Laura Rogers,kristen15.8962@example.com,MC,2023-04-04,Standard,43225.80
8963,Bradley Heath,danielle00.8963@example.com,WS,2025-10-26,Basic,34157.86
8964,Jonathan Lopez,jkelley.8964@example.com,PG,2020-01-18,Standard,34188.70
8965,Christopher Kline,rrusso.8965@example.com,TZ,2024-10-23,Premium,18138.45
8966,Jack Barber,hardyjodi.8966@example.com,EC,2020-11-08,Premium,28950.00
8967,Crystal Thompson,michaeltodd.8967@example.com,ST,2022-06-08,Premium,21784.56
8968,Amber Trevino,xmartin.8968@example.com,RU,2021-11-06,Basic,39331.29
8969,Kristin Brown,christopher93.8969@example.com,ME,2024-10-21,Standard,3129.18
8970,David Scott,rfry.8970@example.com,SK,2024-07-11,Premium,12409.86
8971,Grant Warren,moralesadam.8971@example.com,FR,2022-06-06,Basic,48428.38
8972,Maria Tanner,williamgarcia.8972@example.com,BZ,2026-07-29,Standard,10529.65
8973,Blake Mcmillan,susan88.8973@example.com,ER,2024-11-16,Basic,49315.46
8974,Beth Maldonado,uwong.8974@example.com,TO,2020-04-29,Premium,30237.46
8975,Marcus Adams,huntkatherine.8975@example.com,BJ,2022-03-14,Basic,45554.81
8976,Kenneth Hayes,royjose.8976@example.com,US,2020-07-09,Basic,38788.07
8977,Sherry George,gsolis.8977@example.com,BY,2024-10-15,Standard,45179.53
8978,Darren Smith,patrickvasquez.8978@example.com,UG,2026-08-20,Standard,26071.47
8979,Troy Montgomery,owilliams.8979@example.com,CG,2025-08-14,Basic,7579.46
8980,Jerry Reyes,tbrady.8980@example.com,GR,2021-12-17,Basic,48218.91
8981,Peter Hall,darlenebutler.8981@example.com,AU,2025-10-19,Standard,3106.39
8982,Travis Esparza,caitlin21.8982@example.com,BI,2023-10-11,Basic,39986.15
8983,Chad Snyder,floresabigail.8983@example.com,SI,2021-10-20,Standard,32726.18
8984,Alexis Scott,ashley03.8984@example.com,GW,2023-12-05,Premium,32509.01
8985,Heather Mills,kdunlap.8985@example.com,SZ,2022-04-22,Premium,8203.59
8986,Shannon Burke,adriana91.8986@example.com,IQ,2023-07-10,Premium,35275.19
8987,Kevin Jacobson,kerrismith.8987@example.com,VA,2024-07-07,Basic,6952.79
8988,Marco Robinson,ellenbarnes.8988@example.com,DM,2025-12-28,Standard,46106.06
8989,Alexa Campbell,karen00.8989@example.com,BF,2026-05-15,Standard,40329.36
8990,Terry Benson,erikamassey.8990@example.com,IS,2026-03-07,Basic,39807.94
8991,Sarah Morales,velasquezjessica.8991@example.com,MX,2022-09-14,Basic,34987.88
8992,Whitney Arellano,laurenburns.8992@example.com,PE,2020-01-05,Standard,4208.84
8993,Wayne Jones,lopezrichard.8993@example.com,GW,2020-07-30,Basic,46157.73
8994,Luis Wright,cynthia02.8994@example.com,NE,2021-11-18,Premium,43497.36
8995,Joseph Alexander,juanrussell.8995@example.com,IN,2022-05-03,Premium,31114.16
8996,Mr. William Ayers,laurarice.8996@example.com,BN,2023-07-01,Standard,22308.07
8997,Charles Martin,edward67.8997@example.com,UZ,2020-12-13,Standard,42685.37
8998,Steven Reyes,emilycooper.8998@example.com,DZ,2023-02-27,Standard,21083.76
8999,Zachary Chandler,kelleydebbie.8999@example.com,CY,2021-07-22,Standard,7236.11
9000,Bryce Richardson,edwardbradshaw.9000@example.com,MH,2021-08-14,Standard,48315.69
9001,Mikayla Gonzalez,zachary73.9001@example.com,CD,2023-09-04,Premium,25056.18
9002,April Guerrero,laurenlambert.9002@example.com,CR,2022-10-31,Basic,25471.63
9003,Erica Woods,josephhubbard.9003@example.com,GM,2022-08-30,Unknown,2845.71
9004,Jorge Scott,kellysimon.9004@example.com,AD,2021-03-10,Premium,27473.45
9005,Margaret Leblanc,edwardpitts.9005@example.com,LA,2025-10-21,Standard,31031.90
9006,Becky Johnson,vanessa12.9006@example.com,NG,2024-06-04,Premium,19834.23
9007,Cody Murphy,vdavis.9007@example.com,CL,2023-12-29,Standard,47246.68
9008,Erin Robinson,bradleymitchell.9008@example.com,KH,2020-04-03,Premium,38506.50
9009,Gerald Brown,dfischer.9009@example.com,IR,2022-08-22,Premium,32477.62
9010,Jacob Adams,smithamy.9010@example.com,KZ,2026-07-31,Premium,6226.66
9011,Dr. Sandra Good DDS,kelly40.9011@example.com,LR,2023-06-20,Premium,22464.91
9012,Jessica Reed,hansenjanet.9012@example.com,BH,2025-06-03,Premium,8187.31
9013,Stephanie Morgan,rlawson.9013@example.com,GM,2022-12-10,Basic,23797.80
9014,Bob Sanchez,richardsonsheryl.9014@example.com,SE,2023-11-20,Basic,26774.58
9015,Alexander Powell,hollyjohnson.9015@example.com,UG,2025-11-30,Basic,32912.85
9016,Thomas Baird,jessica02.9016@example.com,LU,2025-02-09,Basic,23035.65
9017,Peter Bell,jeffreywalton.9017@example.com,WS,2024-10-09,Standard,48484.52
9018,Christine Ward,chicks.9018@example.com,CH,2024-10-29,Basic,4339.75
9019,Eric Peterson,andrewsims.9019@example.com,BS,2022-04-19,Premium,15139.54
9020,John Smith,kduffy.9020@example.com,BY,2020-05-09,Standard,17501.15
9021,James Golden,jessicaharrison.9021@example.com,MD,2021-08-12,Standard,2479.21
9022,Amanda Ochoa,patricia07.9022@example.com,MW,2021-08-25,Basic,19052.83
9023,Emily Perez,rbrooks.9023@example.com,CU,2022-12-16,Standard,7142.85
9024,Alexander Leon,pparsons.9024@example.com,BY,2022-09-01,Basic,15484.66
9025,Mckenzie Reid,devonchan.9025@example.com,TW,2026-05-15,Standard,27914.90
9026,Samantha Lyons,rbutler.9026@example.com,IR,2024-11-14,Standard,11416.76
9027,Carrie Jones,kennethcannon.9027@example.com,AZ,2022-09-11,Basic,37550.79
9028,Amber Ramirez,jennifermiller.9028@example.com,PL,2023-01-06,Standard,39225.09
9029,Daniel Werner,john00.9029@example.com,SB,2026-07-21,Basic,8439.55
9030,Jessica Rodriguez,ajones.9030@example.com,MW,2024-09-15,Basic,28342.45
9031,Lori Schultz,vallen.9031@example.com,JM,2025-04-05,Basic,11515.35
9032,Diana Valdez,yyoung.9032@example.com,ZA,2026-08-18,Premium,45070.85
9033,Daniel Williams,tmitchell.9033@example.com,MX,2022-10-06,Standard,10785.33
9034,Robert Jones,brownholly.9034@example.com,FR,2025-01-06,Standard,48920.20
9035,Alicia Hess,stevensoneric.9035@example.com,FR,2022-07-21,Basic,1789.61
9036,Robert Roberts,mcrosby.9036@example.com,FM,2020-12-23,Premium,17687.22
9037,Teresa Alvarado,fthompson.9037@example.com,MW,2025-03-09,Basic,32695.33
9038,Collin Briggs,lynchdonald.9038@example.com,LS,2023-10-21,Basic,12565.95
9039,Brandon Reed,anthonyturner.9039@example.com,JM,2024-02-17,Basic,38735.00
9040,Mary Willis,lindsaybright.9040@example.com,LB,2022-08-17,Standard,2457.59
9041,Aaron Ali,ppeters.9041@example.com,PL,2020-06-26,Basic,3000.49
9042,Amanda Barker,cookdebra.9042@example.com,IN,2022-05-08,Premium,15344.11
9043,Seth Solis,rebecca22.9043@example.com,CH,2026-02-09,Standard,43282.83
9044,David Cooper,steven14.9044@example.com,BE,2021-06-02,Basic,17496.97
9045,Haley Frank,ronaldbryan.9045@example.com,CL,2023-09-10,Standard,4920.67
9046,Michelle Zuniga,wshea.9046@example.com,BE,2025-09-23,Premium,11925.84
9047,Ann Booth,xporter.9047@example.com,KI,2024-05-06,Premium,12674.78
9048,Heather Lee,candiceanderson.9048@example.com,MD,2024-10-22,Premium,715.30
9049,Sarah Burns,kimberly17.9049@example.com,GM,2021-07-26,Premium,36405.18
9050,Aaron Ward,nicholasjones.9050@example.com,LR,2023-08-13,Basic,4603.06
9051,Donna Weeks,jenniferknight.9051@example.com,RO,2024-04-23,Basic,41228.74
9052,Ian Jackson,vsanford.9052@example.com,PS,2022-12-22,Premium,7058.15
9053,Jeremy Williams,lopezrobert.9053@example.com,IS,2021-08-23,Basic,46740.03
9054,Shawn Washington,angelaharvey.9054@example.com,BF,2020-10-05,Basic,32405.16
9055,Danny Riley Jr.,gjones.9055@example.com,FR,2020-02-12,Premium,19235.68
9056,Stephanie Martin,ppadilla.9056@example.com,IQ,2020-11-10,Standard,17853.82
9057,Ian Buchanan,ihoover.9057@example.com,FM,2024-06-07,Standard,7279.11
9058,Jesse Smith,westralph.9058@example.com,TZ,2020-06-11,Premium,14480.92
9059,Ricky Smith,yolanda06.9059@example.com,BS,2023-07-01,Standard,12140.32
9060,Richard Jackson,davidmiller.9060@example.com,US,2020-11-08,Premium,24016.73
9061,Robert Bates,brandon73.9061@example.com,CV,2022-06-02,Premium,10417.04
9062,Harry Francis,rodriguezkimberly.9062@example.com,BD,2025-07-18,Basic,17261.77
9063,Jill Davis,jeffreyreeves.9063@example.com,GB,2020-04-28,Premium,5078.97
9064,Brian Soto,nelsonmichael.9064@example.com,HN,2025-07-30,Standard,6493.12
9065,Anthony Murray,tanya90.9065@example.com,CN,2021-02-20,Premium,33811.88
9066,Andrew Sloan,pmiller.9066@example.com,SI,2020-12-12,Standard,36546.44
9067,Stephanie Petersen,fdavis.9067@example.com,AF,2020-09-16,Premium,5086.66
9068,Daniel Hernandez,benjaminburgess.9068@example.com,LY,2021-10-20,Basic,46122.21
9069,Carly Carter,jennifer28.9069@example.com,FJ,2024-08-09,Basic,37404.70
9070,Robert Carlson,vmills.9070@example.com,LS,2023-10-05,Standard,17704.61
9071,Lindsey Miller,rruiz.9071@example.com,SC,2021-01-23,Basic,36667.41
9072,Todd Khan,phillipslinda.9072@example.com,BB,2025-12-11,Standard,35422.97
9073,Jonathon Mcneil,jennifer89.9073@example.com,LV,2023-03-19,Basic,501.19
9074,Anthony Nelson,michael26.9074@example.com,BJ,2020-09-23,Premium,11668.82
9075,Tyler Jefferson,romerokelsey.9075@example.com,QA,2024-10-10,Premium,17887.70
9076,Shannon Mills,marcusbolton.9076@example.com,MK,2022-02-05,Basic,2057.20
9077,Barbara Walker,paigecastillo.9077@example.com,HU,2022-04-09,Basic,43435.07
9078,Eric Hernandez,cboyer.9078@example.com,KM,2024-09-29,Premium,1329.04
9079,Alex Smith,daniel71.9079@example.com,SE,2020-12-25,Premium,23323.87
9080,Ian Tate,nsullivan.9080@example.com,SG,2021-10-25,Standard,17442.44
9081,Valerie Davis,mark34.9081@example.com,DO,2026-01-07,Premium,44364.78
9082,Dr. Joseph Bentley PhD,scotthiggins.9082@example.com,PG,2020-01-11,Standard,45375.79
9083,Christopher King,karileblanc.9083@example.com,ME,2023-04-14,Basic,30264.73
9084,Wendy Griffin,lauren49.9084@example.com,GT,2023-12-08,Standard,45687.47
9085,Stephen Pace,harrisamy.9085@example.com,TV,2020-11-06,Basic,23355.53
9086,William Pierce,rbrown.9086@example.com,PA,2025-11-04,Standard,37361.25
9087,Shelley Hernandez,walterreed.9087@example.com,RW,2024-09-22,Basic,3897.04
9088,David Parks,westheather.9088@example.com,VE,2020-10-22,Basic,46516.42
9089,William Pierce,livingstonnicholas.9089@example.com,BB,2022-01-11,Basic,25326.19
9090,Sierra Hicks,,ZW,2026-06-02,Standard,21114.91
9091,Andrew Hernandez,susan14.9091@example.com,CZ,2024-06-01,Basic,45427.56
9092,Jenna Anderson,natalie92.9092@example.com,MU,2023-02-04,Basic,26342.70
9093,Maurice Hale,ewinters.9093@example.com,GA,2025-04-28,Premium,32218.94
9094,Robert Woods,qsmith.9094@example.com,BT,2022-03-24,Premium,40404.83
9095,Anthony Obrien,tjames.9095@example.com,BY,2023-05-12,Basic,20725.56
9096,Lawrence Archer,vaughanmatthew.9096@example.com,CR,2024-11-28,Basic,10954.90
9097,Jordan Smith,karajimenez.9097@example.com,NO,2021-01-10,Premium,38684.09
9098,Alexis Warren,carlarogers.9098@example.com,AF,2026-05-19,Basic,2433.15
9099,Terri Kennedy,littlelaura.9099@example.com,ML,2021-07-25,Basic,23691.33
9100,Lori Green,ray42.9100@example.com,GM,2021-03-18,Premium,1113.14
9101,David Hartman,sandracruz.9101@example.com,TO,2021-01-07,Premium,29589.24
9102,Carol Jensen,joseph78.9102@example.com,ES,2022-11-30,Standard,42574.66
9103,Susan Conley,hconrad.9103@example.com,GR,2021-03-19,Basic,44020.07
9104,Chad Ward,agibson.9104@example.com,AF,2023-01-02,Standard,39828.35
9105,Samantha Williams,christopherkey.9105@example.com,CD,2025-11-04,Premium,32645.24
9106,Steven Gonzalez,jroberts.9106@example.com,AT,2025-09-26,Premium,38317.50
9107,Lori Collins,leonardmichael.9107@example.com,SL,2024-12-08,Basic,13439.55
9108,David Chang,lewisaaron.9108@example.com,JM,2020-06-16,Basic,37831.39
9109,Douglas Brown,hannah45.9109@example.com,HN,2023-08-19,Premium,37763.73
9110,Paula Zimmerman,gregoryaustin.9110@example.com,RW,2022-07-29,Standard,33010.81
9111,Robert Stone,zrhodes.9111@example.com,IE,2026-01-30,Premium,27603.56
9112,Michael Ford,danahernandez.9112@example.com,PA,2026-03-12,Basic,42250.31
9113,Melody Martinez,tina57.9113@example.com,BY,2026-06-30,Standard,41557.49
9114,Tiffany Tran,deannaward.9114@example.com,CG,2023-10-27,Basic,30241.50
9115,George Lambert,margaret78.9115@example.com,PK,2021-01-22,Basic,31055.65
9116,Stacy Johnson,respinoza.9116@example.com,QA,2021-06-29,Basic,258.15
9117,Zachary Griffin,joseph33.9117@example.com,NE,2022-04-04,Premium,47058.23
9118,Jennifer Hamilton,katherinegomez.9118@example.com,GW,2025-10-30,Premium,14564.39
9119,James Galloway,christopher85.9119@example.com,GE,2020-01-26,Premium,44104.31
9120,Anthony Villegas,scottlisa.9120@example.com,MM,2025-07-20,Basic,27604.16
9121,Duane Estes,asmith.9121@example.com,MX,2023-06-23,Basic,4764.04
9122,Donna Gray,bookerstephanie.9122@example.com,PL,2025-11-30,Basic,12992.71
9123,Alex Rodriguez,mccallpaul.9123@example.com,SY,2020-07-29,Basic,17195.76
9124,Ashley Wheeler,jsanchez.9124@example.com,SM,2024-01-12,Standard,48438.50
9125,Amanda Swanson,ericjohnson.9125@example.com,PS,2021-07-06,Basic,49259.96
9126,Maxwell Smith,amanda08.9126@example.com,ZW,2020-03-31,Standard,35627.75
9127,Miss Jasmin Castaneda DDS,idaugherty.9127@example.com,PT,2026-06-27,Standard,20520.57
9128,Michael Molina,nhouston.9128@example.com,MM,2025-11-15,Basic,1459.62
9129,Sharon Jacobs,edeleon.9129@example.com,MV,2024-01-16,Premium,2249.75
9130,Gary Kim,lryan.9130@example.com,SD,2025-11-21,Standard,1706.46
9131,Alyssa Rogers,rboyer.9131@example.com,NG,2025-01-26,Standard,38057.28
9132,Michael Francis,cliffordlindsey.9132@example.com,SC,2024-03-28,Standard,1491.86
9133,Melanie Lee,williamlopez.9133@example.com,DZ,2026-07-23,Standard,14135.32
9134,Kristen Moore,morrisoncarrie.9134@example.com,AO,2025-06-02,Basic,28844.02
9135,Sara Cordova,adam47.9135@example.com,LA,2024-08-02,Basic,41130.61
9136,James Acosta,johnpadilla.9136@example.com,MD,2023-11-17,Basic,40803.29
9137,Christopher Mcdonald,fieldsglenn.9137@example.com,DM,2024-07-04,Standard,20624.25
9138,Daniel Gutierrez,eflores.9138@example.com,GM,2022-12-08,Standard,13411.63
9139,Melissa Pierce,connor09.9139@example.com,SG,2020-01-16,Basic,11943.87
9140,David Phelps,sdavis.9140@example.com,ST,2026-08-29,Standard,16794.01
9141,Lisa Payne,matthewtaylor.9141@example.com,SZ,2022-06-02,Standard,2587.02
9142,Thomas Butler,burtonraymond.9142@example.com,RW,2024-12-11,Basic,23836.75
9143,Ann Hayes,tmckenzie.9143@example.com,HT,2023-03-10,Premium,12039.23
9144,Brent Rodriguez,barrykurt.9144@example.com,LK,2025-12-30,Standard,39591.63
9145,Christopher Cox,ogray.9145@example.com,SI,2021-12-25,Basic,12646.83
9146,Angela Acosta,tellis.9146@example.com,KM,2021-07-07,Premium,26394.02
9147,Samantha Montgomery,wesleygreene.9147@example.com,SN,2023-11-17,Basic,5468.90
9148,Jacob Watson,joel81.9148@example.com,GN,2023-10-19,Standard,25472.97
9149,Ms. Stacy Brown,nnichols.9149@example.com,ER,2025-09-24,Premium,38615.26
9150,Sara Hernandez,powellcassandra.9150@example.com,EE,2026-08-25,Premium,13795.98
9151,Andrew Johnson,rebecca79.9151@example.com,EE,2025-03-11,Standard,16506.04
9152,Timothy Henderson,jessica31.9152@example.com,LA,2024-07-02,Basic,31408.73
9153,Anthony Wilson,nguyenricardo.9153@example.com,IE,2023-12-24,Standard,1644.28
9154,Diana Taylor,mcneillance.9154@example.com,TR,2020-05-15,Basic,8393.62
9155,April Dawson,timothy58.9155@example.com,AE,2023-11-25,Premium,39385.08
9156,Ashley Williams,christopher07.9156@example.com,MA,2023-09-26,Standard,49941.12
9157,Stanley Daniel,wryan.9157@example.com,EG,2020-06-08,Premium,33539.04
9158,Miguel Tyler,christinablake.9158@example.com,EE,2023-09-27,Basic,10438.42
9159,Michael Garrett,leekrista.9159@example.com,JO,2022-11-19,Standard,35779.00
9160,Nicole White,davidpugh.9160@example.com,TO,2021-08-28,Standard,12098.35
9161,Michaela Russo,whitakerwesley.9161@example.com,CD,2021-04-16,Basic,49030.10
9162,Luis Jones,mayelizabeth.9162@example.com,LK,2021-10-06,Basic,32549.62
9163,Eric Ingram,garyvilla.9163@example.com,CR,2024-11-13,Basic,3476.70
9164,Timothy Nolan,david25.9164@example.com,TW,2022-11-29,Standard,21463.69
9165,Margaret Brewer,danielholmes.9165@example.com,RW,2024-06-26,Basic,48210.28
9166,Casey Turner,rkennedy.9166@example.com,KN,2023-06-02,Basic,29098.87
9167,Rachael Walters,lisa54.9167@example.com,JO,2021-03-16,Premium,45571.14
9168,Linda Fox,parksamber.9168@example.com,PA,2025-02-16,Standard,28397.58
9169,Kyle Jackson,davidmiller.9169@example.com,SE,2026-01-18,Basic,19821.99
9170,Sherri Gonzalez,franklinrobert.9170@example.com,IE,2023-03-11,Premium,24485.15
9171,Amanda Mcintyre,mooremary.9171@example.com,LI,2021-07-15,Basic,13707.62
9172,Charles Harding,randystewart.9172@example.com,KH,2026-05-04,Premium,31348.22
9173,Susan Garza,donaldbarker.9173@example.com,LK,2026-05-19,Basic,38851.65
9174,Shane Gutierrez,jessicarodgers.9174@example.com,SZ,2024-11-04,Premium,32588.46
9175,David Hancock,leekayla.9175@example.com,KH,2021-04-08,Basic,47352.63
9176,Jose Gibson,westrobin.9176@example.com,CA,2021-04-13,Premium,49360.58
9177,Emily Holloway,wsullivan.9177@example.com,HU,2022-02-20,Basic,21773.79
9178,John Garner,stanleysarah.9178@example.com,TG,2023-05-09,Standard,29129.18
9179,Mark Cunningham,allisonmiller.9179@example.com,MW,2025-02-22,Premium,28564.44
9180,Patricia Mcdonald,ryanphillips.9180@example.com,CM,2026-09-06,Standard,24880.86
9181,Michael West,hooperrobert.9181@example.com,BY,2026-04-23,Premium,37692.68
9182,Michelle Quinn,wendy95.9182@example.com,SR,2020-01-28,Basic,32934.44
9183,Brittney Nunez,russellbennett.9183@example.com,DE,2024-06-14,Basic,34874.17
9184,Brandy Ware,julie76.9184@example.com,IQ,2021-03-12,Premium,3244.02
9185,Jeremy Stevens,schwartzlaura.9185@example.com,BN,2020-07-28,Basic,42893.81
9186,Diane Cooley,grace07.9186@example.com,SV,2024-06-12,Standard,33738.32
9187,Bryan Rivas,ehamilton.9187@example.com,GW,2020-09-16,Premium,15802.30
9188,Kevin Smith,angelthomas.9188@example.com,PE,2026-05-29,Standard,45127.69
9189,Denise Monroe,timothy46.9189@example.com,ZW,2022-11-15,Standard,25127.29
9190,Jeffrey Schneider,steve13.9190@example.com,LR,2026-06-27,Premium,21261.05
9191,Logan Campbell,urhodes.9191@example.com,JM,2024-10-06,Standard,683.72
9192,George Wilson,william32.9192@example.com,MA,2026-05-02,Standard,13877.81
9193,Dustin Humphrey,pyoung.9193@example.com,AZ,2020-01-08,Basic,5092.99
9194,Phillip Hunt,ynewman.9194@example.com,GT,2021-11-05,Basic,27167.28
9195,Peggy Schmidt,david96.9195@example.com,NE,2022-03-15,Basic,24374.07
9196,Tyler Case,esparzabarbara.9196@example.com,TG,2022-11-13,Premium,17556.33
9197,Mark Smith,john28.9197@example.com,RW,2025-05-21,Basic,45479.87
9198,Tiffany Wells,nguyenlaura.9198@example.com,TT,2021-09-22,Standard,8700.43
9199,Julie Curtis,bellwilliam.9199@example.com,KH,2026-08-21,Standard,34624.42
9200,Antonio Herring,angela22.9200@example.com,AZ,2020-09-04,Basic,38031.36
9201,Erin Davidson,william96.9201@example.com,SA,2023-05-10,Standard,21642.07
9202,Hannah Calderon,hughescatherine.9202@example.com,FI,2022-11-03,Standard,22550.30
9203,Lisa Knox,tyler22.9203@example.com,LR,2020-07-24,Basic,39876.29
9204,George Robinson,amartin.9204@example.com,BE,2025-04-24,Premium,7133.61
9205,Matthew Christensen,wilkinseric.9205@example.com,IR,2025-03-29,Standard,34610.29
9206,Lori Jones,jamesmorgan.9206@example.com,BT,2025-09-12,Premium,8302.69
9207,Robert Blankenship,kimberly42.9207@example.com,SN,2021-06-27,Standard,27757.96
9208,Jeremy Franklin,tara71.9208@example.com,KN,2021-03-30,Standard,43231.12
9209,Tracey Harris,vwalker.9209@example.com,BJ,2026-04-03,Standard,20994.52
9210,Christina Jefferson,cynthiahendricks.9210@example.com,SV,2024-12-13,Standard,38971.86
9211,Molly Melton,williamsimon.9211@example.com,PS,2020-12-04,Premium,42794.36
9212,Annette Smith,zmcgee.9212@example.com,RU,2024-08-24,Standard,30597.35
9213,Gabrielle Olson,murphygwendolyn.9213@example.com,BJ,2026-07-17,Standard,32976.97
9214,Lydia Chung,gwilliams.9214@example.com,JP,2026-03-25,Basic,17101.68
9215,Holly Montes,davidcameron.9215@example.com,SO,2025-02-01,Premium,32008.26
9216,Peggy Knight,sherri78.9216@example.com,PW,2023-04-30,Basic,44517.56
9217,Natalie Morris,marksalazar.9217@example.com,JO,2023-02-08,Basic,5446.67
9218,Christine Roberts,ortizpatrick.9218@example.com,BF,2020-06-05,Basic,42756.58
9219,John Jones,samantha90.9219@example.com,DM,2024-08-23,Basic,26035.77
9220,Bryan Nguyen,russellgreer.9220@example.com,PL,2024-03-26,Standard,34696.74
9221,Mark Rodriguez,joshua06.9221@example.com,HU,2023-01-03,Premium,19104.60
9222,Brian Brown,jacob09.9222@example.com,MG,2023-03-18,Standard,49104.65
9223,David Russell,hudsonjulie.9223@example.com,YE,2022-02-01,Standard,18016.18
9224,Christine Burns,rowecassidy.9224@example.com,TL,2020-03-02,Standard,515.21
9225,Jenny Huff,bowerskarl.9225@example.com,CD,2024-10-26,Premium,48222.54
9226,Rachel Hernandez,caroline51.9226@example.com,JO,2020-09-02,Premium,38588.60
9227,Chad Malone,benjaminjohnson.9227@example.com,SR,2024-07-27,Standard,6754.28
9228,Julie Weber,vtaylor.9228@example.com,JO,2025-08-04,Premium,13591.87
9229,Jason Wood,amyweber.9229@example.com,SC,2026-07-18,Basic,4187.39
9230,Kelly Hamilton,craiggrace.9230@example.com,BE,2021-01-17,Premium,6200.93
9231,Carla Daniels,dudleysarah.9231@example.com,KI,2021-08-10,Standard,22355.96
9232,Sean Bates,christophercallahan.9232@example.com,KH,2023-12-10,Standard,47603.69
9233,Jenna Eaton,chandlerleslie.9233@example.com,BD,2021-05-17,Standard,30991.48
9234,Carolyn Haynes,daniellemiller.9234@example.com,YE,2025-07-25,Premium,29900.47
9235,Ricky Frey,mjones.9235@example.com,RW,2021-04-01,Basic,14184.17
9236,David Whitaker,jillsmith.9236@example.com,CL,2024-12-26,Basic,48596.73
9237,Caleb Middleton,dalvarez.9237@example.com,GD,2022-09-17,Premium,8211.63
9238,Dana English,user@example,RU,2020-12-27,Premium,47179.69
9239,Brandon Boyd,rflowers.9239@example.com,MA,2023-05-10,Basic,31869.35
9240,John Gonzalez,margaret90.9240@example.com,GB,2021-03-04,Basic,14274.09
9241,David Spencer,susan79.9241@example.com,MH,2024-08-11,Standard,7485.33
9242,Nicholas Robertson,stevennelson.9242@example.com,LA,2023-11-25,Premium,39904.16
9243,Heather Morales MD,tsweeney.9243@example.com,NP,2022-08-30,Standard,36277.00
9244,Amy Lawrence,rfoster.9244@example.com,IR,2022-07-18,Basic,24675.15
9245,Robert Perkins,eric69.9245@example.com,MW,2024-08-20,Premium,6767.56
9246,Sean Hogan,stevenroman.9246@example.com,LA,2024-03-18,Standard,12709.42
9247,Michelle Quinn,sean41.9247@example.com,MH,2025-07-24,Standard,18937.34
9248,Rachel Lindsey,tranedward.9248@example.com,BI,2026-08-20,Basic,20160.57
9249,Joanna Newman,qnelson.9249@example.com,NA,2026-09-10,Basic,35333.49
9250,Victoria Jacobs,zleonard.9250@example.com,GR,2024-05-11,Standard,36499.19
9251,Jason House,jenniferking.9251@example.com,YE,2026-07-20,Premium,27131.44
9252,Gabriella Sanchez,cwatson.9252@example.com,MV,2023-12-01,Basic,39011.67
9253,Robert Bush,zperez.9253@example.com,TV,2024-06-15,Premium,14322.96
9254,Robert Pitts,shanemiller.9254@example.com,TO,2024-04-23,Premium,1591.51
9255,Gregory Wood MD,marcusfloyd.9255@example.com,ES,2024-08-08,Basic,8386.75
9256,Jessica Mack,lorettadelgado.9256@example.com,MK,2022-10-28,Standard,24054.05
9257,Melanie Fuller,matthew93.9257@example.com,CN,2022-08-21,Premium,11830.32
9258,Mark Arnold,colemansamantha.9258@example.com,MX,2020-05-05,Standard,1566.64
9259,David Conley,torresdave.9259@example.com,BW,2021-06-28,Standard,6698.22
9260,Mark Anderson,uhines.9260@example.com,AL,2022-10-03,Premium,20977.63
9261,Robert Coleman,jon08.9261@example.com,MG,2021-10-22,Standard,28396.20
9262,Lydia Wiley,evaldez.9262@example.com,NO,2022-05-19,Basic,31083.85
9263,James Tucker,ambermitchell.9263@example.com,LR,2023-12-24,Premium,14064.48
9264,Sean Williams,jwilliams.9264@example.com,CH,2022-08-17,Standard,48185.87
9265,Leslie Pena,zsuarez.9265@example.com,CL,2022-12-06,Premium,25004.31
9266,Michael Hensley,parksheather.9266@example.com,PT,2022-04-30,Premium,7060.61
9267,Valerie Spence,debra41.9267@example.com,MD,2022-04-20,Premium,16797.09
9268,Edward Coleman,ddiaz.9268@example.com,FM,2025-01-24,Unknown,46004.56
9269,Ms. Katie Tran,obrewer.9269@example.com,ZA,2025-08-06,Premium,22909.98
9270,Leah Fox,samuelsmith.9270@example.com,MK,2022-05-17,Standard,4727.67
9271,Andrea Logan,dthomas.9271@example.com,LV,2021-05-24,Standard,29602.32
9272,Shannon Walsh,shawn11.9272@example.com,NI,2023-08-19,Premium,12115.68
9273,Gina Perez,nking.9273@example.com,NZ,2021-06-08,Premium,29664.13
9274,Kelly Conley,anne41.9274@example.com,DZ,2025-01-02,Premium,10050.12
9275,Terri Rivera MD,fishersusan.9275@example.com,AE,2021-04-26,Premium,12388.47
9276,Danielle Smith,leedavid.9276@example.com,OM,2023-03-13,Standard,30627.72
9277,Ashley Johnson,pnguyen.9277@example.com,SO,2022-07-15,Premium,18579.27
9278,Marissa Mueller,shelby30.9278@example.com,DJ,2025-12-23,Standard,35340.30
9279,Matthew Erickson,jtodd.9279@example.com,AM,2022-09-01,Premium,12865.99
9280,Nicholas Golden,jilljohnson.9280@example.com,BS,2022-11-25,Premium,48264.55
9281,Tara Moore,chad79.9281@example.com,BG,2021-10-22,Basic,20650.01
9282,Joel Parks,stefanie24.9282@example.com,NG,2020-08-15,Premium,11275.06
9283,Garrett Fisher,tracybarr.9283@example.com,ME,2025-12-25,Basic,42515.28
9284,Marc Williams,schristensen.9284@example.com,TW,2024-05-18,Premium,25441.59
9285,Paul Gibson,xvance.9285@example.com,ET,2024-09-13,Premium,24822.24
9286,Daniel Cole,mindyjohnson.9286@example.com,CM,2020-05-09,Standard,31207.17
9287,Michael Swanson,wmartinez.9287@example.com,GN,2020-05-06,Premium,34937.76
9288,Daniel Hobbs,nashbrian.9288@example.com,KH,2023-10-14,Premium,47925.77
9289,Dennis Cameron,sanchezrhonda.9289@example.com,TL,2020-06-14,Basic,49738.41
9290,Cassandra Stark,lanenatasha.9290@example.com,VU,2023-11-25,Premium,37179.54
9291,Stacy Rocha,gordonbrittany.9291@example.com,CV,2023-03-09,Premium,9514.44
9292,Luis Bishop,chenkristina.9292@example.com,GT,2020-03-07,Standard,16469.96
9293,Stephanie Wolfe,strongharry.9293@example.com,CY,2025-07-14,Standard,47360.88
9294,Katie Hernandez,fwheeler.9294@example.com,KR,2021-11-29,Basic,15551.34
9295,Mary Farley,paul74.9295@example.com,IS,2026-04-20,Premium,7218.04
9296,Jenny White,jennifer74.9296@example.com,TR,2025-01-21,Basic,30579.97
9297,Bryan Rosales,marymarshall.9297@example.com,PG,2026-08-25,Basic,18703.80
9298,Alicia Henry,cwallace.9298@example.com,PW,2022-02-10,Basic,41673.46
9299,Jessica Duncan,nowens.9299@example.com,HU,2023-07-19,Standard,8886.75
9300,Carl Johnson,charles71.9300@example.com,ES,2022-05-25,Standard,19863.82
9301,Cindy Owens,janet99.9301@example.com,TR,2026-06-15,Premium,17458.75
9302,James Schaefer,john32.9302@example.com,BB,2025-12-07,Standard,34687.82
9303,David Fisher,karenhanna.9303@example.com,SK,2021-06-19,Premium,43827.10
9304,Stephanie Rogers,danielkennedy.9304@example.com,BE,2021-02-19,Premium,30962.56
9305,Jeffrey Gentry,paul11.9305@example.com,UA,2025-06-04,Premium,34063.62
9306,Steven Holt,tbrown.9306@example.com,FI,2023-02-10,Premium,22109.27
9307,Frank Hampton,crystal01.9307@example.com,VC,2021-08-04,Standard,32971.03
9308,Jermaine Smith,johnsonnichole.9308@example.com,TO,2026-04-14,Basic,49671.89
9309,Rebecca Day,martinjames.9309@example.com,AL,2020-06-24,Basic,33209.77
9310,Pamela Lee,brian16.9310@example.com,HU,2025-12-28,Premium,17149.42
9311,Phillip Collier,april11.9311@example.com,TG,2024-05-27,Premium,13269.89
9312,Joshua Bush,xtucker.9312@example.com,EG,2021-08-04,Standard,1086.68
9313,Amy Valdez,wcollins.9313@example.com,BA,2020-07-26,Standard,3062.31
9314,Stephanie Rogers,jennifermacdonald.9314@example.com,OM,2025-09-23,Premium,34436.11
9315,Rodney Hamilton,ubutler.9315@example.com,AD,2021-04-06,Basic,34465.35
9316,Chad Griffin,todd18.9316@example.com,KP,2022-06-25,Basic,13314.30
9317,Kayla Brown,erikasanchez.9317@example.com,WS,2024-06-06,Premium,14744.23
9318,Ricky Hopkins,hsims.9318@example.com,TH,2021-05-15,Basic,1552.32
9319,Ronald Alvarado,vcox.9319@example.com,KW,2022-03-24,Basic,19185.67
9320,Christopher Nicholson,lmcbride.9320@example.com,MY,2024-03-22,Standard,6256.50
9321,Ronald Hurst,orrscott.9321@example.com,DM,2024-12-12,Premium,48120.25
9322,Michelle Allen,laurahenry.9322@example.com,RS,2020-11-04,Premium,20099.60
9323,Dillon Ellis,osmith.9323@example.com,IL,2022-10-27,Premium,25059.81
9324,Mark Ramirez,adrianpeterson.9324@example.com,TN,2020-03-25,Premium,33437.79
9325,William Mercado,mistyjohnson.9325@example.com,MT,2025-11-28,Standard,40011.07
9326,Scott Lee,rhondaspencer.9326@example.com,PE,2023-08-16,Basic,43043.47
9327,Bill Oliver,nancy26.9327@example.com,ST,2022-06-18,Standard,30058.48
9328,Kenneth Jackson,johnbentley.9328@example.com,TR,2024-10-12,Standard,45178.86
9329,Phillip Navarro,oramos.9329@example.com,MC,2025-02-13,Standard,39865.48
9330,Jennifer Gonzalez,hayesmario.9330@example.com,VE,2020-03-18,Premium,13549.68
9331,Katherine Stone,elizabethgilbert.9331@example.com,MW,2020-02-24,Basic,39963.55
9332,Jessica Chapman,benjaminherrera.9332@example.com,DZ,2025-02-24,Basic,20412.31
9333,Donna Watson,brownjohn.9333@example.com,RW,2022-06-25,Standard,41679.61
9334,Ryan Martinez,dhays.9334@example.com,VC,2023-02-07,Basic,38710.58
9335,Michael Mata Jr.,chelsea65.9335@example.com,NA,2023-08-11,Standard,13251.62
9336,Gerald Hernandez,matthew66.9336@example.com,NG,2025-06-19,Standard,6397.47
9337,Anthony Jacobs,dschneider.9337@example.com,AR,2025-07-11,Premium,9156.03
9338,Allison Nicholson,donnabates.9338@example.com,PK,2023-09-05,Premium,1020.02
9339,Sara Patterson,adamjackson.9339@example.com,VU,2022-10-10,Unknown,12402.27
9340,Suzanne Wade,julie36.9340@example.com,SC,2022-06-08,Basic,428.98
9341,Anna Daugherty,ugonzales.9341@example.com,YE,2023-08-01,Standard,19895.85
9342,Corey Keller,dgarcia.9342@example.com,IN,2023-07-02,Premium,32622.21
9343,David Humphrey,gutierrezmary.9343@example.com,GM,2026-02-02,Standard,8666.80
9344,Timothy Hull,moorejessica.9344@example.com,YE,2025-04-26,Standard,25388.01
9345,Stacey Gray,chenkevin.9345@example.com,ID,2021-02-15,Premium,12803.30
9346,Ashley Williams,parkerelizabeth.9346@example.com,TH,2023-10-25,Basic,3339.20
9347,Ashley Shepherd,hebertmichelle.9347@example.com,AD,2025-06-03,Standard,39673.43
9348,Leslie Young,crystal53.9348@example.com,PT,2020-06-18,Basic,18059.64
9349,Henry Johnson,castillorenee.9349@example.com,LT,2026-06-06,Premium,33478.72
9350,Mark Hart,parkerandrew.9350@example.com,BJ,2020-01-08,Standard,26403.97
9351,Nicholas Rivera,brandon10.9351@example.com,PL,2021-06-09,Standard,20438.85
9352,Matthew Lynn,paulchang.9352@example.com,CG,2020-07-29,Standard,49662.22
9353,Connie King,crosschristine.9353@example.com,GT,2026-02-24,Premium,47192.74
9354,James Choi,jacobwalters.9354@example.com,UG,2021-02-23,Basic,4509.26
9355,Rachel Hernandez,williammurray.9355@example.com,RU,2026-02-03,Basic,37963.03
9356,Kelly Wright,wcollins.9356@example.com,PA,2022-12-13,Premium,15135.66
9357,Daniel Delacruz,johnbrown.9357@example.com,LS,2025-05-12,Standard,37974.79
9358,Susan Riley,williamcarr.9358@example.com,BT,2023-03-17,Premium,34873.66
9359,Robert Perry,plopez.9359@example.com,TT,2022-05-14,Basic,13363.98
9360,Jason Hendrix,danielcalderon.9360@example.com,BR,2022-03-18,Basic,15095.60
9361,Sierra Woodward,vharmon.9361@example.com,RW,2022-09-26,Basic,6943.84
9362,Stephanie Lopez,rowlandshelby.9362@example.com,PL,2023-01-31,Basic,25710.01
9363,Amanda Harmon,samanthaschwartz.9363@example.com,ML,2021-04-17,Basic,82.03
9364,Juan Martinez,nicholas31.9364@example.com,LV,2026-03-26,Premium,10670.09
9365,Joseph King,davidsoto.9365@example.com,AE,2025-02-21,Basic,4261.48
9366,Michael Williams,david80.9366@example.com,GW,2023-03-30,Standard,40228.64
9367,Crystal Brennan,greenjulia.9367@example.com,SL,2024-09-20,Premium,14245.12
9368,Courtney Hicks,patricia77.9368@example.com,VU,2020-07-02,Standard,34797.76
9369,Justin Rivera,spugh.9369@example.com,HR,2024-05-26,Basic,15199.17
9370,Suzanne Young,walkercolin.9370@example.com,ME,2026-08-30,Premium,42754.66
9371,Kathleen White,dobrien.9371@example.com,ZA,2022-04-26,Basic,26052.99
9372,Seth Smith,langmatthew.9372@example.com,LV,2022-10-22,Standard,22060.64
9373,Jeffrey Whitehead,williamspaul.9373@example.com,IN,2023-11-27,Basic,8048.98
9374,Melissa Cortez,boothjennifer.9374@example.com,KZ,2023-05-29,Premium,23907.37
9375,Michael Gross,timothymiller.9375@example.com,IN,2026-03-10,Standard,38549.07
9376,Lisa Johnson,deanna88.9376@example.com,JO,2022-03-06,Standard,49267.79
9377,Thomas Merritt,justinlarson.9377@example.com,UG,2022-10-12,Premium,26369.71
9378,Rebecca Bond,gallagherchristine.9378@example.com,CN,2022-12-15,Standard,8166.78
9379,Kelly Patrick,haynesdavid.9379@example.com,LK,2020-10-19,Standard,34548.35
9380,Sharon Anderson,rkennedy.9380@example.com,BI,2024-09-26,Premium,9770.39
9381,Scott Tucker,tgonzalez.9381@example.com,BY,2026-01-12,Standard,33689.65
9382,Larry Rios,carriemurillo.9382@example.com,JO,2024-01-25,Premium,21537.87
9383,Morgan Baker,william51.9383@example.com,GY,2023-12-27,Standard,8765.47
9384,Maurice Green,hudsontravis.9384@example.com,GH,2020-09-06,Basic,3818.26
9385,Lisa Barnes,frogers.9385@example.com,MX,2024-09-13,Basic,12228.25
9386,Samantha Dorsey,balljessica.9386@example.com,SZ,2025-07-20,Standard,3794.42
9387,Darren Shaw,gbennett.9387@example.com,CG,2025-07-28,Basic,13834.65
9388,Cory Robertson,sadams.9388@example.com,SB,2020-11-04,Basic,43071.23
9389,Darryl Hart,yclark.9389@example.com,SB,2024-02-28,Basic,7875.62
9390,Heather Estrada,steve28.9390@example.com,SB,2021-07-04,Basic,27534.87
9391,Nicole Rice,danielgibson.9391@example.com,MD,2021-10-12,Premium,37509.92
9392,George Romero,sydneyhammond.9392@example.com,PW,2025-10-24,Basic,39072.58
9393,Paige Adams,gnewman.9393@example.com,CU,2023-11-21,Basic,44886.88
9394,Eric Woods,alvarezjasmin.9394@example.com,IS,2023-06-05,Standard,13549.11
9395,Ryan Gaines,ericjennings.9395@example.com,GH,2022-03-20,Standard,30464.90
9396,Aaron Collins,joshualandry.9396@example.com,GT,2022-03-30,Standard,48878.64
9397,Kathleen Rodriguez,gbryant.9397@example.com,IT,2020-11-30,Basic,32715.02
9398,Troy Gilbert,ryan84.9398@example.com,CI,2021-03-24,Premium,45722.25
9399,Paul Fox,amy70.9399@example.com,FM,2021-03-24,Basic,29869.58
9400,Brian Young,dennisdennis.9400@example.com,IE,2020-11-25,Premium,48537.84
9401,Cody White,oliviamooney.9401@example.com,TJ,2024-09-19,Premium,49356.95
9402,Justin Ayers,bryantjason.9402@example.com,SI,2020-04-21,Standard,1243.63
9403,Ashley Osborne,kenneth01.9403@example.com,ZA,2025-10-29,Premium,41734.70
9404,Catherine Duke,melissaholt.9404@example.com,CZ,2026-04-14,Premium,8813.02
9405,Taylor Harrington,griffindonald.9405@example.com,ID,2020-02-15,Standard,36972.34
9406,Dylan Jackson,jacob98.9406@example.com,PH,2024-12-12,Standard,16641.17
9407,Stephen Wilson,scottdonald.9407@example.com,TD,2026-03-14,Premium,3840.61
9408,Deborah Bailey,thompsonpam.9408@example.com,MT,2025-11-02,Premium,9646.97
9409,Patrick Harris,pennythompson.9409@example.com,SK,2024-11-06,Standard,42261.34
9410,Kevin Anderson,danielryan.9410@example.com,UZ,2022-09-23,Premium,43213.83
9411,Kelly Herrera,dmiller.9411@example.com,UY,2026-04-04,Premium,26216.59
9412,Robert Keller,ryan15.9412@example.com,BN,2023-08-19,Premium,28918.16
9413,Kevin Spencer,dcunningham.9413@example.com,CV,2023-04-11,Premium,22619.61
9414,Laura Johns,sharoncole.9414@example.com,LY,2025-04-02,Standard,30158.29
9415,Darlene Vasquez,ocastaneda.9415@example.com,WS,2023-08-02,Standard,22061.62
9416,Alyssa Reed,joshuasilva.9416@example.com,UA,2021-09-09,Premium,41625.81
9417,Wesley Scott,jbenson.9417@example.com,AD,2021-06-29,Basic,9519.07
9418,Jeffrey Robles,coliver.9418@example.com,VA,2021-01-05,Basic,18251.04
9419,Justin Calhoun,calderonkenneth.9419@example.com,CY,2023-04-02,Standard,42639.57
9420,Adam Adams,nancy29.9420@example.com,LB,2025-09-22,Basic,40108.48
9421,Lori Stewart,dlittle.9421@example.com,BI,2022-02-27,Basic,44895.94
9422,Katelyn Lee,robertjones.9422@example.com,BO,2023-08-06,Standard,16363.32
9423,Tiffany Solomon,fperez.9423@example.com,MW,2023-04-13,Basic,46995.09
9424,Tonya Thomas,joneschristina.9424@example.com,JO,2023-01-07,Premium,44481.56
9425,Yvonne Brown DDS,dickersonerik.9425@example.com,AZ,2026-03-11,Standard,28657.82
9426,John Levine,ashley22.9426@example.com,ER,2021-09-07,Basic,28132.38
9427,Zachary Small,stephanie11.9427@example.com,IE,2020-05-26,Premium,16624.46
9428,Linda Williams,jacob75.9428@example.com,MC,2022-10-16,Basic,27034.95
9429,Raymond Spencer,dhull.9429@example.com,NL,2023-06-09,Standard,17350.84
9430,Robert Brown,sanderssierra.9430@example.com,SO,2022-11-11,Standard,20063.21
9431,Robert Harris,garciakevin.9431@example.com,KP,2021-03-13,Premium,9064.26
9432,Kelly Acosta,justin83.9432@example.com,TJ,2020-05-02,Basic,12763.76
9433,Robert Shelton,kmurphy.9433@example.com,HU,2022-05-09,Standard,6507.83
9434,Chelsea Fernandez,kelly36.9434@example.com,MD,2023-10-25,Premium,24233.53
9435,Lisa Kidd,meadowsrobin.9435@example.com,CY,2020-02-28,Basic,14981.17
9436,Mary Bryant,matthew21.9436@example.com,FI,2024-08-26,Standard,41776.16
9437,Cheyenne Vang,aking.9437@example.com,US,2021-06-27,Basic,42985.07
9438,Sandy Rubio MD,edwardskayla.9438@example.com,GM,2021-01-25,Standard,35780.59
9439,James Pitts,mary08.9439@example.com,GH,2022-02-24,Standard,12038.13
9440,Laura Jones,longlawrence.9440@example.com,QA,2024-07-10,Standard,31238.36
9441,Mr. Robert Rose PhD,ramosnathan.9441@example.com,SM,2024-12-28,Basic,39646.18
9442,Ashley Mays,buchananscott.9442@example.com,SR,2023-08-12,Standard,32637.74
9443,Darrell Young,matthew95.9443@example.com,GT,2020-02-23,Standard,25301.93
9444,Alyssa Browning,andrewcasey.9444@example.com,ET,2026-03-26,Basic,34944.81
9445,Mrs. Emily Hess DDS,tara86.9445@example.com,TH,2025-11-01,Basic,42326.51
9446,William Conway,sthomas.9446@example.com,PS,2025-05-08,Basic,34962.44
9447,Tracy Blackburn,brookspamela.9447@example.com,TN,2024-07-24,Basic,22003.24
9448,Andrew Compton,curtisrobert.9448@example.com,NE,2020-11-24,Basic,43870.12
9449,Christopher Moreno,oingram.9449@example.com,TT,2021-03-22,Standard,19205.23
9450,Ronald Hansen,lijoshua.9450@example.com,TM,2022-02-20,Standard,24294.88
9451,Justin Ross,lukeowens.9451@example.com,MH,2024-12-29,Standard,48293.02
9452,Stephanie Morrison,prattrachael.9452@example.com,MH,2021-04-29,Standard,44618.82
9453,Michael Novak,erodgers.9453@example.com,BB,2024-11-30,Standard,27964.83
9454,Eric Mccoy,andrew42.9454@example.com,HT,2025-02-01,Standard,31040.10
9455,Jennifer Griffith,gabriel81.9455@example.com,BF,2024-06-17,Standard,43260.09
9456,James Davila,jessica77.9456@example.com,GY,2021-08-12,Standard,39478.11
9457,Michael Fernandez,mthompson.9457@example.com,IQ,2023-10-30,Standard,24632.66
9458,Nathaniel Peters,sharonmendez.9458@example.com,KW,2025-06-05,Premium,27195.03
9459,Mary Thomas,seancooper.9459@example.com,GR,2021-08-23,Basic,39631.81
9460,Kenneth Hernandez,brianlawson.9460@example.com,MC,2020-05-28,Premium,39257.73
9461,Robert Gay,kjones.9461@example.com,SA,2021-10-08,Premium,1895.45
9462,Kevin Johnson,tatedylan.9462@example.com,PW,2021-04-17,Premium,39209.25
9463,David Lester,thomassmith.9463@example.com,PH,2022-05-31,Basic,49466.93
9464,Sean Hernandez,gcolon.9464@example.com,GN,2020-12-25,Standard,29938.66
9465,Charles Brown,matthewlong.9465@example.com,VU,2022-12-14,Standard,24935.91
9466,Mark Flores,ggibson.9466@example.com,CU,2026-07-08,Premium,24486.78
9467,Susan Jordan,garciadenise.9467@example.com,SN,2024-05-11,Basic,40009.34
9468,James White,donald84.9468@example.com,ES,2023-03-13,Basic,25861.03
9469,Richard Henson,donna59.9469@example.com,MT,2023-05-17,Basic,6403.63
9470,Kristen Rodriguez,changanthony.9470@example.com,EE,2022-05-05,Premium,42190.41
9471,Kara Sanchez,randalldennis.9471@example.com,PE,2021-07-10,Basic,48968.91
9472,Aaron Vance,turnerryan.9472@example.com,NO,2025-02-25,Standard,12912.93
9473,Diana Ballard,ofarmer.9473@example.com,ST,2024-07-27,Premium,46021.19
9474,Amanda Obrien,qrowe.9474@example.com,RS,2022-12-24,Standard,38593.19
9475,Richard Walker,troy12.9475@example.com,PK,2025-06-23,Basic,48015.31
9476,Benjamin James,lauracase.9476@example.com,VA,2020-09-19,Premium,34685.03
9477,Kelly Stephenson,ortegajorge.9477@example.com,PS,2020-09-18,Premium,37656.15
9478,Jessica Jacobson,marcuslamb.9478@example.com,VE,2020-04-06,Standard,33191.89
9479,Daniel Garcia,wanda54.9479@example.com,GT,2025-11-06,Basic,30835.32
9480,Richard Matthews,kathleen08.9480@example.com,MZ,2023-08-17,Premium,12645.83
9481,Elizabeth Hamilton,daniel11.9481@example.com,NR,2023-03-20,Basic,24136.65
9482,Kyle Noble DVM,johnsondonna.9482@example.com,KH,2023-11-04,Basic,8923.24
9483,Heidi Campbell,kmiller.9483@example.com,SM,2024-09-28,Standard,43558.49
9484,Carrie Reynolds,chavezmatthew.9484@example.com,BB,2023-03-06,Standard,13242.54
9485,Kimberly Riley,qcarroll.9485@example.com,BE,2025-08-23,Standard,1207.34
9486,Amy Taylor,laura79.9486@example.com,MV,2023-07-16,Premium,47193.05
9487,Tracy Johnson,victoriabrewer.9487@example.com,TR,2024-09-09,Basic,35665.51
9488,Michele Owens,david67.9488@example.com,MY,2026-05-02,Premium,8784.76
9489,Paul Flores,phillipskevin.9489@example.com,SD,2020-07-23,Standard,11001.30
9490,Jacob Jackson,ryanpaula.9490@example.com,BR,2021-01-15,Standard,47296.72
9491,Bryan Singleton,yuchristy.9491@example.com,SZ,2021-12-09,Standard,26398.53
9492,Heather King,jenningsjason.9492@example.com,AD,2021-08-07,Premium,30112.31
9493,Christopher Leblanc,scott73.9493@example.com,SE,2023-05-22,Premium,7077.15
9494,Joshua Martin,diana55.9494@example.com,BD,2022-11-02,Basic,9445.43
9495,James Harvey,kyle07.9495@example.com,PA,2023-11-07,Premium,43396.81
9496,Christopher Woodard,llee.9496@example.com,MN,2020-05-10,Basic,31279.28
9497,Michael Mack,wlawson.9497@example.com,EC,2023-07-14,Basic,33277.81
9498,Julie Jones,wyoung.9498@example.com,HU,2020-03-14,Standard,41786.28
9499,Christopher Thomas,wbenson.9499@example.com,ZW,2026-05-28,Basic,2118.62
9500,Kristen Mendez,gjenkins.9500@example.com,SK,2020-07-04,Premium,20838.80
9501,Linda Boyd,freemanbrittany.9501@example.com,BY,2026-03-23,Standard,4957.21
9502,Karen Cowan,thomaskelly.9502@example.com,ZW,2021-10-04,Basic,47491.16
9503,Craig Miller,bishopjoshua.9503@example.com,HN,2021-08-03,Premium,33235.59
9504,Erik Frye,mandyayala.9504@example.com,MY,2022-11-04,Standard,6017.57
9505,Joshua Moore,rachelreid.9505@example.com,UZ,2023-02-01,Premium,11700.73
9506,Michael Wood,robertsonrobin.9506@example.com,MR,2024-08-01,Basic,31709.61
9507,Sean Finley,lauren32.9507@example.com,GW,2024-02-08,Standard,374.06
9508,Adam Wood,hollyalvarez.9508@example.com,PY,2020-12-09,Standard,2308.88
9509,Glen Baker,victoriamcgee.9509@example.com,PT,2021-12-30,Standard,13425.43
9510,Joshua Glover,bhernandez.9510@example.com,NO,2021-10-17,Premium,9730.04
9511,Trevor Cameron,mooreteresa.9511@example.com,LC,2021-10-23,Standard,47848.34
9512,Christopher Burns,brandtmichele.9512@example.com,KM,2024-09-17,Basic,4939.66
9513,Victor Smith,kaylarobinson.9513@example.com,ES,2023-03-24,Premium,21589.77
9514,Brandi Griffin,clarkchelsea.9514@example.com,VA,2024-05-21,Basic,45394.89
9515,Brenda West,deborahjones.9515@example.com,SM,2024-01-31,Basic,17071.51
9516,Stephanie Barry,michellewoods.9516@example.com,PL,2023-05-26,Basic,21569.73
9517,Rebecca Ho,barnettolivia.9517@example.com,AZ,2023-10-12,Standard,28150.47
9518,Devin Crawford,simpsonomar.9518@example.com,DK,2026-01-24,Premium,21640.43
9519,David Anderson,gbrown.9519@example.com,PW,2020-03-18,Premium,9721.65
9520,Angelica Williams,donnaperez.9520@example.com,RW,2025-12-23,Premium,49419.12
9521,Cheryl Gardner,berrytyler.9521@example.com,LU,2026-02-14,Basic,16857.98
9522,Thomas Cohen,nicolegarcia.9522@example.com,BO,2025-02-06,Basic,6339.66
9523,Dakota Smith,allen65.9523@example.com,TH,2024-06-20,Basic,19422.52
9524,Leslie Phillips,pkennedy.9524@example.com,ZW,2025-11-17,Basic,36297.16
9525,Christopher Torres,emily48.9525@example.com,NI,2024-12-16,Premium,39069.02
9526,Donna Fox,ryangray.9526@example.com,FJ,2024-07-21,Standard,35063.29
9527,Shannon King,carol81.9527@example.com,PY,2022-03-19,Basic,29931.40
9528,Jean Singh,jaclyn69.9528@example.com,CM,2024-01-29,Basic,24207.72
9529,Stephanie Coleman,nicholas65.9529@example.com,GB,2022-02-04,Basic,27862.27
9530,Nathaniel Wright Jr.,hsanchez.9530@example.com,BN,2022-06-12,Premium,11925.72
9531,Dana Richards,krystalmcdaniel.9531@example.com,NR,2021-10-30,Premium,38065.35
9532,Samuel Alvarado,williamwise.9532@example.com,GN,2022-01-06,Standard,170.34
9533,James Bailey,caserodney.9533@example.com,BY,2025-09-27,Premium,26256.43
9534,Andrew Keith,heather85.9534@example.com,PE,2021-01-19,Standard,39060.39
9535,Cynthia Berg,zimmermansarah.9535@example.com,CF,2021-09-15,Basic,10426.34
9536,Kimberly Flowers,ronnie61.9536@example.com,MH,2025-10-16,Premium,33583.02
9537,Teresa Villa,joshua73.9537@example.com,ZA,2020-04-29,Basic,15093.00
9538,Courtney Cain,heatherjackson.9538@example.com,KM,2023-03-01,Standard,21444.13
9539,Devin Estrada,adampatterson.9539@example.com,MD,2026-07-16,Basic,17527.95
9540,Zachary Anderson,timothyhorton.9540@example.com,ZM,2023-10-29,Standard,29619.01
9541,Justin White,houstonjoseph.9541@example.com,PE,2020-06-01,Standard,32250.30
9542,Angela Kemp,john18.9542@example.com,JO,2020-05-13,Basic,21739.13
9543,Pamela Lynch,charlesdavis.9543@example.com,TR,2021-04-16,Basic,1544.53
9544,Jennifer Benton,ecampbell.9544@example.com,LB,2026-05-27,Basic,31463.81
9545,Joshua Kim,nsellers.9545@example.com,CI,2024-07-25,Basic,44001.03
9546,Jessica Simmons,munozshelly.9546@example.com,GA,2024-08-20,Basic,28259.99
9547,Megan Lester,davidsonscott.9547@example.com,ID,2025-03-15,Premium,9439.50
9548,Alicia Miller,hodgephilip.9548@example.com,MZ,2025-05-01,Standard,20051.50
9549,Theresa Phillips,xmcpherson.9549@example.com,CN,2020-09-22,Standard,46782.09
9550,Emily Norton,asoto.9550@example.com,NI,2020-02-27,Premium,2656.36
9551,Ann Gonzales,gaymichael.9551@example.com,FM,2021-12-07,Basic,1998.68
9552,Richard Diaz,porteramy.9552@example.com,LU,2020-05-08,Premium,35844.05
9553,Dana Choi,cameron71.9553@example.com,QA,2023-02-16,Premium,42719.60
9554,Abigail Watson,owensdennis.9554@example.com,GY,2022-03-15,Standard,34520.78
9555,Lauren Mullins,michaelglass.9555@example.com,AE,2020-10-25,Premium,31581.11
9556,Linda Hayes,sheenacooper.9556@example.com,GA,2021-09-18,Basic,48595.51
9557,Mrs. Kelli Phelps,feliciathompson.9557@example.com,CU,2022-12-12,Standard,3518.32
9558,Tiffany Sharp,vgonzalez.9558@example.com,MM,2025-08-29,Basic,23153.69
9559,Ashley Pearson,ethan12.9559@example.com,AT,2024-02-05,Basic,7920.38
9560,Elizabeth Matthews,samuel96.9560@example.com,SA,2024-05-13,Standard,39092.39
9561,Amanda Miller,gina26.9561@example.com,SG,2026-08-31,Basic,10656.43
9562,Kenneth Cantu,robin82.9562@example.com,GT,2025-03-29,Premium,45075.68
9563,Grace Mccoy,sharon56.9563@example.com,BB,2023-12-21,Standard,44261.20
9564,Misty Rodriguez,hancockstephanie.9564@example.com,SZ,2025-03-14,Standard,16650.78
9565,David Stone,kaitlyn68.9565@example.com,DK,2024-11-05,Standard,5437.77
9566,Jeffrey Anderson,adam45.9566@example.com,CH,2026-04-17,Basic,32214.43
9567,Jonathan Ford,mariajuarez.9567@example.com,JP,2024-12-04,Premium,19344.36
9568,Jennifer Perry,tracy75.9568@example.com,GM,2023-01-17,Premium,17351.19
9569,Dylan Munoz,ncannon.9569@example.com,IR,2020-06-26,Premium,37770.17
9570,Rebecca Jimenez,cassandrarivera.9570@example.com,LA,2025-05-21,Standard,34598.71
9571,Jacqueline Fox,jasonwood.9571@example.com,DO,2025-02-14,Premium,17068.26
9572,Jessica Gonzales,jeanfigueroa.9572@example.com,AZ,2021-08-19,Standard,14095.81
9573,David Weaver,shanegonzalez.9573@example.com,TJ,2024-12-06,Basic,28722.57
9574,Richard Delgado,robert88.9574@example.com,KP,2023-05-17,Standard,36897.35
9575,Rebecca Reed,dbush.9575@example.com,MV,2020-01-15,Premium,28140.98
9576,Colin Mendoza,farleymark.9576@example.com,GB,2024-04-12,Basic,5722.35
9577,Tina Black,susanjones.9577@example.com,MR,2026-08-02,Standard,34287.19
9578,Jesse Gregory,fallen.9578@example.com,UZ,2020-06-23,Basic,14265.96
9579,James Martinez,dustin20.9579@example.com,VE,2020-09-23,Standard,22085.17
9580,Jill Jackson,morrismichael.9580@example.com,MD,2022-02-23,Basic,22079.02
9581,Felicia Anderson,hellis.9581@example.com,MH,2022-11-28,Basic,44408.36
9582,Christopher Roy,kthompson.9582@example.com,MR,2023-08-26,Premium,5644.86
9583,Dawn Lane,randy78.9583@example.com,LI,2022-08-27,Standard,39974.16
9584,Carol Smith,javierscott.9584@example.com,AR,2023-08-07,Premium,39510.91
9585,Mitchell Preston,huntermary.9585@example.com,CM,2021-01-14,Premium,11742.73
9586,Hannah Bryant,fordchad.9586@example.com,PA,2025-09-11,Basic,44642.47
9587,Daniel Blake,fwells.9587@example.com,NP,2020-01-19,Basic,18523.92
9588,Julia Khan,cameronjones.9588@example.com,MC,2025-12-28,Basic,44628.03
9589,David Keller,jason38.9589@example.com,RU,2023-10-14,Premium,49549.85
9590,Jose Rodriguez,simmonstiffany.9590@example.com,SI,2024-02-22,Premium,33189.61
9591,Vanessa Solomon,ejones.9591@example.com,PW,2021-01-05,Basic,27777.71
9592,Dylan Shaw,deannabaxter.9592@example.com,GH,2023-06-20,Standard,29695.29
9593,Joshua Weeks,keithsanchez.9593@example.com,ML,2020-09-25,Standard,32303.24
9594,Ricky Aguirre,kristinaboyd.9594@example.com,KZ,2025-03-15,Premium,42529.13
9595,Ian Chambers,evansjessica.9595@example.com,GH,2025-08-28,Standard,37175.40
9596,Richard Thomas,simpsonchristina.9596@example.com,CA,2023-04-10,Basic,32910.71
9597,Jennifer Mcbride,daviddunn.9597@example.com,BH,2023-09-09,Basic,8679.44
9598,Morgan Jackson,adixon.9598@example.com,AU,2026-07-02,Basic,5130.57
9599,Kristen Johnson,diazjessica.9599@example.com,QA,2022-10-22,Premium,30815.41
9600,Catherine Taylor,leontracy.9600@example.com,VE,2025-03-15,Basic,36058.08
9601,Richard Gomez,wallacedeborah.9601@example.com,SC,2024-03-21,Basic,16811.41
9602,Mrs. Brandy Smith DDS,nguyenhelen.9602@example.com,IR,2025-09-13,Premium,25810.50
9603,Matthew Sanchez,mjones.9603@example.com,MK,2024-04-28,Premium,9946.68
9604,Suzanne Fisher,rbrown.9604@example.com,IE,2022-12-23,Basic,6081.65
9605,Brenda Olson,mayjeffrey.9605@example.com,MR,2025-12-11,Premium,19842.03
9606,Anthony Wilson,richard00.9606@example.com,NP,2025-12-25,Standard,22299.53
9607,Thomas Stone,wardjoshua.9607@example.com,GM,2023-01-13,Premium,11536.24
9608,Patrick Fuller,connor09.9608@example.com,LT,2023-06-03,Premium,22315.92
9609,Jacob Brown,wanda59.9609@example.com,HT,2021-06-22,Standard,9670.07
9610,Amy Cummings,dakota30.9610@example.com,IN,2023-09-15,Basic,2023.72
9611,Christopher Simmons DDS,mooreaustin.9611@example.com,AF,2025-02-06,Standard,37640.68
9612,Paul Walter,christy45.9612@example.com,PH,2020-03-23,Basic,10900.50
9613,Ashley Foster DDS,hayskristina.9613@example.com,SK,2021-06-17,Premium,47874.52
9614,Shelley Castillo,harrismichael.9614@example.com,GM,2024-03-14,Basic,32481.43
9615,Morgan Cross,longryan.9615@example.com,IR,2024-10-22,Basic,37164.56
9616,Joseph Williams,jessica75.9616@example.com,ZA,2025-03-29,Premium,5820.29
9617,Paul Thomas,xgonzalez.9617@example.com,LS,2024-03-08,Standard,11329.52
9618,Joseph Stout,fadams.9618@example.com,MX,2021-03-29,Basic,36926.20
9619,Timothy Williams,sandrajones.9619@example.com,JP,2021-01-17,Basic,44916.84
9620,Randall Vargas,jeffreycain.9620@example.com,BO,2020-10-13,Standard,7234.43
9621,Christopher Brown,fordheather.9621@example.com,DZ,2024-03-01,Basic,14557.65
9622,Beth Bennett,hamiltontina.9622@example.com,SY,2022-11-16,Basic,16530.62
9623,Tiffany Burke,james76.9623@example.com,MM,2022-10-31,Standard,33025.47
9624,Bianca Holmes,jsolis.9624@example.com,DO,2025-07-05,Premium,9006.77
9625,Emily Torres,richardsmith.9625@example.com,BI,2026-01-10,Basic,22704.13
9626,Steven Rowland,melissa58.9626@example.com,DE,2023-02-04,Standard,42510.92
9627,Elizabeth Williams DDS,georgetara.9627@example.com,VE,2023-03-18,Premium,21789.67
9628,Parker Henry,koliver.9628@example.com,DK,2023-08-13,Standard,28463.56
9629,Leslie Robertson,olong.9629@example.com,GY,2023-01-09,Standard,17431.36
9630,Justin Acosta,david18.9630@example.com,MR,2022-02-08,Premium,30742.95
9631,Vincent Taylor,silvadavid.9631@example.com,KG,2026-07-13,Premium,47280.15
9632,Jonathan Clark,jamesodom.9632@example.com,BG,2021-05-17,Premium,3657.85
9633,Connor Carter,chapmanann.9633@example.com,MN,2023-04-29,Standard,23486.72
9634,John Barry,hjones.9634@example.com,KW,2023-04-05,Standard,8313.72
9635,Matthew Wolfe,tcohen.9635@example.com,CN,2021-11-23,Basic,22213.65
9636,Sandra Ruiz,fhernandez.9636@example.com,UG,2020-02-11,Basic,22543.52
9637,Brent Ortiz,william83.9637@example.com,JP,2026-01-24,Basic,728.97
9638,Robert Mcdaniel,johnhawkins.9638@example.com,PW,2024-09-24,Standard,34374.87
9639,William Gibson,gregory36.9639@example.com,DO,2024-01-14,Premium,46611.49
9640,Jessica Gardner,stoneashley.9640@example.com,VE,2021-09-25,Basic,33568.99
9641,Lori Yates,tomrichardson.9641@example.com,LT,2021-05-27,Basic,43102.09
9642,Jessica Cox,melissahill.9642@example.com,MK,2023-06-01,Standard,2878.82
9643,Brian Lewis,choffman.9643@example.com,GE,2023-07-13,Standard,37364.83
9644,Curtis Hancock,jamesshannon.9644@example.com,GD,2020-11-24,Basic,31149.92
9645,Taylor Wilkerson,jadams.9645@example.com,BE,2020-01-10,Basic,11939.00
9646,Clinton Jones,jeffery06.9646@example.com,BO,2020-10-02,Standard,4455.38
9647,Vicki Morales MD,harrisonrodney.9647@example.com,AD,2023-09-29,Basic,22640.14
9648,Crystal Stewart,bhorton.9648@example.com,BG,2021-11-08,Standard,24437.36
9649,Caroline Silva,daniellefuller.9649@example.com,VN,2021-03-01,Premium,31149.26
9650,Linda Martinez,zimmermandan.9650@example.com,AF,2024-01-29,Standard,9329.31
9651,Wayne Foster,kristinchambers.9651@example.com,MG,2021-11-19,Basic,22529.26
9652,Diana Patrick,stefaniehull.9652@example.com,IL,2020-07-21,Premium,724.30
9653,Roger Garrison,ostewart.9653@example.com,SN,2026-05-20,Basic,15926.53
9654,Eric Webster,michael51.9654@example.com,TO,2026-08-10,Basic,35308.47
9655,David Brandt,patriciafoster.9655@example.com,DK,2024-01-09,Standard,21872.77
9656,Nathaniel Patel,gonzalesryan.9656@example.com,BN,2022-03-25,Premium,11232.08
9657,James Ford,andersonjoseph.9657@example.com,AM,2021-02-25,Premium,2009.09
9658,Anthony Wu,jacquelinehawkins.9658@example.com,PA,2021-12-20,Premium,38832.69
9659,Michael Byrd,williamsbrittany.9659@example.com,AD,2026-05-04,Premium,14562.43
9660,Brandon Harris,fwilson.9660@example.com,NL,2021-10-30,Basic,7933.08
9661,Christina Wheeler,scottanderson.9661@example.com,PA,2021-07-21,Premium,23910.50
9662,Angela Copeland,adrianhiggins.9662@example.com,CZ,2026-06-14,Standard,11306.63
9663,Gary White,crystalgood.9663@example.com,GQ,2024-09-10,Premium,23998.62
9664,Joseph Harris,bennettsandy.9664@example.com,IN,2025-07-28,Basic,46628.65
9665,Diana Allen,austincox.9665@example.com,ME,2024-10-03,Standard,20952.58
9666,Kristina Brown,cohenedward.9666@example.com,SL,2023-01-20,Basic,11103.98
9667,Theodore Johnson,melaniewatts.9667@example.com,NP,2021-09-19,Premium,2146.69
9668,Beverly Rogers,christina24.9668@example.com,MM,2020-07-30,Basic,30195.84
9669,Daniel Watkins,bmendoza.9669@example.com,MA,2021-01-04,Standard,16960.82
9670,Kimberly Richards DDS,prestonsarah.9670@example.com,IR,2020-01-16,Standard,43278.18
9671,Sheila Robbins,riveraderek.9671@example.com,SG,2024-05-16,Premium,29911.40
9672,Chad Montgomery,jo53.9672@example.com,TT,2025-07-02,Basic,35877.96
9673,Maria Griffin,kirkalan.9673@example.com,TD,2024-01-03,Premium,39295.38
9674,Adrian Collier,jmerritt.9674@example.com,AT,2020-06-20,Basic,40487.41
9675,Ashley Scott DVM,natasha10.9675@example.com,CU,2023-07-11,Premium,21554.83
9676,Dana Cruz,epowers.9676@example.com,PE,2022-09-26,Basic,14246.09
9677,Lisa Walker,hoffmanjason.9677@example.com,DO,2020-02-13,Basic,6112.50
9678,Sara Vincent,muellertamara.9678@example.com,BE,2025-06-02,Premium,8159.69
9679,Stephanie Levine,jabbott.9679@example.com,IN,2025-06-23,Premium,25781.73
9680,Patricia Brown,sharon95.9680@example.com,AF,2025-09-04,Premium,2901.48
9681,Lauren Cook,maurice67.9681@example.com,MU,2026-05-26,Premium,17544.36
9682,Jenny Riddle,jsavage.9682@example.com,SK,2024-01-30,Premium,12207.60
9683,Jerry Curry,burtonamy.9683@example.com,MM,2025-03-21,Basic,13029.04
9684,Penny Hughes,baileyandrew.9684@example.com,IR,2024-09-16,Premium,24916.28
9685,Stephanie Brady,allenandres.9685@example.com,MX,2023-04-24,Basic,11420.23
9686,David Wolf,johnsonamy.9686@example.com,SL,2024-08-23,Standard,12499.35
9687,Phillip Anderson,millerjoseph.9687@example.com,VC,2023-08-18,Basic,42890.08
9688,Stacy Tucker,courtney95.9688@example.com,SV,2020-08-07,Basic,44316.65
9689,Nancy Barker,michael12.9689@example.com,ML,2021-01-28,Basic,32355.14
9690,Christina Harris,patriciaedwards.9690@example.com,CI,2025-06-27,Premium,15215.48
9691,Victoria Schneider,mcdonaldstacey.9691@example.com,NI,2020-12-01,Premium,44014.11
9692,Jesse Haynes,kimberly66.9692@example.com,PL,2023-04-11,Standard,28683.33
9693,Joshua Miller,kruegerjulie.9693@example.com,VN,2025-10-03,Premium,13553.58
9694,Gerald Sanchez,melissa76.9694@example.com,CH,2022-09-13,Basic,3373.13
9695,Jennifer Nicholson,lowejulian.9695@example.com,MT,2023-05-25,Premium,41580.39
9696,Paige Marshall,thomaskristina.9696@example.com,VN,2023-03-27,Basic,16453.96
9697,Sabrina Mahoney,taylor49.9697@example.com,HR,2024-02-14,Premium,19808.68
9698,Briana Williams,wallsaaron.9698@example.com,SR,2026-09-08,Standard,42811.69
9699,Michelle Harris,donaldmullins.9699@example.com,LC,2024-02-14,Standard,43239.78
9700,Nicole Davis,angela17.9700@example.com,MK,2025-02-24,Premium,31115.10
9701,Lori Cox,jerry12.9701@example.com,LK,2020-08-30,Premium,43573.76
9702,Darren Lane DVM,nancy31.9702@example.com,TW,2022-02-06,Standard,1229.40
9703,Anita Martin,ijohnson.9703@example.com,LA,2021-05-23,Premium,10650.80
9704,Catherine Casey,laurensoto.9704@example.com,PH,2021-02-28,Standard,46883.43
9705,Troy Wright,allenkyle.9705@example.com,HN,2026-07-24,Basic,8256.70
9706,Zachary Haley,qbrown.9706@example.com,SD,2024-11-17,Premium,43570.47
9707,Ronald Crawford,avilaalicia.9707@example.com,HN,2023-01-01,Standard,33310.17
9708,Alicia Pena,lawrencecoleman.9708@example.com,AE,2025-08-08,Premium,16390.78
9709,Jonathan Barnes,user@,IL,2022-04-02,Standard,39913.97
9710,Natalie Turner,maytristan.9710@example.com,LK,2022-08-15,Basic,25442.32
9711,Anthony Mays,richardcastro.9711@example.com,AO,2022-05-12,Standard,30190.52
9712,Mark Guzman,wrightjames.9712@example.com,WS,2022-03-30,Premium,12889.76
9713,Barbara Gonzales,nramirez.9713@example.com,SO,2026-04-14,Standard,1804.18
9714,Darren Carter,kjones.9714@example.com,FJ,2025-12-25,Premium,34814.33
9715,Tara Gentry,thomas09.9715@example.com,BS,2025-10-05,Premium,4318.64
9716,Laura Campos,steven82.9716@example.com,NE,2025-07-26,Premium,44227.59
9717,Linda Sanders,sadams.9717@example.com,EE,2020-04-29,Basic,20767.17
9718,Brian Hobbs,nmills.9718@example.com,DZ,2025-06-25,Premium,18315.58
9719,Travis Daugherty,awalsh.9719@example.com,AM,2023-08-04,Premium,255.23
9720,Kevin Tate,lindsayjohnson.9720@example.com,YE,2021-09-19,Premium,3595.16
9721,Ronald Smith,rivaskatherine.9721@example.com,SV,2022-01-18,Premium,30960.21
9722,Anna Franklin,sharonhoward.9722@example.com,LA,2025-09-30,Premium,19041.79
9723,Christopher Mitchell,ejordan.9723@example.com,MY,2021-12-04,Premium,5230.95
9724,James Brown,rodriguezchristy.9724@example.com,SI,2026-06-19,Basic,9922.22
9725,William Alvarez,phammond.9725@example.com,PK,2025-11-20,Premium,6844.72
9726,Sean Miller,smithmelvin.9726@example.com,IR,2022-04-29,Premium,6347.44
9727,Ronald Foster,qroberts.9727@example.com,CH,2024-06-06,Basic,44456.12
9728,Christopher Hernandez,erica10.9728@example.com,CU,2022-12-28,Standard,49485.10
9729,Robert Haley,wrightjasmine.9729@example.com,AT,2022-06-14,Standard,6221.77
9730,Kimberly Smith,agreene.9730@example.com,GY,2023-03-21,Basic,3007.06
9731,Matthew Walker,smithjoseph.9731@example.com,CH,2022-07-07,Premium,37938.02
9732,Vicki Pittman,rholmes.9732@example.com,NA,2020-10-18,Premium,33203.11
9733,Katie Carroll,mary62.9733@example.com,GM,2020-08-19,Premium,22475.69
9734,Zachary White,jessica64.9734@example.com,EE,2021-03-10,Premium,17814.59
9735,William Bell,jason58.9735@example.com,NG,2024-10-18,Basic,7240.16
9736,Cynthia Hernandez,dedwards.9736@example.com,CV,2025-05-15,Standard,20008.10
9737,Jacob Jones,debragraham.9737@example.com,IL,2026-07-26,Premium,37009.93
9738,Megan Roberts,hobrian.9738@example.com,BI,2023-06-12,Standard,43067.67
9739,Samantha Gross,jramirez.9739@example.com,OM,2022-07-15,Premium,6936.42
9740,Shari Williams,langjacob.9740@example.com,CO,2021-11-24,Standard,47452.50
9741,Jeffrey Scott,mccarthydeborah.9741@example.com,TW,2022-03-13,Premium,24818.41
9742,Kathryn Anderson,jamesburgess.9742@example.com,DJ,2026-03-01,Basic,18507.63
9743,Spencer Lewis,eric26.9743@example.com,TZ,2024-03-16,Basic,39134.73
9744,Emily Edwards,zescobar.9744@example.com,UY,2024-05-04,Standard,23254.68
9745,Jaclyn Mayer,chloe62.9745@example.com,MR,2026-01-14,Premium,5841.60
9746,Joseph Harris,thomaskatie.9746@example.com,BS,2023-01-13,Standard,49210.70
9747,Michael Bridges,amyware.9747@example.com,KW,2020-07-07,Basic,34164.26
9748,Jeremiah Rodriguez,qray.9748@example.com,PA,2024-09-09,Standard,17203.45
9749,Robert Orr,bassamber.9749@example.com,HR,2024-10-04,Standard,22860.93
9750,Jose Lutz,corymccarty.9750@example.com,ES,2025-12-25,Basic,30256.01
9751,William Delgado,gravesrebecca.9751@example.com,MG,2025-06-30,Standard,12470.45
9752,Christopher Terry,knightstephanie.9752@example.com,LK,2025-05-28,Standard,45585.11
9753,Diana Fox,barrettlisa.9753@example.com,SG,2026-06-29,Premium,26575.27
9754,Ariel Bell,raymond14.9754@example.com,BJ,2024-03-09,Standard,45670.56
9755,Jennifer Terrell,ariaschad.9755@example.com,SM,2025-08-05,Premium,20732.07
9756,Jennifer Espinoza,moorejennifer.9756@example.com,BW,2026-08-23,Premium,18534.79
9757,Holly Wilson,rknight.9757@example.com,CL,2020-02-21,Premium,5625.45
9758,Robert Lewis,davidparker.9758@example.com,GH,2022-09-02,Standard,5417.58
9759,James Perry,brownjessica.9759@example.com,PK,2020-01-06,Premium,38620.21
9760,Tyler Clark,munozerica.9760@example.com,CR,2024-10-01,Basic,5430.08
9761,Heidi Ray,zhuffman.9761@example.com,NI,2025-06-14,Premium,43647.75
9762,Joe Bell,zbryan.9762@example.com,PS,2022-03-19,Basic,24165.48
9763,Laurie Hicks,marcus75.9763@example.com,MY,2024-08-07,Standard,23637.28
9764,Katherine Simmons,nathaniel97.9764@example.com,TN,2020-02-18,Standard,6668.42
9765,Jennifer Webb,andreashah.9765@example.com,KE,2021-10-05,Standard,34806.86
9766,Xavier Morales,kdouglas.9766@example.com,GB,2021-07-03,Premium,27260.34
9767,Patricia Mccormick,robertbrandt.9767@example.com,MT,2021-11-12,Basic,35288.31
9768,Ashley Rodriguez,jamie63.9768@example.com,PT,2021-08-05,Premium,15350.50
9769,Heather Drake,buchananamber.9769@example.com,LR,2022-08-10,Premium,28491.87
9770,Kimberly Herrera,agilbert.9770@example.com,HN,2023-02-13,Premium,34777.71
9771,Scott Hawkins,danielpeck.9771@example.com,TZ,2026-08-10,Basic,5714.26
9772,Robert Brooks,laurajenkins.9772@example.com,IQ,2024-12-26,Premium,27495.78
9773,Ashley Robinson,carl13.9773@example.com,MM,2026-07-21,Premium,34912.43
9774,Justin Hopkins,rhondajohnson.9774@example.com,FJ,2022-07-25,Premium,17837.33
9775,Matthew Simpson,caitlinbrown.9775@example.com,PK,2026-01-16,Premium,28591.09
9776,Nicholas Clarke,hyork.9776@example.com,KM,2023-05-01,Basic,28040.20
9777,Alexis Carr,herreraapril.9777@example.com,CD,2023-07-25,Basic,15889.06
9778,Sheri Rowe,elee.9778@example.com,MD,2023-06-30,Premium,12.84
9779,Kimberly Parsons,jordan53.9779@example.com,VE,2021-12-26,Standard,46241.57
9780,Kyle Jackson,christine73.9780@example.com,KE,2022-03-28,Basic,14884.72
9781,Bryan Green,david98.9781@example.com,FJ,2025-02-01,Premium,5493.46
9782,Stephanie Hayden,michelleallen.9782@example.com,CI,2025-09-06,Premium,42331.15
9783,Erik Ali,gardnerjill.9783@example.com,IS,2026-07-31,Basic,39869.13
9784,Cheryl Walters,lisa10.9784@example.com,WS,2025-04-13,Standard,18976.08
9785,Richard Lozano,boydjacqueline.9785@example.com,FR,2020-03-03,Basic,13693.54
9786,Amanda Howard,klinepamela.9786@example.com,BG,2021-03-06,Standard,23040.33
9787,Christopher Collins,rjoseph.9787@example.com,KR,2021-09-16,Premium,533.44
9788,Nicole Kim,spencer72.9788@example.com,GR,2022-07-02,Standard,30623.36
9789,Anthony Pruitt,larry13.9789@example.com,LT,2022-08-29,Standard,41991.23
9790,Joseph Collins,ericholland.9790@example.com,SC,2025-05-23,Standard,46518.56
9791,Brandon Barrett,schmidtapril.9791@example.com,CY,2020-03-07,Standard,4704.60
9792,Laura Johnson,julia28.9792@example.com,CA,2021-09-18,Basic,35582.51
9793,James Blanchard,jessicahall.9793@example.com,LV,2024-01-30,Standard,4251.90
9794,Robin Lopez,grahamalan.9794@example.com,BA,2026-02-04,Premium,37295.08
9795,David Whitehead,donnaellison.9795@example.com,EG,2024-07-09,Basic,45429.95
9796,Tammy Smith,mmcmillan.9796@example.com,BG,2022-02-02,Basic,13378.33
9797,Amanda Payne,wandrews.9797@example.com,AU,2024-02-29,Standard,31242.47
9798,Michael Herrera,katrina77.9798@example.com,MV,2026-08-15,Basic,35695.26
9799,Tony Arellano,jeffery44.9799@example.com,NL,2026-04-27,Basic,3040.14
9800,Christopher Torres,susantorres.9800@example.com,BT,2024-03-23,Basic,1198.45
9801,Benjamin Sanders,catherine34.9801@example.com,KM,2023-11-18,Premium,7092.45
9802,Jillian White,fdunn.9802@example.com,MD,2020-03-15,Premium,28990.65
9803,Lisa Anderson,sgutierrez.9803@example.com,SD,2021-04-14,Premium,29826.12
9804,Leah Johnson,robert86.9804@example.com,TR,2023-07-28,Premium,15074.02
9805,Walter Nelson,stanley84.9805@example.com,FJ,2023-05-31,Standard,576.31
9806,Sharon Norman,derek32.9806@example.com,ME,2020-01-29,Standard,32819.33
9807,Christopher Coffey,ulee.9807@example.com,VA,2024-05-27,Standard,12729.15
9808,Calvin Thompson,catherineruiz.9808@example.com,TO,2020-03-24,Premium,19356.62
9809,Olivia Rodriguez,racheladkins.9809@example.com,SA,2023-01-24,Standard,42982.16
9810,Patricia Rosario,jasonpatterson.9810@example.com,NI,2022-04-25,Premium,15133.04
9811,Shawn Keller,ogomez.9811@example.com,LC,2020-03-23,Premium,5785.52
9812,Brittany Jordan,gmorrow.9812@example.com,AR,2021-06-22,Basic,7149.93
9813,Barry Fernandez,jermaine40.9813@example.com,CY,2020-03-07,Premium,44745.89
9814,Alexandria Figueroa,kimberly02.9814@example.com,NP,2020-08-16,Standard,17647.61
9815,Wendy Goodwin,johnguzman.9815@example.com,GB,2023-03-09,Basic,30928.87
9816,Kathy Johnson,vrivera.9816@example.com,CZ,2026-07-07,Premium,46877.82
9817,Justin Charles,longdanielle.9817@example.com,VE,2021-04-17,Premium,48933.83
9818,Anna Bell,zmoore.9818@example.com,SO,2021-11-12,Basic,45707.11
9819,Kelly Santana,williamslauren.9819@example.com,AO,2023-10-02,Premium,44879.37
9820,Erika Bryant,marissanewton.9820@example.com,BI,2024-06-12,Premium,1513.44
9821,Matthew Knapp,shannon28.9821@example.com,KR,2024-08-06,Basic,14266.61
9822,Brian Davis,emilyacosta.9822@example.com,DK,2020-08-16,Standard,36266.83
9823,Megan Cole,stevenbarber.9823@example.com,BY,2025-09-22,Standard,15691.95
9824,Kelly Rojas,morantroy.9824@example.com,SE,2022-03-03,Premium,25550.70
9825,Joseph Cruz,mcconnellwilliam.9825@example.com,MZ,2023-10-28,Basic,48706.50
9826,Joel Harvey,ryan11.9826@example.com,LU,2024-04-15,Standard,15486.70
9827,Jason Rivas,colecorey.9827@example.com,GN,2026-04-19,Premium,9157.33
9828,Allen Payne,jacobdavis.9828@example.com,TH,2024-02-02,Standard,939.41
9829,Stephanie Hall,davisraymond.9829@example.com,MR,2025-01-02,Premium,47781.63
9830,Christina Morton,osimpson.9830@example.com,PW,2021-03-23,Standard,10313.61
9831,Amy Rogers,philipdixon.9831@example.com,KN,2024-02-03,Premium,18834.78
9832,Jeffery Smith,mark45.9832@example.com,NE,2023-03-17,Premium,4800.49
9833,Margaret Hernandez,xmiller.9833@example.com,VA,2026-06-23,Standard,16576.02
9834,Brandon Foster,waynebrewer.9834@example.com,NP,2023-08-06,Premium,49224.93
9835,Alvin Evans,tkelly.9835@example.com,NL,2025-08-12,Basic,30648.76
9836,Brian Wolf,janet68.9836@example.com,AL,2022-10-14,Basic,35960.18
9837,Shari Peterson,user@,JP,2025-12-14,Basic,24192.52
9838,Dana Whitaker,ryanpowers.9838@example.com,CN,2026-03-30,Premium,10340.47
9839,Leslie Shepherd,aaronmiddleton.9839@example.com,CM,2021-08-05,Premium,23225.08
9840,Bryan Rodriguez,rgarcia.9840@example.com,KZ,2025-08-07,Standard,26207.17
9841,David King,ddavis.9841@example.com,SV,2020-03-05,Basic,33892.43
9842,Lauren Brown,marywhite.9842@example.com,MH,2021-04-01,Basic,10009.75
9843,Danielle Johnston,richardwarren.9843@example.com,JO,2023-06-01,Basic,27958.37
9844,Marie Peterson,patricia75.9844@example.com,GN,2025-07-16,Premium,44641.84
9845,Corey Mcdowell,jefferymcdonald.9845@example.com,BO,2025-12-23,Standard,7347.42
9846,David Blanchard,owenstommy.9846@example.com,MN,2025-08-09,Standard,49131.24
9847,Michelle Davis,erica12.9847@example.com,KW,2025-05-15,Basic,28618.17
9848,Andrew Price,raymond04.9848@example.com,KH,2020-09-24,Standard,8964.80
9849,Kyle Flores,edwardsjoseph.9849@example.com,VU,2021-12-01,Standard,37831.11
9850,Michael Gaines,flarsen.9850@example.com,VU,2021-03-19,Basic,18997.47
9851,Jesse Clements,cparks.9851@example.com,LB,2022-02-26,Premium,23040.62
9852,Regina Jimenez,reedjeffery.9852@example.com,LV,2023-07-28,Basic,18894.32
9853,Darren Berg DVM,andrew77.9853@example.com,IN,2022-07-19,Basic,47806.58
9854,Tyler Leach,cyates.9854@example.com,GR,2020-10-08,Premium,35710.14
9855,Jennifer Bell,andrewbeck.9855@example.com,KE,2026-05-01,Standard,48543.95
9856,Olivia Bray,smithmatthew.9856@example.com,SI,2021-01-30,Standard,21817.51
9857,Dr. Daniel Ross,lauramanning.9857@example.com,GN,2026-08-15,Standard,23423.89
9858,Daniel Johnson,plewis.9858@example.com,KH,2023-09-05,Basic,30900.99
9859,Jonathan Turner,wmora.9859@example.com,HU,2025-06-15,Basic,30382.32
9860,Chris Williams,steven99.9860@example.com,AZ,2025-01-30,Basic,34875.31
9861,Kevin Collins,rogersbrian.9861@example.com,CL,2026-05-01,Premium,33088.97
9862,Tammy Olsen,vmorales.9862@example.com,FJ,2026-01-22,Premium,8852.40
9863,Tiffany Barton,mercedestaylor.9863@example.com,KR,2021-08-07,Premium,48863.51
9864,Christina King,coxvictoria.9864@example.com,NL,2025-02-16,Standard,2860.20
9865,Summer Warren,katherinemartin.9865@example.com,FI,2021-12-03,Premium,45186.52
9866,Victor Chung,brian29.9866@example.com,AM,2021-12-25,Basic,6201.60
9867,Mark Stephens,derek94.9867@example.com,BR,2025-07-24,Standard,41960.58
9868,Renee Davis,gdeleon.9868@example.com,ZA,2021-04-30,Basic,45496.76
9869,Joshua Hoffman,kelsey56.9869@example.com,IS,2024-09-28,Basic,4273.36
9870,Marcus Williams,herrerajessica.9870@example.com,DM,2026-06-26,Premium,10266.61
9871,Henry Jones,michaelcuevas.9871@example.com,BR,2024-06-22,Basic,34448.14
9872,Victoria Shields,roweshane.9872@example.com,ZA,2026-04-27,Premium,36633.29
9873,Kevin Mcintosh,angelabutler.9873@example.com,KP,2024-06-26,Premium,13720.45
9874,Larry Holmes,evansdavid.9874@example.com,BW,2021-10-13,Basic,30797.94
9875,Madison Herrera,kwiggins.9875@example.com,MC,2025-12-27,Basic,39221.61
9876,Kevin Rosales,kcarter.9876@example.com,ER,2023-07-05,Premium,40722.51
9877,John Hendricks,caitlyn20.9877@example.com,SG,2023-12-19,Basic,31193.36
9878,Jerome Jones,lbridges.9878@example.com,HU,2021-05-29,Standard,40056.11
9879,Charlene Thomas,martinhunt.9879@example.com,MW,2022-05-06,Premium,2405.24
9880,Morgan Terry,qprice.9880@example.com,LK,2022-06-09,Basic,32380.25
9881,Megan Lester,stokesandrea.9881@example.com,CA,2022-12-21,Standard,16095.43
9882,Christian Cordova,hornejoseph.9882@example.com,ME,2023-03-01,Basic,11315.35
9883,Kyle Gomez,john24.9883@example.com,SR,2022-06-28,Premium,7986.97
9884,Sherry Gallagher,brittney12.9884@example.com,BZ,2020-01-09,Standard,37384.17
9885,Benjamin Smith,zmonroe.9885@example.com,SC,2020-02-10,Premium,14212.27
9886,Joe Robbins,lynnmichael.9886@example.com,EC,2022-12-30,Basic,3740.92
9887,Troy Turner Jr.,lauradiaz.9887@example.com,SA,2025-12-17,Standard,7911.78
9888,Thomas Robinson,pachecokevin.9888@example.com,JM,2024-05-19,Premium,30868.32
9889,Cynthia Mitchell,aaron66.9889@example.com,MY,2022-02-08,Premium,8662.54
9890,Marcus Boyd,preynolds.9890@example.com,CY,2025-06-17,Basic,27490.35
9891,Brenda Valenzuela,jessicacox.9891@example.com,PL,2022-11-25,Basic,10319.22
9892,Laura Alexander,carterstanley.9892@example.com,BZ,2025-07-28,Basic,23742.17
9893,Melissa Walton,nmartinez.9893@example.com,ER,2023-01-04,Premium,25604.32
9894,George Kirk,zjohnson.9894@example.com,CG,2021-10-11,Standard,26442.85
9895,Daniel Dorsey,hbarrett.9895@example.com,EE,2023-04-30,Standard,47121.52
9896,Samuel Oconnell,jenniferadams.9896@example.com,BR,2024-12-04,Premium,23658.84
9897,Meghan Nguyen,walkernicholas.9897@example.com,HR,2021-03-03,Standard,45522.61
9898,Michael Schmidt,,TG,2022-08-17,Basic,18649.55
9899,Jessica Thompson,robin47.9899@example.com,TJ,2024-04-19,Standard,39808.83
9900,Charles Hobbs,stevenhayes.9900@example.com,SC,2022-07-03,Basic,19949.62
9901,William Davis,monique51.9901@example.com,DZ,2020-11-25,Basic,41650.23
9902,Erin White,jason97.9902@example.com,MY,2022-06-23,Premium,14837.91
9903,Timothy Miles,bowentyler.9903@example.com,LY,2021-09-25,Standard,39343.15
9904,Jennifer Stanton,vpatel.9904@example.com,KM,2022-01-01,Basic,20963.44
9905,Jessica Jones,fostermichelle.9905@example.com,LT,2021-03-30,Premium,26666.16
9906,Crystal Hernandez,elizabethhoward.9906@example.com,IL,2020-10-31,Basic,30400.54
9907,Jody Figueroa,mruiz.9907@example.com,AT,2022-04-30,Standard,49550.22
9908,Anthony Nelson,mluna.9908@example.com,CF,2021-06-23,Premium,1032.05
9909,Nicole Hogan,csavage.9909@example.com,AL,2020-04-20,Basic,16315.45
9910,Jim Williamson,kevin82.9910@example.com,FM,2024-04-13,Standard,22576.81
9911,Louis Horton,michael19.9911@example.com,CA,2022-07-05,Basic,25089.51
9912,Thomas Lopez,zhayden.9912@example.com,AE,2022-07-27,Basic,22952.85
9913,Robert Clay,michael33.9913@example.com,TZ,2025-06-23,Basic,22722.55
9914,David Oneal,sharpjeremy.9914@example.com,US,2026-02-24,Premium,43567.72
9915,Mrs. Shelby Smith,allisongraham.9915@example.com,BG,2020-10-12,Premium,30516.11
9916,Gary Luna,rachelchase.9916@example.com,TD,2021-04-10,Premium,45256.13
9917,Michele Brown,tmay.9917@example.com,DO,2021-04-10,Premium,46912.04
9918,Michelle Nolan,debrawallace.9918@example.com,AU,2020-01-14,Standard,37290.98
9919,Stephanie Bowman,moodyjeff.9919@example.com,CG,2025-02-19,Basic,2480.00
9920,Nicholas Day,paulsmith.9920@example.com,SY,2020-06-08,Basic,13268.63
9921,Ruth Cole,lisa75.9921@example.com,UY,2024-11-20,Basic,5451.68
9922,Ryan Morgan,christinawalker.9922@example.com,KG,2022-07-27,Standard,13942.60
9923,Kelly Bell,priscillavelasquez.9923@example.com,FM,2020-12-11,Premium,221.78
9924,Sandy Murray,michelle50.9924@example.com,BG,2026-08-21,Standard,18095.07
9925,Ashley Miller,goodwinmonica.9925@example.com,MT,2022-03-09,Basic,15612.31
9926,Julie Gallagher,ayalavincent.9926@example.com,BG,2025-12-23,Standard,29790.18
9927,Jared Nunez,richard32.9927@example.com,SE,2022-01-02,Basic,16853.85
9928,Mrs. Zoe Houston,robertcastillo.9928@example.com,SO,2023-01-12,Premium,22336.23
9929,Angela Johnson,jjennings.9929@example.com,ER,2022-11-26,Standard,3986.18
9930,Mark Alvarez,benjamin18.9930@example.com,CV,2024-03-07,Standard,16523.41
9931,Edward Reyes,suzanne41.9931@example.com,AT,2020-12-12,Basic,45954.56
9932,Wendy Howell,martha35.9932@example.com,NE,2020-11-08,Standard,23340.33
9933,Brianna Nelson,melissajones.9933@example.com,AE,2025-10-14,Standard,26488.19
9934,Maurice Bailey,bowerschristopher.9934@example.com,KP,2022-04-12,Basic,7973.52
9935,Ashley Callahan,darlene40.9935@example.com,DM,2026-08-08,Basic,15525.93
9936,Justin Green,jeffrey91.9936@example.com,TW,2025-05-07,Basic,34548.49
9937,Walter Hernandez,anthonyaaron.9937@example.com,KE,2025-10-28,Premium,25022.48
9938,Maria Hernandez,osborneric.9938@example.com,VE,2021-10-02,Basic,35077.01
9939,Jared Scott,jonesrandy.9939@example.com,BF,2024-09-26,Premium,29828.18
9940,Erika Martinez,johnmartinez.9940@example.com,MY,2022-01-18,Standard,30433.56
9941,Joshua Wood,powellsylvia.9941@example.com,MN,2020-06-15,Basic,1472.33
9942,Michael Wang,richardbates.9942@example.com,GH,2024-08-13,Basic,43337.68
9943,Cindy Conway,stephanieleon.9943@example.com,PK,2026-08-19,Premium,33682.25
9944,Joel Schaefer,bbanks.9944@example.com,LC,2021-05-13,Standard,26654.35
9945,Robert Chandler,joshua36.9945@example.com,PY,2025-01-08,Premium,3065.83
9946,Chad Adams,nelsonruth.9946@example.com,EG,2023-08-27,Standard,32707.26
9947,Brittney Richards,christopher47.9947@example.com,NA,2021-08-04,Standard,27593.00
9948,Jesus Hale,davidsimon.9948@example.com,ZM,2024-01-28,Basic,25748.71
9949,Michael Mitchell,chrisgeorge.9949@example.com,SY,2026-05-29,Premium,5585.07
9950,Stephanie Wilson,nicolemarshall.9950@example.com,DM,2024-02-22,Basic,7310.59
9951,Nicole Williams,melendezstacey.9951@example.com,BS,2020-07-10,Premium,32400.48
9952,Ashley Jones,ashley59.9952@example.com,GD,2022-05-15,Premium,506.29
9953,Theresa Richard,zwilliams.9953@example.com,SY,2022-03-15,Basic,20742.64
9954,Christina Wallace,nthomas.9954@example.com,TT,2020-02-03,Standard,17948.54
9955,Denise Gomez,christopherwu.9955@example.com,CA,2025-09-30,Basic,34756.29
9956,Anthony Robinson,luiswallace.9956@example.com,SI,2025-10-15,Basic,39052.73
9957,Jonathan Franco,zachary14.9957@example.com,LA,2023-04-22,Standard,17158.77
9958,Miranda Castro,vwilson.9958@example.com,HR,2020-04-04,Standard,45288.46
9959,Kristina Lewis,rbailey.9959@example.com,LU,2025-11-22,Premium,46866.31
9960,Deanna Miller,maryoconnell.9960@example.com,KI,2023-11-14,Premium,14120.12
9961,John Gross,katieduran.9961@example.com,LA,2022-09-19,Standard,30981.24
9962,Andrea Contreras,hannahrivera.9962@example.com,TV,2023-08-15,Standard,32429.83
9963,Frank Webb,alejandra43.9963@example.com,BR,2023-11-20,Standard,37085.72
9964,Michael Mason,jodi64.9964@example.com,SG,2020-07-17,Basic,40211.00
9965,Gina Jackson,emmareynolds.9965@example.com,BI,2025-05-10,Premium,28102.54
9966,Hannah Kelley,jrodriguez.9966@example.com,PT,2024-08-24,Premium,47984.44
9967,Kenneth Turner,frobinson.9967@example.com,VA,2022-06-03,Basic,19120.35
9968,Jeffrey Salazar,matthewssylvia.9968@example.com,CD,2023-05-03,Basic,1331.60
9969,Regina Bernard,villarrealtony.9969@example.com,MX,2025-06-20,Premium,45726.54
9970,Aaron Acosta,millerbrooke.9970@example.com,CA,2025-12-04,Standard,37449.79
9971,Nichole Marsh,jennifer72.9971@example.com,SK,2026-03-17,Standard,29464.82
9972,Roger Moore,rlopez.9972@example.com,GH,2024-04-29,Standard,16536.42
9973,Marissa Mckenzie,mshannon.9973@example.com,MY,2020-10-24,Standard,46263.01
9974,Scott Lopez,david53.9974@example.com,CI,2021-07-12,Basic,47838.40
9975,Samuel Landry,xharrington.9975@example.com,IE,2024-05-09,Premium,37027.20
9976,Karl Lynch,laura64.9976@example.com,HU,2020-11-22,Basic,1334.33
9977,Gwendolyn Daugherty,george79.9977@example.com,MN,2022-02-05,Standard,35809.63
9978,Joshua Simmons,kylerichards.9978@example.com,GT,2025-02-10,Premium,44854.66
9979,Gary Ross,ericmolina.9979@example.com,ET,2020-08-14,Basic,17860.54
9980,James Robinson,deborah54.9980@example.com,RW,2020-01-09,Basic,36689.77
9981,Thomas Knox,jefferyvang.9981@example.com,GW,2020-10-15,Premium,37719.24
9982,Lauren Moore MD,diazmichael.9982@example.com,DM,2024-03-01,Standard,38904.69
9983,Cameron Davis,taramendez.9983@example.com,MY,2026-03-26,Standard,28458.15
9984,Tom Pope,melissawilson.9984@example.com,SV,2020-02-23,Basic,48021.50
9985,Rebecca Ray,,IR,2025-07-27,Basic,20974.83
9986,Mrs. Kaitlin Shepherd,davidryan.9986@example.com,SC,2024-10-10,Basic,24200.99
9987,Christopher Sanders,wstephenson.9987@example.com,AO,2023-04-14,Basic,33069.56
9988,Taylor Briggs,williammalone.9988@example.com,TG,2021-11-27,Standard,9575.28
9989,Aaron Warren,jodi14.9989@example.com,DZ,2025-11-16,Premium,22716.16
9990,Crystal Hernandez,sarah95.9990@example.com,PT,2025-08-18,Basic,45454.85
9991,Danielle Johnson,user@example,VU,2024-11-30,Standard,40550.47
9992,Jennifer Robinson,michael21.9992@example.com,VN,2024-07-02,Standard,15244.56
9993,Donald King,ruizlisa.9993@example.com,AU,2025-04-03,Premium,24286.60
9994,Angela Martinez,gmata.9994@example.com,KE,2024-06-06,Standard,17150.26
9995,Jacob Hudson,lisa64.9995@example.com,EE,2025-10-02,Premium,21349.74
9996,Lisa Edwards,melanie71.9996@example.com,MM,2026-07-25,Premium,20468.40
9997,Stacy Burke DDS,icook.9997@example.com,AG,2025-04-16,Standard,35790.75
9998,Raymond Daniel,courtney40.9998@example.com,MR,2025-07-26,Standard,27619.68
9999,William Patel,julie71.9999@example.com,AU,2025-06-09,Standard,35239.04
10000,Mary Russo,clarkkaren.10000@example.com,MA,2025-10-13,Basic,33771.91
